522 452 578 443 633 453 669 467 705 475 608 448 653 517 678 556 697 586 565 467 625 560 652 575 665 576 527 491 584 574 612 586 626 586 495 515 544 576 572 584 585 581 
519 452 573 441 627 452 664 462 701 471 605 452 652 515 680 555 697 586 562 472 626 565 650 580 662 577 523 494 579 575 599 578 605 569 488 514 535 575 553 575 557 566 
520 449 575 441 631 452 666 464 701 472 605 449 651 516 679 557 696 587 560 469 624 568 650 586 661 585 521 492 581 577 604 586 612 581 488 511 536 574 556 577 562 569 
520 450 575 442 630 453 665 463 700 472 605 450 652 517 680 557 697 587 561 471 624 568 647 585 655 583 521 494 580 578 601 586 606 580 488 513 538 576 558 579 561 570 
520 448 575 440 630 452 666 463 701 472 605 448 653 515 680 557 697 587 561 470 623 567 649 588 660 590 522 493 581 578 604 591 613 588 489 512 537 576 558 581 564 575 
519 448 575 440 630 452 666 464 701 472 605 449 653 517 680 558 696 587 561 470 623 567 648 586 658 586 522 493 581 578 604 589 611 586 489 513 538 576 559 582 565 575 
520 448 575 440 630 452 666 463 702 471 605 449 653 516 680 558 696 588 561 470 623 567 648 588 659 590 522 493 580 578 604 592 612 590 489 513 537 576 557 583 563 577 
518 447 574 439 630 451 667 463 702 471 605 449 653 517 680 558 697 587 561 470 622 566 648 586 660 586 522 493 580 577 604 590 613 587 490 513 538 575 559 581 567 575 
520 449 575 441 631 452 667 463 701 470 605 450 653 517 680 557 697 587 561 471 624 568 647 585 655 582 522 494 580 578 601 586 606 581 489 513 537 576 558 579 562 570 
520 448 576 441 632 453 668 464 701 470 605 449 652 516 680 556 697 586 561 470 623 566 648 585 659 584 522 493 580 577 603 588 610 584 489 513 538 576 558 581 564 574 
519 447 575 441 630 454 667 464 700 468 605 448 652 515 679 556 696 586 561 469 622 565 647 584 657 584 521 492 579 577 602 589 610 586 488 513 536 576 557 582 564 577 
517 448 572 441 629 453 666 463 700 466 604 447 651 515 678 557 694 587 560 469 621 566 646 587 655 587 520 492 577 577 600 592 607 591 487 512 535 576 557 584 563 580 
518 447 573 440 630 451 666 461 702 466 604 447 652 517 679 559 696 590 559 468 623 567 650 588 661 590 520 491 579 578 603 593 612 592 487 511 536 576 558 584 565 581 
514 426 573 418 628 429 667 434 703 432 602 416 647 488 675 535 688 566 556 439 618 532 641 552 644 544 519 467 579 552 602 563 605 547 489 491 541 559 567 567 574 557 
511 412 565 403 620 411 660 417 695 410 598 390 644 454 670 501 683 535 554 412 612 500 636 526 641 526 515 442 574 524 598 542 604 533 485 470 535 536 561 554 573 551 
485 386 545 376 605 387 650 395 688 385 586 363 633 423 659 467 674 499 545 386 603 472 621 496 622 498 508 417 563 494 583 512 588 510 480 449 527 509 549 525 560 525 
471 364 528 351 589 359 636 368 677 358 570 341 620 393 644 433 659 465 533 363 586 436 604 464 609 473 497 393 550 465 572 483 580 484 467 428 517 485 539 497 550 496 
472 404 510 372 551 346 591 327 615 299 560 379 581 368 576 356 574 352 541 406 559 398 549 385 542 382 518 430 536 426 529 412 522 407 494 452 506 446 506 437 509 433 
466 347 512 330 548 316 579 310 606 292 529 307 546 324 564 350 578 369 495 331 511 360 529 382 542 391 465 360 484 389 506 409 524 418 440 390 455 414 472 427 491 433 
440 306 500 310 548 310 581 303 607 282 510 261 540 282 558 327 568 365 467 270 492 311 513 366 526 403 431 293 449 344 476 390 496 419 406 326 415 373 438 409 457 431 
438 346 501 332 545 314 569 295 594 273 515 257 537 273 552 320 562 359 465 268 485 304 510 359 527 397 424 293 442 339 472 389 492 423 394 325 405 371 432 411 453 435 
459 350 512 339 547 318 571 297 599 274 517 253 534 277 550 323 562 361 465 265 483 301 509 362 529 406 422 292 439 334 472 389 497 426 391 325 403 366 432 406 455 433 
463 355 509 338 545 314 570 294 596 274 503 247 531 273 551 322 563 363 455 265 482 302 510 358 528 399 415 295 438 333 471 386 496 423 387 331 403 364 434 401 456 426 
462 344 506 331 543 311 571 294 595 276 500 251 528 277 547 325 561 365 452 265 479 302 505 359 524 400 413 291 434 327 466 383 490 421 385 322 395 357 424 397 446 424 
453 334 499 322 538 307 566 293 592 274 498 248 523 278 540 326 554 365 450 262 473 300 498 358 516 400 410 288 426 324 458 382 483 421 380 319 389 356 417 397 439 425 
445 349 487 337 520 309 542 286 565 259 476 235 494 261 510 311 520 352 427 246 441 281 465 341 482 384 387 272 396 307 425 364 448 404 358 306 362 337 388 376 409 404 
438 347 484 339 516 312 536 288 558 258 474 234 487 262 502 310 513 351 424 244 433 278 454 339 472 384 383 269 388 305 415 366 438 407 351 302 352 335 377 377 397 405 
433 350 479 343 512 317 532 292 553 263 471 239 479 267 494 315 505 355 421 248 427 285 448 344 465 387 379 273 382 310 409 370 433 411 347 306 347 339 373 383 394 411 
426 354 472 347 508 323 528 299 549 270 468 244 475 272 488 321 498 362 417 253 422 291 442 351 458 395 375 277 378 316 404 376 427 417 343 309 343 345 367 388 388 417 
412 347 458 344 492 323 514 303 537 275 453 250 461 277 471 328 478 370 402 259 404 298 423 360 438 405 360 282 360 321 385 381 405 422 328 312 325 348 347 392 366 421 
405 352 452 350 486 328 508 306 528 276 448 249 451 278 461 329 468 371 396 256 395 295 412 357 427 404 353 279 350 319 374 380 395 422 321 309 316 345 338 390 357 418 
399 351 446 348 480 325 500 304 518 276 437 251 439 279 449 330 457 373 386 261 382 299 400 361 416 406 344 285 340 325 364 382 385 423 312 315 306 349 327 392 346 421 
391 352 439 352 474 332 493 309 510 279 430 254 429 285 438 336 445 377 378 263 373 304 389 366 405 411 336 285 330 329 353 386 375 427 305 314 297 352 319 395 339 424 
382 355 428 356 465 346 484 330 491 303 415 272 410 316 415 366 422 404 362 282 355 329 368 387 383 432 321 303 313 352 333 407 355 447 291 332 281 374 303 416 324 447 
382 355 432 359 467 351 485 339 497 311 417 279 411 319 415 370 418 412 364 286 354 333 366 397 380 444 322 305 311 356 330 413 351 456 292 331 279 374 299 419 321 451 
389 358 437 363 471 356 487 345 498 319 418 286 410 329 414 381 417 423 365 292 352 343 364 407 378 454 324 311 310 364 328 422 347 464 294 337 279 380 299 426 319 459 
397 344 444 352 476 357 501 372 524 389 430 342 423 388 417 438 412 482 377 349 350 392 346 449 350 493 336 358 311 402 312 456 320 494 307 370 281 405 283 448 291 482 
422 349 468 360 498 371 517 382 544 400 439 363 429 421 426 470 425 507 386 369 356 406 355 465 367 507 347 380 316 410 318 467 332 507 321 391 286 413 285 452 298 483 
426 347 481 362 518 383 541 405 570 426 453 376 448 435 441 484 434 521 397 381 366 421 359 474 368 511 359 389 328 423 327 475 338 511 334 399 299 424 291 460 299 490 
459 379 516 409 548 441 566 476 583 509 495 443 479 505 464 559 452 603 439 431 400 483 382 544 375 592 398 429 364 471 351 527 349 568 373 435 331 467 314 506 310 541 
452 377 521 410 563 456 592 490 625 512 501 463 482 520 467 568 452 609 445 451 408 508 390 560 378 606 405 445 365 490 354 538 350 578 377 441 333 476 319 510 316 546 
450 376 521 413 562 464 593 502 628 519 497 468 475 529 459 575 443 614 440 457 399 519 382 568 370 608 400 451 356 504 346 549 344 589 372 446 329 485 317 518 315 552 
443 377 512 420 553 475 585 514 622 533 492 477 468 540 451 588 435 627 433 463 391 528 373 577 359 616 391 455 349 512 340 557 341 594 362 448 319 490 310 523 313 555 
443 385 512 424 554 477 584 517 621 536 489 482 470 545 455 590 440 629 430 468 390 532 375 579 365 617 389 459 347 515 337 559 337 596 360 450 319 492 309 526 311 558 
443 388 513 425 555 478 586 517 623 536 488 481 472 545 457 591 443 629 430 468 393 531 376 578 365 618 389 458 351 512 339 557 336 596 362 450 322 489 311 523 312 557 
453 392 520 430 562 481 592 520 630 539 496 487 476 553 458 599 442 638 439 471 397 534 378 580 366 619 398 459 355 513 340 557 336 594 370 449 326 489 313 523 312 557 
455 395 523 431 565 483 596 521 632 540 496 490 477 553 460 599 443 638 439 474 401 533 379 579 362 619 399 461 359 511 343 554 335 592 372 450 331 487 317 519 313 553 
456 392 525 429 566 483 596 524 635 543 499 488 478 551 460 597 443 637 441 473 400 533 378 580 363 620 399 461 358 512 344 556 339 594 371 450 330 488 317 522 315 556 
456 389 524 426 566 481 596 522 633 543 497 488 478 552 460 598 444 638 441 473 402 533 380 581 363 621 401 460 360 512 345 556 338 594 373 450 331 488 318 522 315 556 
457 394 526 429 567 482 596 523 633 543 500 487 478 551 460 598 442 638 443 472 401 534 379 581 362 621 402 460 358 513 344 557 338 594 374 451 331 489 318 523 315 557 
458 395 527 429 568 484 596 525 632 544 501 490 479 552 461 598 444 637 444 475 404 533 381 580 362 621 404 463 361 512 345 555 337 593 376 453 333 489 319 522 315 556 
458 392 527 429 567 484 595 525 631 545 502 489 480 550 461 596 444 635 445 474 403 532 379 580 361 620 404 462 361 511 346 554 339 591 376 452 334 487 320 520 316 553 
459 394 527 430 567 484 594 525 629 547 502 487 480 550 461 597 444 637 446 473 403 532 380 581 361 621 405 461 362 512 346 556 338 594 376 452 334 488 320 520 316 554 
456 393 524 432 564 487 590 529 625 550 502 489 480 553 462 598 445 638 445 474 403 534 380 581 362 621 404 462 362 513 346 557 338 594 375 452 332 488 319 521 315 556 
457 395 524 433 565 488 592 530 628 550 501 489 481 552 462 598 445 637 445 474 403 534 379 581 361 621 404 462 363 513 346 557 338 594 375 453 333 490 319 523 315 556 
457 397 525 434 565 489 592 530 628 551 502 489 481 552 463 598 446 638 445 474 404 533 380 581 361 622 405 463 363 512 347 557 338 595 375 453 333 489 320 522 315 556 
452 398 520 436 561 489 589 530 626 551 499 490 480 551 463 597 446 636 442 475 403 534 380 581 362 621 400 464 362 513 346 557 339 595 371 455 331 490 319 523 316 557 
453 400 521 437 563 490 592 530 628 549 501 491 481 552 462 597 445 636 444 475 404 534 380 581 362 621 403 464 363 513 346 557 339 595 373 455 332 491 319 524 316 557 
452 399 521 437 562 490 591 529 629 549 501 490 481 552 462 598 444 637 444 475 403 535 379 583 362 623 402 464 361 515 345 558 339 596 373 455 332 493 320 525 317 558 
451 400 520 438 562 492 593 530 631 549 500 491 481 553 462 598 445 637 443 475 403 534 379 582 362 622 402 464 361 513 346 557 339 595 373 455 333 492 320 524 317 558 
453 401 521 440 563 494 593 532 631 551 501 493 481 555 462 600 445 638 444 477 403 537 380 584 363 623 403 465 361 515 346 558 340 595 374 455 333 493 320 525 317 558 
452 399 520 439 562 492 593 531 631 550 501 493 481 555 463 600 446 639 444 478 404 537 381 583 363 622 402 466 362 516 347 558 340 595 373 456 333 494 320 526 317 559 
452 398 521 439 563 493 593 532 631 551 501 494 482 555 464 600 446 638 444 478 405 537 381 583 363 622 402 466 362 517 347 558 341 594 373 456 333 494 320 526 317 559 
452 402 521 441 563 494 593 532 630 552 500 494 481 555 464 600 446 639 443 478 404 537 381 583 363 622 402 466 361 516 346 558 340 594 373 456 332 494 320 525 317 558 
450 402 519 441 562 494 594 532 631 552 499 493 480 555 463 600 445 639 442 477 403 536 380 582 363 622 401 465 361 514 346 557 340 594 372 456 333 493 320 525 317 558 
450 403 519 444 562 498 594 538 632 561 499 495 480 557 463 601 446 639 442 479 403 539 381 584 364 623 401 466 362 517 347 559 341 595 372 456 333 493 321 525 317 557 
449 403 518 444 562 500 595 539 633 562 499 496 480 557 463 602 446 640 442 479 402 540 379 585 363 623 400 467 360 520 346 561 341 596 371 456 332 496 320 527 318 559 
449 404 518 445 563 500 595 539 633 562 500 497 481 557 463 601 446 640 442 480 403 541 381 586 364 624 400 467 360 520 346 561 341 595 371 456 331 496 319 526 318 557 
450 407 519 447 563 502 595 540 633 562 499 497 481 558 464 602 447 640 442 480 402 541 380 586 365 624 400 468 359 521 345 562 341 598 371 458 331 496 318 527 316 559 
451 407 518 447 562 501 595 539 633 561 499 498 481 558 464 601 448 639 443 480 403 541 381 586 365 624 401 467 360 519 345 560 340 596 373 457 332 495 319 526 316 557 
450 407 517 448 561 503 595 540 634 562 499 499 480 560 464 603 447 640 442 482 403 542 381 587 366 624 401 468 361 522 346 563 342 598 372 458 332 496 320 527 318 558 
450 408 518 449 561 503 594 540 633 562 499 499 479 558 462 601 446 639 441 481 402 542 380 586 365 625 400 468 359 521 345 561 340 597 371 458 331 495 318 525 316 557 
449 406 516 447 559 503 592 541 631 561 500 499 480 559 463 602 447 638 442 481 401 543 379 587 365 624 400 467 357 522 344 563 341 597 371 457 331 498 319 528 318 559 
451 409 518 450 561 504 594 540 632 563 500 499 481 559 464 602 447 640 442 481 404 540 381 584 365 623 401 468 361 519 345 560 340 596 372 457 332 494 319 524 316 556 
450 409 516 449 559 503 591 540 630 559 500 499 480 558 463 601 447 638 442 481 403 543 381 586 366 624 400 468 360 522 346 562 342 598 370 457 332 496 320 527 318 558 
451 410 517 451 559 505 592 541 631 562 499 500 480 559 463 602 447 640 442 481 403 540 382 584 366 623 401 468 360 519 346 560 341 597 372 457 332 493 319 523 316 556 
449 408 514 449 556 503 589 539 628 559 498 497 480 557 462 600 446 638 441 479 401 541 380 585 365 623 398 466 357 521 345 562 341 598 368 456 329 496 319 527 318 559 
448 406 514 447 557 503 590 541 629 560 498 497 480 557 462 600 446 638 441 478 400 540 380 585 365 623 399 466 357 520 344 562 341 598 370 456 330 497 319 529 319 560 
449 411 515 451 558 504 591 539 629 562 498 498 480 557 463 601 447 639 441 480 402 540 380 585 365 623 399 467 359 519 345 560 341 596 370 457 331 495 318 525 316 557 
450 409 515 450 558 504 592 540 630 558 498 499 480 557 463 600 446 638 441 480 402 541 381 585 365 624 400 467 360 519 345 560 340 596 371 457 331 494 319 525 316 558 
449 406 515 448 558 503 592 540 630 559 498 497 480 557 463 601 446 638 441 479 402 541 380 585 365 623 400 466 359 519 345 560 341 596 370 456 331 494 319 526 317 558 
450 409 515 450 558 504 592 539 630 559 498 498 480 558 463 601 446 639 441 480 401 540 380 585 365 623 399 466 359 520 345 562 341 597 370 456 331 495 319 527 318 558 
449 408 515 449 558 503 591 538 629 557 498 498 479 557 463 600 446 637 440 480 401 542 380 586 365 623 399 467 358 521 345 561 341 597 370 457 331 496 319 527 317 558 
448 409 515 449 559 502 592 538 630 557 497 497 479 557 462 600 446 638 440 479 401 541 380 585 364 623 398 467 359 520 345 561 341 597 370 457 331 496 319 527 317 558 
449 409 515 449 558 502 592 538 630 556 498 497 479 557 462 601 446 638 441 480 401 541 379 586 364 623 399 467 358 520 345 561 341 596 370 457 331 496 319 527 317 558 
450 406 516 448 559 502 593 539 632 557 498 498 479 557 462 600 446 638 441 480 402 541 380 585 364 623 400 466 359 519 344 560 340 596 371 456 332 494 319 525 317 557 
449 407 516 448 560 504 593 540 632 558 499 497 480 557 463 601 446 638 442 479 402 541 380 586 364 623 400 466 359 520 345 562 341 597 370 456 331 495 319 526 317 558 
451 408 517 450 560 504 593 540 631 559 498 498 480 558 463 601 447 639 441 480 403 539 381 584 364 623 399 466 360 518 345 559 340 596 370 456 332 493 319 524 316 557 
449 408 516 449 559 503 592 540 631 560 499 498 480 558 462 601 446 638 441 479 401 541 380 585 365 623 399 467 357 521 344 563 341 599 370 458 331 498 320 529 320 560 
451 410 517 453 560 507 593 542 632 562 499 500 480 558 463 600 447 638 442 481 404 538 382 582 365 622 400 467 361 517 345 557 340 595 370 456 332 492 319 523 315 556 
452 409 517 451 560 505 593 542 631 561 499 500 480 558 463 600 446 637 442 481 402 542 381 586 365 623 401 467 359 521 345 561 340 597 371 457 333 496 321 527 318 558 
452 410 518 453 560 507 592 543 630 561 500 500 480 558 462 600 445 637 443 481 403 542 381 585 365 623 401 468 360 520 346 561 342 597 371 457 333 495 321 526 318 558 
452 413 517 454 559 508 592 544 631 563 499 501 479 558 462 600 446 637 442 482 403 540 382 584 366 622 401 468 361 519 347 560 342 596 372 458 333 495 321 525 319 558 
450 411 515 453 557 507 591 543 630 562 498 501 479 557 462 600 446 637 440 482 401 542 380 585 365 622 398 469 358 521 345 562 342 598 368 458 331 497 320 528 319 560 
447 408 512 451 555 507 590 544 630 563 496 499 479 558 463 601 447 638 438 480 399 542 379 586 365 623 396 467 356 522 344 564 342 600 366 458 328 498 318 528 318 560 
449 409 513 451 556 506 590 543 629 562 496 497 479 556 464 599 448 637 438 479 400 539 380 582 366 621 397 466 357 518 344 559 341 596 368 457 330 496 319 527 318 559 
448 410 512 452 555 507 590 543 630 562 497 497 480 556 463 599 447 637 438 478 401 538 380 582 365 620 396 465 358 516 344 558 340 595 367 457 330 495 319 526 318 558 
449 409 513 453 556 508 590 544 630 562 497 498 480 557 463 600 447 638 439 479 401 540 380 584 366 622 397 466 357 519 344 561 341 598 368 457 330 496 319 527 319 559 
449 412 515 454 557 509 591 545 631 562 498 502 479 558 462 600 445 637 439 482 402 540 381 583 365 621 398 469 359 519 345 559 341 596 369 459 331 497 320 527 319 559 
451 415 516 457 557 510 592 545 630 564 497 502 478 558 462 599 446 636 440 482 403 540 382 583 366 621 399 469 360 518 346 558 341 595 371 458 333 494 320 524 316 556 
451 413 514 456 556 510 591 546 629 566 498 502 479 558 462 600 446 637 441 482 403 540 382 583 367 620 399 468 360 518 346 559 341 596 370 458 333 495 321 526 318 558 
451 415 513 458 555 511 590 546 628 568 497 502 479 558 462 599 446 636 440 482 403 540 382 583 366 621 399 468 360 518 346 559 341 595 369 458 332 494 320 525 317 557 
450 414 513 457 555 511 589 546 628 566 497 501 479 558 463 600 447 637 440 481 402 539 381 582 366 620 398 467 359 517 345 558 340 594 368 457 331 495 320 525 318 557 
451 412 514 455 556 510 590 546 628 566 497 501 479 557 462 599 446 637 440 481 402 539 381 582 366 620 398 468 358 518 344 558 340 594 369 458 331 495 320 526 318 557 
450 413 513 456 555 511 590 546 628 566 497 501 479 558 463 599 446 637 439 482 403 538 381 580 365 619 397 468 360 515 345 555 339 591 368 458 333 494 321 524 317 556 
450 415 513 458 555 513 590 548 629 566 498 502 479 557 462 599 445 636 440 482 403 538 382 581 366 620 398 468 360 516 346 557 340 594 369 459 333 495 321 525 318 557 
452 416 514 459 556 513 591 547 630 568 498 502 479 557 462 599 446 636 441 482 403 539 382 582 367 620 400 468 360 517 346 558 342 595 370 458 333 493 321 525 318 557 
452 412 514 457 555 512 590 547 629 568 498 502 479 558 462 600 446 636 442 482 403 541 381 583 366 621 399 468 360 519 346 559 341 595 370 457 332 495 321 525 318 557 
450 415 513 459 555 513 591 548 630 569 498 502 479 557 463 599 447 636 441 482 402 539 381 582 367 620 399 468 359 518 346 559 342 595 369 458 332 495 321 525 319 557 
452 413 514 457 556 513 591 549 629 572 500 501 482 557 466 600 450 637 443 481 403 539 382 582 367 621 400 467 360 517 345 558 340 594 371 456 333 493 321 523 317 555 
452 413 514 458 556 513 591 549 630 571 500 501 482 557 466 600 451 637 442 481 403 540 382 583 367 621 400 467 361 517 346 558 341 594 370 456 333 494 321 525 318 557 
453 412 514 457 556 513 591 550 630 571 501 500 483 557 467 600 451 637 443 481 404 540 382 583 367 621 401 467 361 518 347 559 342 595 371 457 334 494 322 525 319 557 
457 409 520 451 561 507 594 544 634 565 504 497 484 556 467 599 450 636 447 478 405 538 382 582 366 621 405 465 363 517 347 559 341 595 376 456 336 494 322 525 319 557 
458 406 522 450 563 506 596 544 636 563 506 496 485 555 466 598 449 635 448 478 406 537 382 582 365 620 405 464 363 515 347 556 341 592 376 455 335 493 323 525 320 557 
461 405 526 447 567 504 599 542 638 561 507 495 486 555 467 598 450 636 450 477 407 536 382 582 364 621 408 464 365 514 348 554 340 591 379 454 338 491 323 522 318 554 
463 406 529 448 570 504 602 543 641 560 508 496 487 555 467 598 450 636 451 477 409 535 383 581 364 620 410 464 368 512 350 553 341 589 381 455 340 491 325 522 319 555 
469 404 533 446 574 504 605 543 644 562 513 495 491 555 471 598 452 636 456 477 412 535 386 580 365 619 415 464 371 511 352 551 341 588 386 455 343 490 327 521 318 553 
469 404 533 446 574 504 604 544 643 566 515 494 492 554 472 598 453 636 458 475 414 534 387 580 367 619 416 462 372 510 352 550 342 586 386 453 342 489 326 521 319 553 
470 403 533 447 573 504 604 543 641 564 515 494 492 555 472 599 453 637 457 475 413 535 386 581 366 619 415 462 371 511 352 551 343 586 385 453 341 489 325 521 317 552 
471 400 533 444 572 504 601 544 639 564 516 492 492 554 472 599 453 637 459 473 415 532 387 578 367 618 416 459 373 507 353 548 341 585 387 450 343 486 325 518 316 551 
471 404 535 447 574 505 604 544 642 562 515 493 493 554 472 598 453 635 458 475 414 533 388 579 368 618 416 462 373 509 353 550 342 587 387 453 343 487 326 518 316 551 
473 406 537 448 576 505 608 542 646 561 517 495 493 555 472 598 453 636 461 476 416 532 389 578 368 618 419 462 374 508 354 549 342 587 390 452 346 486 328 518 318 551 
474 406 537 449 576 505 606 543 645 560 517 497 493 556 472 599 453 637 461 477 418 535 390 580 368 620 420 462 375 509 355 549 342 586 390 452 346 487 328 518 318 551 
474 407 536 449 575 506 606 543 645 562 517 496 493 556 472 599 453 637 461 476 418 533 390 579 368 619 420 462 376 509 355 549 342 585 391 453 347 487 329 518 318 551 
473 409 535 451 575 508 606 545 645 565 516 499 492 557 471 600 452 638 460 478 417 535 389 580 368 619 419 463 375 509 354 549 342 586 390 453 346 487 328 518 317 551 
473 410 536 451 575 507 606 545 644 564 515 497 492 556 471 600 452 638 460 477 417 534 389 580 367 620 419 463 376 509 355 549 343 586 390 454 347 488 329 518 318 551 
472 411 534 452 574 508 606 544 644 563 514 499 492 557 471 600 452 637 459 478 417 534 389 580 367 620 419 463 375 509 355 548 343 585 389 454 346 487 329 517 318 550 
470 410 531 452 570 506 602 543 642 562 513 498 490 555 471 598 452 637 459 478 416 535 389 580 367 620 418 464 375 510 355 550 342 586 388 454 346 488 328 518 318 551 
470 413 532 454 572 508 603 545 641 564 513 499 490 556 470 599 450 637 457 478 415 534 388 579 366 619 416 464 373 510 354 549 342 586 387 455 344 489 328 520 318 553 
468 411 531 452 570 506 601 544 640 563 512 498 489 555 469 599 451 637 456 478 414 534 387 579 367 619 415 465 372 510 353 551 342 588 386 456 344 489 328 520 320 553 
468 412 531 454 571 509 602 546 640 566 511 500 489 557 469 599 451 637 456 480 415 536 387 580 366 620 415 466 373 511 353 550 342 586 386 456 344 490 328 520 319 552 
468 413 530 454 569 508 601 545 639 566 511 499 489 556 469 598 451 636 455 479 413 535 387 580 366 620 415 466 372 511 353 551 343 589 386 457 344 490 327 520 319 553 
467 414 530 455 569 509 601 547 639 568 511 499 489 556 470 599 451 636 455 480 413 535 387 579 366 619 414 466 372 511 353 551 342 588 385 457 344 490 328 520 320 553 
468 412 530 455 570 510 601 548 639 569 511 500 489 557 470 599 452 637 455 480 413 536 387 580 366 620 415 466 372 512 353 552 343 589 386 457 344 489 328 520 319 553 
467 415 529 457 568 510 598 547 634 570 510 501 488 558 469 599 452 637 454 481 412 536 386 580 366 620 413 467 371 512 353 552 343 588 384 458 343 490 327 520 319 553 
467 412 529 454 568 510 598 548 635 569 511 499 489 557 470 599 451 637 455 479 413 534 386 579 366 619 414 465 372 510 352 551 341 589 385 457 344 489 327 520 318 553 
467 412 530 456 568 512 597 550 634 573 511 501 489 558 469 600 451 637 455 481 413 536 386 580 365 620 414 467 372 512 353 551 343 586 385 457 343 491 327 521 319 552 
467 413 529 456 567 512 596 549 632 571 511 501 489 558 470 599 452 637 455 481 413 536 386 580 366 619 414 467 372 512 352 551 342 587 384 457 343 490 327 520 318 552 
467 413 528 457 567 512 596 549 633 571 511 500 489 558 469 600 451 637 456 480 414 535 387 579 366 618 414 466 373 510 352 550 341 587 385 456 344 489 327 519 317 552 
467 413 529 457 568 511 597 548 633 571 511 501 488 558 469 599 451 636 455 481 412 536 386 580 366 619 414 466 372 513 353 552 342 587 385 457 344 490 327 520 318 552 
467 413 528 456 567 511 597 548 633 571 511 501 489 558 470 599 451 637 456 481 414 535 387 579 366 619 414 466 372 511 353 550 342 586 385 457 344 489 327 519 317 551 
467 414 529 457 568 511 597 548 634 570 511 501 489 558 469 599 451 637 455 481 413 536 386 580 365 619 414 467 372 512 352 551 341 586 385 457 343 490 327 520 318 552 
468 413 529 457 567 512 597 548 633 570 510 502 488 558 469 600 451 637 455 481 413 536 386 580 366 619 414 467 372 512 352 551 342 588 385 457 343 490 327 520 318 552 
468 417 530 458 568 512 597 549 634 570 510 501 488 558 469 600 450 637 455 481 413 535 387 579 366 619 415 468 372 510 353 550 341 587 386 458 344 489 328 519 319 552 
468 414 529 456 567 510 597 548 634 568 511 500 489 557 469 599 451 637 456 480 413 534 387 579 367 619 416 466 372 510 353 551 342 588 387 457 344 489 328 519 319 553 
467 413 529 456 568 511 597 549 634 569 511 501 489 558 469 600 451 637 456 480 413 535 386 579 365 619 415 466 372 511 352 550 341 586 385 457 344 489 327 519 318 551 
467 412 529 455 568 511 598 548 635 569 511 501 488 558 469 600 450 637 455 481 413 535 386 579 365 619 414 467 373 512 353 550 342 586 385 456 344 489 327 519 318 551 
466 410 529 454 568 510 598 548 635 570 510 501 488 558 469 600 450 637 455 481 413 536 386 580 366 619 413 466 371 512 352 551 342 587 384 456 342 490 326 520 318 552 
466 410 529 454 568 511 599 549 636 570 511 501 489 557 469 599 451 637 455 481 413 535 386 580 366 619 414 466 372 511 353 551 342 588 384 456 343 490 327 520 318 553 
467 412 529 457 568 512 599 549 636 570 511 501 489 558 470 600 452 638 455 480 414 535 387 580 366 619 414 466 372 512 352 551 341 586 385 456 343 490 327 520 317 552 
466 412 529 456 568 511 599 547 636 567 510 503 488 559 469 600 450 637 454 482 413 536 386 580 365 619 413 467 372 512 352 551 342 587 384 457 343 490 327 520 319 553 
468 413 529 456 568 511 598 547 636 566 510 503 488 559 469 600 451 636 455 482 412 537 386 580 366 619 414 467 371 513 352 552 342 588 385 456 343 489 327 519 319 552 
467 416 530 457 569 511 599 548 637 565 510 502 488 558 469 599 450 637 454 482 413 535 386 578 365 618 414 468 373 510 353 550 341 587 386 458 345 489 328 518 318 551 
467 414 528 456 567 511 599 547 637 565 510 501 488 558 469 600 450 637 455 481 412 535 386 579 365 619 414 467 372 511 353 551 342 588 385 458 344 489 328 519 320 552 
467 415 529 457 568 512 599 548 637 566 509 503 488 559 468 600 450 637 454 482 412 537 386 580 366 619 413 467 371 513 353 551 342 588 384 457 343 490 327 519 318 552 
467 416 529 457 568 511 599 547 637 565 509 502 488 558 469 599 451 637 453 482 412 536 386 579 365 619 413 468 371 511 352 551 342 588 384 459 344 489 327 519 319 551 
467 417 529 457 568 510 599 546 637 564 510 501 488 558 469 599 450 637 455 482 413 535 387 579 366 619 415 468 373 510 353 550 341 588 386 458 345 489 328 518 319 551 
468 414 529 455 568 510 599 546 637 565 510 501 488 558 469 599 450 636 455 481 413 536 386 580 366 619 415 467 372 512 353 551 342 587 386 457 344 489 328 519 319 552 
467 414 529 456 568 510 599 546 637 564 510 502 488 559 468 600 450 637 455 482 413 536 386 580 366 619 415 468 372 512 353 551 342 588 386 458 344 490 328 519 319 552 
467 413 529 455 568 509 599 545 638 565 509 502 487 557 469 599 450 636 454 481 413 537 387 580 366 619 414 467 372 513 352 552 341 588 385 456 344 489 328 519 319 552 
466 412 529 454 569 509 601 546 639 565 510 503 487 559 468 600 450 636 455 482 412 537 386 580 366 619 415 467 372 512 353 551 342 587 386 457 344 490 328 520 320 552 
466 420 527 462 566 512 598 546 637 567 508 503 486 558 468 599 450 637 451 483 409 538 385 582 366 620 410 468 366 516 350 555 342 589 382 458 340 490 325 520 318 551 
461 415 525 455 566 508 599 543 637 561 507 503 486 557 468 599 450 637 451 484 410 536 386 579 366 617 410 470 369 511 350 551 339 588 382 459 342 490 327 520 318 552 
464 410 528 454 567 510 598 546 636 566 509 502 487 557 469 599 451 636 453 481 411 538 386 582 368 621 412 466 368 516 351 555 342 591 383 455 341 489 325 519 318 552 
462 411 527 455 569 512 602 548 640 564 511 504 488 559 468 601 450 638 454 483 412 538 386 582 366 621 412 468 371 513 352 553 342 590 382 457 342 490 327 520 318 552 
463 411 528 456 569 512 602 546 641 565 510 504 487 558 468 600 449 638 454 482 412 538 387 582 368 622 411 467 370 516 351 555 342 591 382 456 341 490 325 519 316 551 
465 411 530 456 570 512 601 547 639 563 511 504 487 558 468 600 449 637 455 483 412 538 388 582 369 622 413 467 370 515 352 555 344 591 384 456 342 490 326 520 318 552 
465 410 529 456 570 512 602 548 640 564 511 504 487 559 468 600 450 637 455 483 411 538 386 582 367 621 413 468 369 515 351 555 343 591 384 456 342 490 327 521 318 553 
465 409 528 454 568 510 600 545 638 562 509 503 486 558 468 599 449 636 454 482 411 538 387 582 368 621 412 467 368 516 351 554 343 589 383 456 341 490 326 520 318 552 
463 409 527 453 568 509 600 546 638 563 509 503 487 558 468 600 451 636 453 482 410 538 385 582 366 621 411 468 368 515 351 555 343 591 382 457 341 490 326 521 318 554 
463 410 528 454 568 510 600 545 638 561 509 503 487 559 468 600 451 637 453 482 411 538 386 582 366 620 412 467 369 516 351 554 342 589 382 456 341 491 326 521 318 552 
465 412 529 456 569 511 600 546 638 564 509 503 487 558 468 599 450 636 453 482 412 538 386 582 366 621 413 467 370 515 352 554 342 590 384 456 343 490 327 520 318 552 
464 413 527 456 567 510 600 545 638 562 508 504 486 559 468 600 450 636 453 483 411 539 385 581 365 619 412 469 369 515 351 553 342 589 383 457 342 490 327 520 319 552 
464 409 528 452 568 507 599 545 636 566 507 503 485 558 467 599 450 635 452 483 410 539 385 582 366 620 411 468 368 516 351 554 343 589 383 457 342 490 326 520 318 552 
461 411 526 453 566 507 598 545 635 570 506 500 485 556 467 597 449 635 450 481 409 536 385 580 366 620 410 468 368 513 351 553 342 590 381 457 341 489 326 520 319 553 
462 412 530 457 579 519 608 572 611 619 506 499 486 554 468 595 450 633 448 480 409 534 386 579 368 619 407 467 367 512 352 553 345 590 380 457 339 488 324 520 318 553 
455 391 520 431 561 483 591 521 625 544 493 477 473 527 455 568 437 606 439 464 402 518 381 565 364 610 400 457 360 503 347 545 341 585 376 452 334 484 322 515 318 549 
453 383 518 423 559 475 589 510 620 532 488 469 459 516 437 556 417 590 435 456 395 513 376 561 362 603 399 450 357 500 343 541 337 580 377 447 335 482 321 513 314 544 
448 371 511 415 550 462 578 496 608 519 482 454 445 500 424 540 406 576 430 442 391 499 373 549 360 592 394 438 355 490 342 532 335 570 373 439 334 476 320 508 314 539 
440 367 504 405 544 451 571 486 600 513 480 444 443 488 421 529 402 566 428 431 388 489 370 541 359 584 392 427 353 480 338 524 332 561 371 428 333 469 319 502 313 533 
433 361 496 397 535 440 559 474 586 500 477 432 439 476 418 519 401 556 424 420 383 476 366 529 356 572 387 419 347 472 334 518 329 557 364 424 327 468 315 503 311 536 
417 354 478 389 516 431 542 462 571 483 460 415 427 467 409 512 395 551 407 406 374 467 359 521 349 565 371 407 338 463 327 511 322 550 352 415 320 462 309 498 304 531 
419 358 480 388 516 427 541 457 570 480 460 417 429 470 410 514 394 551 410 408 377 471 362 527 352 570 375 409 342 467 332 518 329 558 354 418 322 464 312 503 310 538 
416 361 475 392 512 429 540 456 570 479 459 418 428 472 411 518 397 556 408 409 374 472 362 529 354 573 372 411 338 468 330 520 329 561 351 419 319 465 311 504 310 539 
416 363 475 392 512 430 540 457 571 479 459 420 429 474 412 520 397 558 408 411 376 473 363 529 355 572 373 411 340 468 331 519 329 561 352 419 320 466 311 504 309 540 
417 366 476 394 512 431 540 458 570 481 458 421 430 475 413 520 399 559 407 413 375 473 362 528 355 571 372 414 338 468 330 519 329 561 351 423 319 468 311 506 310 540 
409 360 470 389 507 426 533 455 560 477 450 418 424 471 411 518 400 557 396 411 364 471 355 526 352 568 361 413 329 467 325 519 329 559 342 420 311 466 305 505 310 539 
412 359 469 386 505 423 531 452 558 475 449 416 423 467 410 515 400 556 396 409 363 466 353 520 348 564 361 411 329 463 322 516 324 558 342 419 311 463 305 502 308 538 
414 356 470 384 504 420 529 448 555 469 448 412 421 462 408 511 399 552 394 404 358 464 349 521 347 565 358 407 325 464 321 518 327 561 341 417 309 464 305 505 312 543 
400 344 456 368 491 399 515 421 541 433 429 397 405 442 393 484 382 522 372 395 339 448 331 497 328 539 337 402 307 455 307 506 314 546 321 416 298 464 300 504 310 538 
400 347 456 371 489 398 512 414 540 418 418 392 397 435 386 478 376 516 366 389 330 441 323 493 323 536 333 397 301 450 301 504 309 544 319 413 297 460 298 500 308 532 
395 354 453 374 489 394 509 406 531 411 408 387 390 432 378 477 370 516 359 387 320 433 313 490 318 534 328 396 294 442 291 496 299 533 316 413 290 455 285 496 289 528 
394 348 450 370 485 392 504 401 527 400 404 379 380 427 368 470 360 510 353 381 313 428 307 483 314 526 321 393 285 440 283 494 294 533 307 410 281 452 277 492 283 524 
376 350 429 373 460 394 479 396 498 383 378 376 353 430 340 474 328 514 329 377 287 433 282 489 289 534 300 385 259 436 258 490 269 530 289 402 259 444 254 484 258 516 
378 353 428 375 455 396 470 397 487 385 382 377 353 433 337 479 324 519 331 380 286 435 281 494 291 542 300 390 259 442 258 497 271 540 286 407 257 449 251 489 254 522 
379 355 428 377 454 399 468 400 487 385 379 378 349 435 334 482 321 522 330 382 282 438 280 497 291 545 300 392 258 444 259 499 273 542 287 409 258 451 253 490 256 523 
374 364 427 384 455 405 470 406 491 397 379 386 352 442 338 487 325 526 330 391 287 447 285 507 296 554 299 404 261 454 263 509 277 551 285 420 259 462 256 503 261 535 
379 362 429 384 456 405 471 409 492 402 380 387 352 445 338 492 325 532 332 390 285 449 285 509 299 556 303 400 258 453 261 509 277 549 291 416 259 459 255 500 261 532 
381 367 430 387 457 407 473 410 493 405 381 389 353 447 339 494 326 534 333 392 287 450 285 511 297 559 303 403 259 455 261 511 276 553 291 419 259 460 254 501 259 534 
382 367 433 388 459 409 473 411 495 405 383 389 354 447 338 494 324 533 334 394 288 456 286 517 298 564 304 405 261 458 263 513 279 554 291 420 261 463 257 503 264 535 
378 364 430 385 456 405 473 409 496 405 380 389 354 450 341 498 329 538 330 394 289 461 289 523 303 571 300 405 259 463 265 520 284 561 288 421 258 466 256 508 266 540 
369 358 423 378 451 400 469 404 495 400 374 387 352 447 341 495 330 536 325 392 285 460 290 522 305 568 294 403 254 464 263 521 283 561 282 419 252 467 254 509 265 541 
355 349 411 367 442 389 463 397 493 397 365 383 347 444 340 491 332 532 315 391 280 460 287 520 304 565 284 403 248 467 258 522 279 561 271 418 245 470 249 514 261 546 
282 323 344 350 379 411 385 470 390 518 326 385 330 458 329 512 327 558 268 389 252 477 256 548 267 597 224 400 213 484 221 548 238 590 198 412 186 481 191 529 203 562 
233 316 305 347 353 409 356 472 340 516 306 399 320 474 327 528 329 569 244 407 239 506 247 571 256 616 197 419 194 513 210 566 229 596 166 430 160 504 171 547 188 574 
211 308 286 343 327 404 328 466 314 508 288 409 306 486 317 540 325 581 228 417 226 521 233 581 241 619 180 425 177 525 194 575 212 598 148 430 142 512 155 553 172 577 
165 333 243 362 293 431 305 503 299 558 265 433 311 528 333 585 346 625 206 447 232 563 248 614 259 633 157 459 182 570 208 604 225 603 120 467 139 562 164 599 184 607 
156 342 238 369 287 435 300 504 301 557 261 440 312 533 341 590 362 630 204 461 240 575 258 621 269 635 157 477 192 585 220 613 237 606 122 488 145 584 173 618 196 626 
145 351 230 376 283 441 300 511 304 566 259 446 312 538 343 596 364 635 202 471 242 587 263 631 273 639 154 490 193 600 224 625 241 613 119 502 146 600 176 632 198 633 
103 385 187 410 252 477 286 549 307 607 251 483 322 571 361 622 387 656 202 505 255 619 263 667 256 676 148 521 196 637 202 658 195 639 95 536 135 636 153 668 162 667 
84 386 173 418 230 485 259 554 269 610 242 492 314 578 356 631 385 668 197 514 254 632 251 673 233 676 141 532 188 644 182 663 166 644 86 546 127 648 142 678 149 678 
65 385 156 415 216 483 243 550 248 606 235 498 306 582 350 635 380 672 192 522 249 639 237 676 215 676 137 541 181 653 169 668 150 648 81 553 123 654 132 681 132 680 
52 388 144 420 204 483 228 544 229 598 227 502 301 584 347 635 378 673 187 525 244 640 231 679 205 680 133 546 176 658 163 675 143 656 77 561 121 659 127 685 124 684 
31 422 125 450 187 504 216 556 225 608 217 521 300 595 349 639 385 670 182 542 243 656 222 690 191 684 131 563 177 674 157 686 135 665 75 580 122 678 122 695 115 687 
32 427 125 453 188 509 218 566 224 620 217 520 302 592 353 637 390 668 182 544 246 659 224 694 194 691 132 568 182 679 161 691 141 670 78 588 129 682 127 697 118 688 
36 429 128 456 191 510 222 565 230 617 220 522 306 593 357 638 395 669 186 547 252 662 227 693 197 687 136 572 187 682 164 691 144 669 80 592 132 686 129 698 120 685 
40 433 131 460 193 516 221 570 225 622 224 525 310 597 361 642 399 674 190 550 257 664 228 691 197 682 140 575 191 684 166 691 147 668 85 596 138 689 133 701 125 688 
44 442 137 467 200 518 230 573 235 625 230 531 317 605 367 651 404 683 196 560 266 672 235 693 206 679 147 588 200 693 175 694 157 669 91 609 145 700 139 703 130 683 
44 443 137 467 201 520 230 577 234 630 231 532 318 606 367 654 404 687 197 560 265 674 236 693 207 678 147 588 202 695 178 698 159 672 91 608 146 700 141 705 131 686 
43 443 137 467 200 520 228 577 232 631 231 532 318 606 367 654 404 687 198 560 266 674 236 694 207 679 148 587 202 695 177 697 158 671 92 609 147 701 140 705 131 685 
45 444 137 468 201 520 231 576 234 630 232 533 318 607 367 655 404 687 200 560 268 673 237 693 209 678 151 587 204 694 178 696 160 670 96 607 150 699 143 706 133 688 
46 445 139 468 203 522 231 579 234 633 234 532 319 610 368 659 405 692 201 560 269 674 237 693 208 677 151 586 206 695 180 698 161 672 95 607 150 700 143 706 133 688 
46 444 139 469 203 524 233 581 239 636 235 533 318 611 367 660 404 693 202 560 269 674 240 694 212 678 152 586 206 695 181 698 162 672 96 607 152 701 146 707 135 689 
46 446 139 470 204 523 233 580 238 635 236 534 319 612 366 661 403 695 203 561 269 676 240 694 211 678 152 587 206 696 181 699 162 673 96 608 151 701 145 707 135 689 
45 448 138 471 203 525 233 582 239 637 236 535 319 613 367 663 405 696 204 562 271 677 240 694 211 677 154 589 207 697 181 699 162 672 97 610 151 704 144 708 133 687 
45 449 138 472 203 526 233 582 238 637 236 536 319 613 367 662 404 696 204 563 271 677 240 694 212 678 154 590 207 697 181 699 162 672 98 611 153 704 146 709 134 690 
45 449 138 473 203 527 232 584 238 638 236 537 320 614 368 663 406 697 205 564 272 677 241 695 213 679 155 591 208 698 181 700 162 673 98 612 153 705 145 710 134 690 
44 449 138 474 202 527 232 582 238 636 237 538 320 614 368 663 406 697 205 565 272 677 240 696 211 679 156 592 208 699 180 700 161 674 99 614 154 705 145 710 134 690 
45 454 139 477 204 530 236 586 243 640 239 541 321 616 369 665 407 699 207 568 274 680 241 697 213 680 157 595 209 701 181 701 162 675 100 616 153 707 144 709 133 688 
43 451 138 475 202 529 231 586 236 640 239 541 322 617 369 666 408 700 208 569 273 680 240 694 212 677 159 597 209 701 180 699 161 672 102 618 156 709 145 710 133 688 
42 452 137 476 202 529 234 586 242 641 238 541 320 616 368 665 406 699 207 570 272 680 240 695 213 677 158 598 209 702 180 699 162 672 101 620 156 709 145 709 133 686 
41 453 137 476 202 529 232 587 237 642 238 542 319 617 366 666 404 700 206 570 272 681 240 695 213 677 156 599 208 703 180 700 162 672 99 620 154 710 144 709 132 686 
39 455 135 476 201 530 232 588 239 645 236 541 317 617 365 665 403 699 203 570 270 680 239 694 213 677 153 599 207 702 179 699 160 672 97 621 153 710 144 709 132 687 
37 457 134 478 200 531 231 590 238 646 236 541 317 617 364 666 403 699 202 570 270 680 238 694 212 676 152 599 207 702 180 700 161 673 96 621 153 710 143 709 131 686 
37 457 133 477 199 530 229 588 235 644 235 541 316 616 363 664 401 696 202 571 270 679 239 693 213 676 152 600 207 702 180 700 161 673 97 622 154 710 145 709 132 686 
34 460 130 479 197 531 228 589 235 645 233 540 316 614 364 661 402 693 199 570 269 679 239 694 211 678 149 599 206 702 179 700 159 673 94 623 151 711 143 710 131 687 
33 461 130 479 196 531 226 588 233 643 232 541 315 612 363 659 400 692 199 570 268 678 238 693 211 678 149 599 206 702 179 700 160 673 94 622 152 711 144 710 132 687 
31 464 128 480 196 531 227 589 233 645 231 540 315 611 364 658 402 691 198 571 269 679 239 695 211 679 149 603 206 704 180 701 161 674 95 627 152 713 143 710 131 686 
29 467 127 482 194 533 225 591 231 646 230 542 316 612 365 658 403 690 197 574 268 680 238 695 211 678 148 606 206 704 179 701 160 674 94 630 152 714 143 711 130 686 
29 468 125 482 195 532 228 588 237 643 230 542 315 612 364 658 402 691 197 574 269 681 239 694 212 678 148 605 206 705 179 701 160 674 95 630 152 714 143 710 130 686 
29 469 126 484 196 535 229 593 237 649 230 543 315 612 364 658 403 691 196 574 268 681 239 694 211 677 147 605 206 706 180 702 160 675 93 629 152 715 143 711 130 686 
28 478 126 490 197 541 231 601 239 659 231 545 316 614 364 659 403 691 198 578 269 683 239 694 213 675 149 610 206 708 180 702 161 674 96 635 154 717 143 711 130 686 
28 476 126 487 196 539 229 599 237 656 231 545 316 614 365 659 403 692 197 578 270 684 240 693 214 674 150 611 208 709 182 702 163 674 97 636 155 719 145 712 132 686 
28 476 125 488 195 539 229 597 237 654 231 547 316 614 365 660 404 692 198 579 270 684 241 695 213 675 150 611 208 709 182 703 163 675 97 636 155 718 145 712 131 686 
27 477 125 488 195 536 227 593 235 648 232 546 317 614 366 660 404 692 199 580 271 685 241 695 214 676 151 612 208 709 182 703 162 675 97 636 155 718 144 711 130 685 
27 477 125 487 195 536 227 592 235 647 231 546 317 613 366 659 404 692 198 579 271 685 242 695 215 675 150 612 209 709 183 703 163 675 97 636 155 719 145 712 131 685 
28 478 126 489 196 538 229 594 236 650 233 547 317 614 365 660 404 693 200 580 271 686 241 695 214 675 152 612 208 709 181 703 162 675 98 636 155 718 143 710 129 683 
32 475 128 487 199 539 232 597 241 654 235 547 319 615 367 660 405 692 203 579 274 685 243 694 216 674 155 611 210 709 181 702 162 673 100 635 157 718 144 711 130 683 
32 474 129 487 199 538 233 597 241 653 235 547 320 615 368 662 406 694 203 580 274 686 243 695 217 675 156 613 210 709 182 703 164 674 102 637 157 718 145 710 132 683 
34 474 131 489 201 541 234 600 242 656 239 549 321 617 369 663 407 696 207 582 275 687 244 697 218 676 159 614 210 710 182 703 164 674 105 638 157 719 144 712 131 684 
35 474 132 488 202 541 235 601 243 658 240 549 323 618 370 666 408 699 209 582 277 688 245 697 219 676 161 614 211 711 182 703 165 673 106 638 158 720 144 711 131 683 
35 474 132 489 202 541 236 601 245 658 241 550 323 620 370 668 408 702 209 583 277 689 245 696 219 674 162 614 212 711 183 703 165 673 107 638 159 720 145 711 133 683 
34 473 132 488 204 542 239 604 250 663 242 551 321 622 367 670 405 704 210 584 274 689 242 695 217 671 162 615 211 711 182 701 165 671 108 639 159 720 145 710 132 682 
37 472 134 488 206 544 242 610 253 670 243 551 323 622 368 671 406 706 212 583 276 690 243 694 219 669 164 614 212 712 182 700 166 669 110 638 159 720 143 708 130 678 
38 472 136 488 207 543 241 607 250 667 244 552 323 623 369 672 407 707 213 585 276 690 243 694 218 669 165 617 212 712 183 701 166 670 111 640 160 720 145 710 132 681 
40 471 138 489 209 546 244 611 256 671 246 551 326 623 372 671 411 705 215 582 278 690 244 694 221 670 167 613 212 712 182 700 166 669 112 636 160 719 144 707 130 677 
40 472 139 489 209 546 244 611 254 671 248 553 325 626 370 674 409 708 216 586 278 691 244 694 220 668 168 618 214 712 183 701 167 670 114 642 162 721 146 710 133 681 
40 472 139 490 210 547 246 613 256 673 248 553 326 625 370 673 409 707 217 586 279 691 245 695 221 670 169 617 214 712 183 700 167 669 114 640 162 720 146 709 133 679 
41 471 139 489 210 545 243 610 252 670 248 553 325 626 370 674 408 708 217 585 279 691 245 695 221 671 169 616 214 712 183 701 167 670 114 640 162 720 146 709 133 680 
40 471 139 489 210 546 244 611 254 671 248 553 325 626 370 674 408 708 217 585 279 691 245 695 221 670 169 616 214 713 184 701 168 670 114 639 161 720 146 709 133 680 
42 471 140 489 211 546 245 612 254 672 248 553 325 627 369 675 408 709 217 585 278 692 244 693 220 667 169 616 214 712 183 700 167 669 114 640 162 720 145 708 132 679 
43 471 141 490 213 551 249 620 260 682 249 553 326 627 370 675 409 710 217 585 277 692 243 692 219 665 168 616 213 713 183 699 168 668 113 640 162 721 146 708 132 678 
44 471 141 489 212 546 245 612 253 672 250 554 326 628 370 677 407 712 219 586 279 692 244 694 220 667 170 617 215 713 184 700 168 669 115 640 162 720 146 707 133 678 
44 471 142 489 212 546 246 610 254 670 251 554 326 628 369 677 407 712 219 586 280 692 246 696 222 671 171 617 215 713 185 702 169 672 115 639 163 721 147 709 134 680 
44 471 142 490 212 547 247 613 256 674 251 553 326 628 370 677 408 712 219 586 280 692 246 695 222 670 171 617 215 714 185 702 169 671 116 640 163 721 147 710 134 680 
46 472 143 489 215 547 249 614 259 676 252 554 327 629 370 678 407 713 220 585 281 693 246 695 222 669 172 616 215 713 184 700 169 669 117 639 163 720 146 708 133 678 
47 472 144 491 215 551 249 619 260 680 252 555 326 629 369 679 407 714 221 586 281 692 246 694 222 669 172 617 215 714 185 702 169 672 117 640 164 722 147 711 135 682 
46 471 143 489 214 546 249 611 259 672 251 553 326 628 370 677 408 712 220 585 281 692 247 696 223 671 172 615 216 713 185 702 170 671 117 638 164 721 148 709 135 680 
47 471 143 488 214 545 247 611 257 671 252 553 326 628 369 678 407 713 221 584 281 691 247 696 223 672 173 615 215 712 184 702 169 671 118 637 163 719 147 709 134 680 
47 470 143 490 213 547 247 614 257 675 252 554 326 629 369 679 406 714 221 585 281 690 247 696 223 673 173 614 215 713 184 703 169 672 118 637 163 719 146 709 134 681 
47 471 143 489 213 547 246 612 254 673 252 553 326 629 369 678 407 713 221 584 281 691 246 695 222 670 173 614 215 712 184 701 168 670 118 636 163 719 146 708 134 679 
47 473 143 491 214 549 248 616 259 676 252 555 326 630 369 679 406 714 222 585 282 691 248 697 224 674 174 614 216 713 185 704 169 673 119 637 164 721 147 711 135 682 
48 469 142 486 213 541 247 605 257 664 252 552 327 629 370 679 407 714 223 583 284 691 250 698 225 676 175 614 216 714 185 704 169 674 121 636 164 720 147 711 135 682 
50 468 145 488 217 548 251 615 263 677 254 553 327 629 370 678 408 713 223 583 283 691 248 697 224 674 175 612 216 713 185 702 170 671 120 635 164 719 147 708 135 679 
49 469 145 488 215 547 249 614 258 675 254 552 328 628 370 678 408 713 224 582 283 691 247 696 223 672 175 612 217 713 185 702 170 672 120 634 165 718 148 708 135 680 
49 469 145 489 215 547 250 614 261 674 255 554 328 630 371 680 409 714 224 584 284 691 248 696 224 672 176 613 216 713 185 702 170 671 121 635 165 719 148 709 135 680 
49 468 145 488 216 545 249 610 260 670 254 552 328 629 370 678 408 713 224 582 284 691 249 698 225 675 176 612 217 713 185 704 170 674 121 634 165 720 148 711 136 683 
52 465 147 486 217 546 250 614 259 675 256 553 328 630 371 679 408 714 225 584 284 692 250 698 226 675 176 613 216 713 186 702 171 671 121 635 165 719 148 709 136 680 
51 467 146 487 216 545 248 611 255 672 255 552 329 628 372 677 409 713 224 582 283 691 248 697 224 674 176 612 217 712 186 701 171 671 121 635 165 719 148 708 136 680 
52 467 148 488 218 547 251 614 261 675 256 553 329 629 371 678 409 713 225 583 285 691 250 698 225 676 177 613 218 713 186 703 171 673 121 635 166 719 149 710 137 681 
53 466 149 488 218 548 250 616 258 677 256 553 328 629 371 678 409 713 225 583 285 692 251 699 226 677 177 614 218 713 187 703 172 673 122 636 166 719 150 710 137 682 
52 466 148 487 218 547 252 615 261 677 255 552 328 628 371 677 410 712 224 583 284 692 248 697 224 672 176 613 217 712 186 701 171 670 121 635 166 718 149 708 136 679 
53 467 148 488 218 548 252 615 261 676 256 552 328 628 371 677 409 712 225 583 284 692 248 696 224 673 177 612 217 712 185 700 171 670 122 634 166 717 148 707 136 678 
54 467 150 488 219 547 251 614 260 675 255 552 328 628 371 678 409 713 225 582 285 691 250 698 226 675 177 612 218 712 186 701 172 671 122 634 167 718 150 708 137 680 
54 467 150 488 219 549 251 618 259 680 256 552 329 629 371 678 409 713 225 583 285 691 249 697 226 673 177 613 218 712 186 701 172 670 122 635 167 719 149 709 137 681 
53 468 149 488 219 549 253 618 262 680 255 552 329 628 372 677 409 713 224 583 285 692 250 698 227 674 176 613 217 712 186 701 171 670 121 635 166 719 149 709 137 680 
53 467 150 489 220 550 253 618 261 680 257 553 330 629 372 677 410 712 226 583 286 692 250 698 227 675 178 613 219 713 187 702 172 671 123 636 166 720 149 708 137 679 
53 467 150 489 220 551 253 620 262 682 257 553 330 628 372 677 410 711 226 583 285 692 250 698 226 676 178 613 219 713 187 703 173 672 122 636 167 720 149 709 137 680 
53 466 150 487 219 548 252 616 261 677 256 552 329 628 372 677 409 712 226 583 286 692 251 698 227 676 177 613 219 713 187 702 172 672 122 635 167 719 150 709 137 681 
51 468 147 488 217 547 251 613 261 675 255 552 329 628 372 677 410 712 226 583 286 692 251 699 226 676 178 613 219 713 187 703 172 672 122 635 167 720 151 710 138 683 
53 468 148 487 218 545 251 611 260 671 257 553 329 630 371 679 409 713 227 583 286 693 251 698 226 675 179 613 219 713 187 702 172 671 124 635 167 719 149 708 136 679 
55 468 150 488 220 545 252 611 260 671 258 553 330 630 372 679 410 714 228 583 287 693 252 699 227 677 179 612 220 713 187 703 172 673 124 634 168 719 151 710 138 682 
56 469 151 488 221 546 254 612 263 673 259 554 331 630 374 679 411 714 229 584 288 693 253 699 228 677 181 613 220 713 188 703 173 672 126 635 168 719 151 709 139 681 
60 469 151 487 224 539 259 602 269 661 261 552 334 631 377 680 414 714 234 582 290 695 253 700 227 676 187 611 223 712 189 701 173 671 133 634 171 718 151 709 138 682 
60 469 151 488 224 543 264 608 280 667 263 552 335 631 378 681 416 716 235 581 292 693 254 700 229 676 188 610 226 712 190 702 175 672 134 631 174 718 152 708 139 681 
59 468 150 487 222 539 259 602 273 660 263 551 335 632 377 683 414 718 237 579 291 695 250 703 225 680 192 608 223 711 186 704 170 675 138 629 170 713 146 705 132 679 
58 462 148 482 219 532 255 592 267 649 263 551 334 630 375 681 412 716 237 579 286 694 245 700 220 675 192 608 220 710 182 700 166 671 138 629 167 710 141 699 127 672 
55 452 141 475 210 530 247 592 265 644 258 555 330 637 374 683 412 717 231 580 232 694 192 683 178 652 185 603 171 695 140 673 133 641 134 621 129 697 105 673 99 642 
54 446 142 473 210 523 248 582 266 633 259 558 329 640 375 684 412 716 233 581 221 692 181 680 167 651 186 603 161 691 132 669 125 639 134 621 120 691 99 667 94 638 
64 432 149 460 222 509 267 567 288 617 263 557 331 640 375 685 410 718 238 581 211 683 170 668 157 639 192 601 155 682 126 660 120 631 140 617 117 681 95 659 89 631 
61 427 146 454 214 505 243 563 243 613 260 555 329 639 374 683 410 717 236 581 209 679 170 660 160 629 190 602 153 678 125 653 120 623 137 617 112 682 90 655 85 624 
62 421 146 451 212 503 237 561 234 609 259 556 328 640 373 684 409 716 236 582 203 679 162 663 150 634 189 603 147 677 117 653 111 623 136 617 108 678 85 652 78 623 
62 419 147 451 210 505 229 564 219 612 257 555 325 639 370 682 406 715 234 581 200 676 161 659 151 631 186 601 146 675 118 650 113 621 133 616 106 676 85 650 80 621 
63 417 148 450 211 506 231 564 222 609 260 556 327 639 371 683 406 716 236 583 202 673 164 652 155 621 189 603 147 672 118 645 114 616 136 618 107 676 83 648 76 619 
62 417 147 451 209 508 227 566 216 611 258 556 326 638 371 682 407 714 236 583 202 673 163 653 154 623 190 603 148 673 118 647 114 618 138 618 107 676 83 647 78 618 
63 417 148 452 210 507 230 565 221 610 259 556 327 638 372 683 408 715 236 582 202 674 162 656 151 627 190 602 146 673 117 648 112 619 137 618 106 675 83 648 76 620 
60 420 145 455 208 510 227 566 218 612 257 557 326 639 371 682 407 714 235 582 203 675 163 657 152 629 189 603 148 674 118 649 112 621 137 618 107 677 83 649 77 621 
66 420 148 457 210 512 228 569 219 614 260 559 328 641 372 685 407 718 236 584 202 676 162 658 152 629 189 603 147 675 118 651 113 622 136 618 107 677 84 650 79 622 
64 418 148 453 210 511 230 569 220 615 259 556 329 639 372 684 407 717 235 583 203 675 163 656 153 628 187 604 148 674 119 649 114 621 134 619 107 676 84 649 79 620 
63 417 148 454 208 512 225 570 211 615 259 557 327 639 372 683 408 715 235 583 203 675 164 658 154 629 187 603 148 674 118 649 114 620 134 617 107 676 84 649 79 620 
66 417 148 453 210 510 229 569 221 616 261 555 329 639 373 684 408 717 236 580 202 674 162 657 151 629 188 600 148 673 119 649 114 620 134 615 109 674 86 648 80 620 
66 415 150 452 210 510 228 569 218 616 260 556 328 639 372 683 408 716 236 582 204 674 165 655 156 626 187 601 148 672 120 647 115 617 134 614 109 674 86 647 80 618 
66 417 149 454 210 511 229 569 220 614 261 556 329 639 373 683 408 716 236 581 203 673 164 655 155 626 189 601 148 673 120 647 116 618 135 616 109 675 87 648 81 620 
66 418 149 456 209 514 224 573 211 619 261 556 329 638 373 682 410 714 237 580 204 674 164 656 155 627 189 600 149 673 119 647 115 618 136 615 108 675 86 647 81 619 
66 417 148 456 208 514 224 573 211 619 260 557 327 638 372 681 408 713 236 581 203 674 164 656 156 627 188 600 149 673 120 647 116 618 135 615 110 675 87 648 81 620 
67 418 149 457 209 514 224 573 210 618 261 556 328 638 372 682 408 714 236 580 204 674 164 656 156 627 189 600 149 673 120 647 117 618 136 615 109 675 87 648 81 619 
68 417 150 457 209 515 225 574 213 621 261 557 328 639 372 682 409 714 237 581 204 673 165 654 157 624 189 600 149 672 121 646 118 617 135 614 109 674 87 647 82 618 
68 418 151 458 210 518 224 579 209 625 262 557 329 639 372 682 409 714 237 581 204 672 165 653 157 624 189 600 149 672 121 645 118 616 135 614 109 674 87 646 83 618 
68 417 150 457 209 516 226 576 215 624 262 556 329 639 373 683 408 715 237 580 205 673 166 655 157 626 189 599 149 672 121 646 117 617 135 613 110 673 88 646 83 618 
68 417 151 457 211 516 227 575 215 622 262 556 329 638 373 682 409 714 238 580 205 673 166 655 157 626 190 599 150 671 121 646 117 617 136 613 110 673 88 646 82 617 
67 418 150 458 209 518 225 577 213 624 262 556 328 639 372 682 408 715 237 580 205 673 166 655 157 626 190 600 150 672 121 646 118 617 137 614 111 674 89 647 83 619 
68 420 150 459 210 518 228 577 222 624 263 557 328 639 372 683 407 715 238 580 205 673 166 654 158 625 191 600 151 672 122 646 118 617 138 614 111 674 88 648 83 619 
66 421 149 460 208 519 224 579 212 627 262 557 329 639 372 683 408 716 239 580 205 672 166 653 158 625 192 600 150 672 121 645 119 616 140 615 111 675 89 647 84 619 
64 423 147 460 208 519 224 579 214 627 261 558 328 640 371 683 407 716 238 581 204 673 165 654 157 624 191 601 150 673 121 647 118 617 139 616 111 675 88 648 84 619 
65 422 147 461 207 521 220 583 206 631 261 557 328 640 371 684 407 717 237 581 204 673 164 654 157 625 191 601 149 674 121 648 119 618 138 617 110 676 88 648 85 618 
64 422 147 461 207 520 224 579 213 626 261 557 328 640 372 684 408 716 238 581 203 673 163 653 156 625 191 601 150 674 121 647 119 618 139 617 111 675 89 648 84 619 
65 423 148 461 208 520 224 579 212 626 261 558 329 640 372 684 408 717 238 581 203 673 164 654 157 625 191 601 149 674 121 648 118 619 138 617 110 675 88 648 84 619 
64 423 147 461 207 521 222 582 209 631 261 558 328 640 371 684 407 717 237 581 203 673 164 655 157 626 191 601 149 674 121 648 119 618 138 617 110 675 89 648 85 619 
65 423 147 461 208 521 225 581 214 628 261 558 328 640 371 684 407 717 238 581 203 673 164 655 156 627 191 601 150 674 121 648 119 619 139 617 111 675 89 649 86 620 
65 424 147 462 208 520 226 579 218 627 262 559 328 641 372 684 408 717 238 582 203 673 164 654 156 626 191 602 149 674 121 648 118 619 139 617 111 676 89 649 85 620 
64 424 147 462 208 521 224 581 213 628 262 558 329 640 371 684 407 717 238 581 203 673 164 654 157 626 191 602 149 674 121 648 119 619 139 617 111 675 89 648 85 619 
64 423 147 460 208 519 227 578 220 625 261 558 328 640 371 684 406 717 238 582 203 674 163 655 156 626 191 602 148 674 120 648 118 618 138 617 110 676 88 648 84 619 
64 423 147 461 208 520 227 578 219 624 261 559 328 641 371 685 407 717 238 582 203 674 163 654 157 626 191 603 150 674 121 648 119 619 139 619 111 677 88 649 84 620 
66 421 148 459 208 520 222 581 208 628 262 557 328 640 371 685 407 717 238 581 203 674 163 655 156 626 191 601 149 674 121 647 119 618 139 617 111 675 89 647 85 618 
66 423 148 461 209 519 228 579 220 626 262 558 328 641 371 685 408 717 238 582 204 674 164 654 158 625 192 601 150 674 121 647 120 617 139 617 111 676 89 648 85 619 
67 421 149 460 209 520 226 581 216 628 261 558 328 640 371 684 407 717 237 582 203 674 164 655 157 626 191 602 149 674 121 648 119 619 138 617 111 675 89 648 86 619 
64 421 147 460 207 520 222 580 210 626 261 556 328 638 371 682 408 714 238 581 204 672 165 654 157 626 191 601 150 674 121 647 119 618 139 617 111 676 88 648 84 619 
66 422 148 461 209 520 227 580 218 626 262 558 328 641 372 685 408 718 238 581 205 674 166 654 159 625 191 601 151 674 122 647 120 618 139 617 111 676 89 648 86 619 
66 422 149 461 209 521 225 582 213 629 261 557 328 640 372 684 408 717 238 580 204 673 164 654 157 626 191 601 149 674 121 647 120 618 139 616 111 675 89 648 86 619 
66 422 148 460 209 519 227 578 217 625 261 557 328 640 371 684 407 717 238 580 204 673 165 654 158 626 191 600 150 673 122 647 120 618 139 615 112 675 90 648 87 620 
66 422 149 460 209 520 225 580 214 627 262 557 329 640 372 684 407 717 238 581 204 674 165 654 158 625 192 601 150 674 121 647 120 618 140 616 111 675 90 647 86 619 
66 421 149 460 208 521 223 583 211 630 262 557 328 640 371 684 408 717 239 580 204 673 165 654 158 626 192 600 150 673 122 647 121 617 140 616 111 674 90 646 87 618 
65 420 148 459 208 519 225 578 216 624 261 557 328 639 371 683 407 716 238 581 203 673 164 654 157 625 191 601 149 674 121 648 120 619 139 616 111 674 89 647 86 618 
67 420 149 459 210 518 227 577 218 624 261 557 328 640 372 684 407 717 238 580 204 673 165 655 157 626 192 600 151 673 122 647 120 618 140 615 112 674 90 647 86 619 
67 422 149 461 209 521 225 581 214 628 262 557 328 640 372 684 408 717 239 580 203 673 164 653 158 625 193 600 149 673 121 646 120 617 141 616 111 675 90 646 87 618 
69 419 151 458 211 518 226 579 213 626 262 557 329 639 371 683 406 716 238 581 204 673 165 654 157 626 190 600 150 672 122 646 120 617 138 615 112 673 91 646 86 618 
69 421 151 461 211 521 227 581 216 628 263 558 329 639 372 683 408 715 239 581 206 672 167 654 159 626 192 601 152 672 123 646 121 617 139 616 113 675 90 647 85 619 
67 421 149 460 209 519 225 579 214 626 262 556 328 639 371 683 407 715 239 580 205 672 166 653 158 624 192 600 151 673 122 646 120 617 140 615 112 675 90 648 86 619 
66 422 149 460 209 520 227 578 219 625 262 557 328 640 372 684 407 717 239 580 203 673 164 654 158 625 193 600 150 673 122 647 120 618 141 615 111 675 89 647 86 618 
68 421 150 460 210 520 226 580 215 628 263 556 329 639 371 684 406 717 239 580 206 673 166 655 158 627 191 600 151 673 123 647 120 618 139 615 113 674 91 648 87 619 
68 421 150 460 209 520 224 580 212 628 263 557 329 640 372 684 408 716 239 581 205 673 165 653 157 624 192 601 150 673 121 646 119 616 139 616 111 676 89 647 85 617 
68 421 150 460 209 521 224 582 210 630 262 556 329 639 372 683 408 716 238 580 204 672 165 653 158 625 191 600 150 672 122 646 120 617 139 615 112 674 90 647 86 618 
67 420 149 460 209 520 224 580 213 628 262 558 329 640 371 684 407 717 239 581 204 673 165 653 158 624 192 600 150 673 122 646 121 616 140 615 112 675 90 647 86 618 
68 420 150 460 210 521 225 581 213 627 262 557 328 640 372 684 408 717 239 580 204 673 165 654 158 626 192 600 151 673 123 647 121 617 140 616 112 674 91 647 87 618 
68 421 150 459 210 518 228 578 219 625 262 556 328 639 371 683 407 716 239 579 204 673 165 654 158 625 192 600 150 673 122 646 120 617 140 616 111 675 90 647 86 618 
68 422 151 461 211 521 227 581 217 628 263 557 329 640 372 684 408 717 239 580 204 673 166 653 159 625 192 600 150 673 123 646 121 618 140 616 111 675 90 647 87 619 
68 421 150 460 210 520 225 581 212 628 262 556 329 639 372 683 408 716 238 580 204 673 165 653 159 624 191 600 150 672 122 646 121 616 139 615 112 675 90 647 87 618 
69 421 151 460 210 520 225 579 215 626 262 557 329 640 372 684 408 717 239 580 205 673 166 653 159 624 192 600 151 673 123 646 121 617 140 616 112 674 90 646 87 617 
69 420 151 460 209 520 223 581 210 628 262 557 328 639 371 683 407 716 238 580 204 672 165 653 158 625 192 600 150 672 122 645 121 616 140 616 112 674 90 646 87 618 
69 420 150 460 210 520 225 580 213 627 263 556 329 639 372 683 408 716 239 579 205 673 165 654 158 625 192 599 150 673 123 646 121 617 140 614 112 674 90 646 87 618 
70 420 151 460 210 520 225 581 213 629 262 557 328 640 372 684 408 717 238 580 205 673 166 653 159 624 192 600 151 672 123 645 121 616 139 615 113 674 91 647 86 618 
69 420 150 460 210 520 225 580 212 628 263 556 329 638 372 681 409 714 239 579 206 672 168 654 160 625 192 599 152 672 124 645 121 616 140 615 113 674 91 647 86 618 
68 420 150 460 209 521 223 581 213 628 263 556 329 639 373 684 409 717 240 578 205 674 166 656 158 627 193 598 150 673 121 647 119 618 141 614 112 675 89 647 86 618 
68 420 150 461 208 523 221 584 208 632 262 556 329 639 372 683 408 716 239 578 205 673 165 654 158 625 193 598 151 673 122 646 121 617 141 614 112 674 90 647 87 618 
64 423 146 463 206 524 220 585 210 633 260 557 328 637 371 680 407 712 238 578 205 673 164 657 155 629 192 597 150 674 120 649 117 619 141 613 112 676 88 649 84 620 
65 422 146 462 206 522 220 584 211 633 259 557 326 636 369 679 405 712 234 578 203 675 161 658 151 630 187 595 148 674 119 649 116 620 134 609 109 673 88 647 84 618 
64 422 144 463 203 526 216 590 204 639 258 556 325 636 369 679 405 711 234 577 203 674 162 658 152 630 189 595 147 673 118 648 115 619 137 610 108 673 85 646 82 617 
66 419 147 460 205 522 218 584 206 633 257 556 324 636 368 680 403 713 233 577 201 674 160 658 150 631 186 595 145 672 117 648 113 619 134 610 107 671 86 645 82 617 
65 418 145 460 203 521 215 584 203 633 256 555 324 635 367 680 403 713 231 577 200 672 161 654 152 625 184 595 143 671 116 645 114 616 132 609 105 669 84 642 82 613 
62 418 144 460 201 521 215 584 203 633 254 554 323 634 367 679 403 712 230 576 199 673 159 655 150 625 183 594 142 670 115 644 113 615 130 608 103 669 83 642 80 613 
56 409 140 442 204 501 226 564 219 616 251 537 321 616 364 662 399 696 223 561 211 660 173 644 161 614 176 583 152 660 127 636 123 606 124 599 111 661 91 635 85 606 
77 331 175 359 247 421 279 489 280 542 255 417 304 528 326 584 341 632 197 442 249 566 242 539 228 500 143 468 197 572 193 542 180 506 95 490 148 576 153 553 144 523 
118 306 212 326 296 384 334 460 336 526 256 374 302 495 319 554 327 601 195 398 258 533 266 513 258 475 146 423 208 542 219 519 213 483 108 445 164 540 182 527 179 497 
217 288 307 314 381 377 408 450 420 507 302 358 318 479 337 539 350 580 236 374 275 519 316 549 339 550 196 395 236 524 278 540 301 529 173 415 207 519 242 541 265 537 
254 304 336 320 400 386 427 459 449 515 312 370 333 480 353 543 368 587 253 389 282 520 327 554 353 553 216 411 246 529 292 550 320 542 196 430 218 531 254 559 283 561 
283 317 360 330 416 400 441 472 466 527 326 376 344 488 367 549 382 594 268 396 289 522 336 567 366 576 234 420 255 533 304 564 336 565 218 442 230 535 266 564 298 568 
329 338 395 361 439 427 459 492 475 544 342 399 346 503 368 564 383 607 287 416 293 531 335 579 363 589 257 437 261 541 306 577 337 580 244 456 238 540 269 571 298 575 
390 348 445 382 472 449 479 514 490 566 368 400 344 489 356 552 367 597 317 405 288 512 325 566 354 584 288 420 260 516 298 561 330 570 278 438 247 512 266 551 291 562 
396 344 451 374 480 432 482 492 481 541 373 375 337 458 352 520 368 561 320 385 290 489 329 544 362 555 293 405 261 501 300 543 331 548 281 429 256 502 278 540 301 545 
399 360 464 369 512 393 525 426 518 460 434 349 435 400 459 443 484 477 387 370 407 436 441 468 465 477 352 395 369 457 404 479 425 483 325 418 344 472 368 484 381 483 
462 340 510 350 547 382 559 422 564 458 490 339 491 409 502 459 510 495 439 349 456 435 488 473 510 483 401 367 422 450 457 477 477 479 375 388 390 457 417 481 436 484 
491 353 550 367 592 402 599 448 601 489 539 335 545 418 542 472 536 508 485 347 509 463 529 481 534 471 446 369 474 474 501 479 508 461 420 393 442 472 465 484 477 474 
549 331 602 344 627 393 617 451 603 488 610 393 607 479 597 527 590 556 559 403 573 503 574 535 573 547 513 414 531 503 543 498 550 478 476 426 498 499 514 498 522 482 
561 342 639 368 687 436 679 506 645 543 628 418 604 505 586 554 565 589 566 426 589 529 613 530 620 514 521 437 552 530 578 519 585 494 491 447 519 525 544 518 550 493 
560 344 645 380 692 463 673 537 623 559 625 444 600 533 582 581 562 619 559 448 575 548 598 532 605 503 514 454 541 540 563 523 569 492 483 458 512 530 532 519 533 491 
555 340 640 379 685 463 666 539 614 557 619 445 593 538 575 587 555 626 554 449 567 551 589 535 595 505 508 454 533 541 555 524 560 495 475 458 504 531 523 520 524 494 
553 341 638 382 683 468 663 542 613 556 615 451 592 549 574 603 554 647 549 453 566 555 589 534 594 503 504 456 531 547 553 526 557 494 471 457 500 533 519 520 519 491 
550 340 636 380 680 466 663 537 617 552 615 452 593 554 580 608 565 652 550 453 565 558 589 540 593 510 504 456 531 549 553 530 556 500 469 456 497 533 516 522 518 494 
547 337 632 378 677 463 661 535 617 555 613 450 592 550 579 602 563 645 548 453 563 557 586 539 592 508 502 457 529 547 550 528 553 499 468 457 495 531 514 521 516 494 
546 337 630 378 674 464 659 535 615 554 609 452 589 553 575 605 558 646 545 454 559 557 582 540 588 509 500 457 524 547 546 529 550 499 466 456 491 531 511 522 514 495 
545 337 629 380 673 465 657 536 613 554 606 451 586 554 574 606 559 649 542 454 557 558 582 541 588 511 498 456 523 549 546 530 550 501 464 456 490 531 510 522 514 495 
552 339 633 382 674 467 659 536 619 560 614 458 590 557 575 610 559 651 550 456 558 561 582 544 590 513 504 455 524 547 546 528 551 499 469 450 490 525 509 517 513 490 
550 338 631 382 671 466 656 535 617 558 613 458 590 558 576 610 561 651 551 457 558 559 581 541 588 510 505 456 523 545 544 526 548 497 469 451 489 523 508 514 511 488 
553 334 630 380 665 461 652 529 618 558 615 460 590 558 576 611 560 652 555 454 551 557 573 540 581 511 509 448 516 539 537 522 542 492 472 439 481 513 500 505 506 478 
551 331 627 377 662 457 652 524 622 557 614 462 590 558 576 610 561 650 555 457 550 556 571 540 579 510 510 449 515 538 535 521 540 491 472 438 479 512 498 503 504 476 
550 332 625 379 660 458 650 525 621 559 615 462 589 558 575 610 560 650 556 457 547 556 567 539 575 509 509 449 511 538 530 521 535 490 472 439 476 512 495 503 500 476 
547 332 623 378 657 458 646 526 616 561 613 463 588 561 573 612 557 653 554 458 545 557 565 538 573 508 507 450 509 538 528 520 533 489 469 439 474 513 492 503 498 475 
547 334 624 381 659 462 648 530 619 563 611 468 588 567 575 620 559 662 552 464 547 560 567 540 575 509 506 456 511 542 530 524 533 493 468 443 475 515 493 506 498 478 
548 335 624 382 659 463 649 530 621 564 612 471 588 567 574 620 558 660 553 467 547 558 568 539 576 509 507 458 511 540 530 523 533 493 469 445 475 517 493 508 498 480 
547 333 623 381 658 462 649 529 621 564 612 469 587 566 573 619 556 660 553 465 547 558 567 539 576 508 506 457 511 539 529 522 533 493 468 445 474 516 492 509 498 482 
546 337 625 384 660 466 648 534 619 567 611 471 587 571 573 624 556 666 551 469 547 560 569 541 577 510 505 461 512 543 530 526 534 496 468 449 474 519 493 511 498 484 
545 338 623 384 659 466 651 533 623 568 611 473 587 571 573 624 556 665 552 470 547 561 568 542 576 511 505 462 511 543 529 526 533 496 468 451 474 521 492 513 497 486 
546 339 624 386 660 467 651 534 623 568 612 475 588 572 573 624 555 665 552 472 548 560 568 541 576 511 505 464 512 543 530 526 533 497 468 452 475 522 492 514 497 486 
546 341 624 388 659 469 651 536 623 569 612 476 588 572 574 626 557 667 552 473 549 561 569 542 577 511 506 465 513 544 530 527 534 498 469 452 474 523 492 515 497 488 
546 342 623 389 659 470 650 536 623 570 612 477 588 573 574 626 556 667 553 474 549 561 569 542 576 512 506 465 513 544 530 528 533 498 468 453 474 523 491 516 496 489 
546 347 623 392 660 474 650 541 622 573 613 477 590 574 575 628 558 669 554 473 550 563 570 544 577 513 507 465 513 546 531 529 534 499 470 454 475 525 492 516 497 488 
548 348 624 393 660 473 651 540 624 574 614 479 591 575 575 628 557 668 555 474 550 562 569 543 577 513 509 465 513 546 529 530 534 500 471 453 473 526 491 518 497 491 
548 348 623 393 659 474 650 541 623 574 613 478 591 574 575 628 557 668 554 474 550 562 569 544 577 514 508 465 513 546 529 531 534 502 470 454 473 527 491 520 498 493 
547 349 622 394 658 475 649 541 622 574 613 479 590 574 575 628 558 669 554 475 550 563 569 544 577 514 508 466 512 547 529 530 533 500 470 454 472 527 490 519 497 491 
547 350 622 394 657 475 648 541 622 574 613 481 590 575 574 629 558 669 554 475 549 563 567 543 576 514 508 466 511 546 527 530 532 501 470 454 471 527 489 519 496 491 
544 352 620 395 655 475 648 540 624 574 612 482 590 576 575 630 558 671 554 478 550 564 568 544 576 514 508 469 512 547 528 531 531 501 469 457 473 529 490 520 495 492 
545 351 620 395 655 476 647 542 621 574 613 484 591 577 575 629 557 669 555 478 549 564 567 544 575 514 508 470 511 548 527 530 531 501 469 458 474 529 490 519 495 492 
547 351 622 396 656 476 647 542 622 575 613 484 591 577 574 630 556 669 555 479 549 564 568 545 577 516 508 470 512 548 528 532 533 503 470 458 474 529 491 520 497 494 
551 355 625 400 659 479 652 544 630 578 619 488 593 580 575 631 556 670 561 482 552 566 572 546 580 516 514 472 515 549 531 532 536 503 476 460 478 530 494 522 500 494 
552 356 626 401 659 480 652 545 627 578 619 488 594 580 575 631 555 669 561 481 552 566 570 547 580 517 515 472 515 550 530 533 536 504 476 459 477 531 494 523 501 496 
551 356 625 401 659 480 652 545 627 579 619 488 594 579 576 630 556 669 561 482 553 566 571 547 580 518 514 473 516 550 531 534 536 505 475 461 478 532 494 523 500 496 
552 358 624 402 659 482 652 547 626 579 619 489 595 580 576 631 556 669 561 483 554 567 572 548 581 518 514 474 516 550 532 534 537 505 476 462 477 533 494 525 500 498 
551 360 624 403 658 484 651 549 624 580 619 491 594 581 576 631 556 669 561 485 554 568 572 548 580 518 514 476 516 551 531 534 536 505 475 464 478 534 493 525 499 497 
552 360 624 404 658 484 651 549 625 580 620 492 594 581 576 631 556 670 561 486 554 568 572 548 580 518 515 476 516 552 531 535 536 506 476 464 478 534 494 526 500 499 
551 360 624 403 659 484 652 549 624 581 620 491 595 581 576 631 555 669 562 485 554 568 572 548 581 518 515 476 517 552 532 534 537 505 477 464 479 534 494 526 500 498 
553 361 625 405 659 486 651 552 624 582 623 492 597 582 576 631 555 669 564 486 555 569 573 548 582 518 517 476 518 552 532 534 538 505 478 464 480 534 495 525 501 498 
553 361 626 405 659 486 651 553 623 582 623 493 596 582 576 631 554 668 564 487 554 568 572 547 581 517 517 477 516 552 531 534 537 505 478 464 479 534 494 525 500 497 
553 362 625 406 659 487 652 552 625 582 622 493 596 583 575 632 553 669 564 487 555 568 573 548 581 518 517 477 517 553 532 535 537 506 479 465 479 535 495 526 501 498 
553 362 626 406 660 486 652 551 626 582 623 494 595 583 575 632 553 669 564 487 555 569 573 548 582 519 518 477 517 553 532 536 538 507 479 465 479 536 495 527 502 499 
553 361 626 406 660 486 652 551 626 582 624 494 596 582 575 631 553 668 565 487 555 568 573 547 581 517 518 477 517 553 532 535 538 506 479 465 479 536 495 526 501 498 
554 362 626 406 660 486 653 551 627 582 624 494 596 583 575 632 553 669 566 488 555 568 573 547 582 518 519 478 517 552 532 535 538 506 480 465 479 535 495 527 501 499 
553 362 625 406 660 486 652 551 626 582 623 495 596 583 575 632 553 669 564 488 555 569 573 548 582 518 518 478 517 553 532 536 538 506 479 465 479 536 495 527 501 499 
553 361 626 405 659 486 652 551 627 581 624 495 596 583 575 632 553 669 565 489 555 568 573 548 582 518 518 479 517 553 532 536 538 506 479 466 479 535 495 526 501 499 
553 362 626 406 659 486 652 550 627 582 624 495 596 584 575 633 553 669 565 489 555 569 573 549 582 519 519 478 517 553 533 536 539 508 480 465 479 535 495 527 502 500 
553 362 626 406 659 486 653 550 628 581 623 495 596 583 575 632 553 669 564 489 555 569 573 549 582 520 518 479 518 553 532 537 538 508 479 466 479 536 495 528 501 501 
554 362 626 407 659 487 653 550 627 582 623 495 596 583 575 632 553 669 565 488 555 568 573 549 582 520 519 478 518 553 533 536 538 508 480 465 480 536 495 527 501 500 
553 362 626 406 659 486 652 551 626 582 624 496 596 583 575 632 553 669 565 489 555 568 572 548 581 518 519 479 517 552 531 536 538 506 480 466 479 535 494 527 502 500 
553 361 626 406 659 486 652 550 627 581 624 495 596 583 575 632 553 669 566 489 556 569 573 548 582 518 519 479 518 553 532 536 538 507 479 466 480 535 495 526 501 499 
552 362 625 405 659 486 651 552 625 582 624 495 596 584 575 632 552 669 566 489 555 569 573 548 582 518 519 479 517 553 532 535 537 506 479 466 479 536 494 527 500 499 
552 362 625 407 659 486 652 550 627 581 623 496 596 584 575 633 553 668 565 489 555 569 573 550 581 520 518 480 517 553 532 537 538 508 480 467 479 537 495 528 502 501 
552 363 625 407 660 486 653 551 627 582 623 496 596 584 575 633 552 668 565 489 555 568 572 549 581 520 518 479 517 553 532 537 538 508 479 466 480 536 496 528 502 501 
552 362 625 406 659 486 654 550 629 581 623 496 596 584 575 633 553 669 565 490 555 568 573 549 581 520 519 480 518 553 532 537 538 508 480 467 480 536 496 528 502 501 
553 362 626 406 659 485 653 550 628 582 624 496 596 585 575 633 552 669 566 489 555 569 573 549 582 520 519 479 517 553 532 536 538 508 480 467 480 536 495 527 501 500 
553 362 626 407 660 486 653 550 628 582 624 496 596 584 575 633 552 669 566 489 555 569 573 550 582 521 519 479 517 553 532 537 538 508 480 466 480 536 495 528 502 501 
553 361 625 406 658 484 655 548 632 580 623 496 596 585 575 633 553 669 566 490 555 568 572 549 581 521 519 480 517 552 532 537 538 508 480 467 480 536 495 528 502 501 
554 361 626 406 659 486 653 550 628 581 624 496 596 584 575 633 553 669 566 489 555 569 573 550 582 521 520 479 517 553 533 537 540 508 481 466 480 536 496 528 504 501 
553 361 626 406 659 486 653 551 628 582 623 497 596 585 575 633 553 669 565 490 555 568 572 549 581 520 519 480 517 553 532 536 538 508 480 467 480 536 495 527 502 500 
553 361 625 406 659 485 655 548 632 581 624 496 595 584 574 633 553 669 566 490 554 568 572 550 581 521 519 481 517 552 532 537 538 508 481 468 480 536 496 528 502 501 
553 362 626 406 659 486 654 550 629 582 624 497 597 585 575 633 552 668 566 490 555 569 572 549 582 520 520 480 517 553 532 537 539 509 481 467 480 536 496 528 503 501 
553 361 625 406 660 486 654 550 629 581 623 496 596 584 575 633 552 669 566 489 555 569 573 550 582 521 519 479 517 553 532 537 539 508 480 466 480 536 496 528 503 501 
553 362 626 406 659 486 653 551 627 582 624 496 596 584 575 633 552 669 566 490 555 568 572 549 581 519 519 480 517 553 532 536 538 507 480 467 480 536 495 527 502 500 
553 361 626 406 659 485 655 549 630 581 623 496 596 584 575 633 553 669 566 490 555 569 573 550 582 521 519 480 518 554 533 537 539 509 480 467 480 536 496 528 503 501 
555 362 627 407 660 487 654 551 628 582 625 497 596 585 575 633 552 669 567 490 555 568 573 549 582 520 520 480 517 553 532 536 539 508 481 467 480 536 496 527 502 500 
554 362 627 407 661 487 654 551 629 583 625 497 597 585 575 633 552 669 567 491 555 569 573 549 582 520 520 480 517 553 532 537 539 508 481 467 480 536 496 528 503 501 
555 361 627 407 661 487 654 552 628 582 625 497 597 585 575 633 552 669 567 490 556 569 573 549 582 520 520 480 518 553 533 537 539 508 481 467 481 536 496 528 503 501 
554 362 626 406 660 486 655 550 630 581 625 496 596 584 575 633 552 668 567 490 556 569 573 549 582 520 520 480 518 553 532 537 538 508 481 467 480 536 495 528 502 501 
555 363 627 408 660 487 654 550 629 582 625 497 596 584 575 633 552 668 567 491 556 568 573 549 582 521 520 481 518 553 532 537 538 508 481 468 481 536 496 527 502 500 
555 363 627 409 660 487 655 550 629 582 625 497 596 585 574 633 551 668 567 490 556 569 573 550 582 521 520 480 518 553 532 537 538 509 481 467 480 536 496 528 502 501 
554 364 627 408 661 488 654 551 629 582 625 498 596 585 574 633 552 668 567 491 556 569 573 550 582 521 520 481 518 553 533 537 539 509 481 468 481 537 496 528 503 501 
553 364 626 408 660 486 655 550 630 581 624 497 596 584 574 633 552 668 567 492 556 569 573 549 582 520 520 482 518 553 532 537 538 509 481 468 481 537 496 528 502 501 
554 364 627 409 661 488 655 552 629 582 625 498 596 584 575 633 551 668 567 491 556 569 574 550 583 521 520 481 518 554 533 538 539 509 482 467 480 537 496 528 503 501 
555 363 628 408 660 487 655 550 630 581 625 498 596 585 574 633 551 668 568 492 556 568 573 549 582 520 521 482 518 553 532 537 538 509 482 468 480 536 496 528 502 501 
555 363 628 409 660 488 653 552 628 582 625 498 596 585 575 633 552 668 567 491 555 568 573 548 582 520 521 481 517 553 532 536 538 507 482 467 481 535 496 527 502 499 
554 362 626 406 660 486 654 551 629 583 626 498 597 585 575 633 552 668 569 492 555 568 572 548 581 519 522 481 517 553 531 536 537 508 482 467 480 535 495 526 501 499 
555 361 627 406 658 485 654 548 631 581 627 499 598 586 576 633 553 668 571 492 555 569 571 550 581 520 524 480 516 554 530 537 538 508 484 465 479 536 494 528 502 501 
556 361 627 407 659 486 653 550 629 583 630 498 599 585 576 634 552 670 573 491 555 570 571 550 581 520 526 479 517 553 531 537 538 508 485 465 481 536 496 528 503 501 
555 361 625 405 658 484 654 547 630 581 629 498 599 586 577 633 554 668 574 491 555 570 571 550 581 521 526 480 517 554 531 538 538 509 486 465 480 536 496 528 505 502 
554 361 625 405 658 484 654 548 629 582 629 498 599 586 576 634 553 670 573 491 556 570 571 550 582 521 526 481 518 555 532 538 539 509 486 466 482 538 498 529 506 503 
554 362 624 406 659 485 654 549 628 581 629 500 599 586 577 633 554 668 573 493 556 572 572 552 582 522 526 482 518 555 532 540 541 511 486 467 481 538 497 531 507 505 
555 363 624 407 659 485 654 548 629 582 630 500 600 586 577 632 554 667 574 494 556 571 571 551 582 521 527 483 518 555 531 538 539 510 486 468 481 538 497 530 506 503 
555 364 624 408 659 487 654 550 627 582 631 501 601 586 577 631 554 665 575 495 557 571 571 551 581 522 528 483 518 555 531 539 539 510 487 469 482 539 497 530 505 503 
556 365 624 410 658 487 654 550 627 582 632 502 601 585 578 631 555 665 576 495 557 572 571 552 581 522 529 483 518 556 531 540 539 511 488 468 481 539 496 530 505 504 
555 366 624 410 658 488 654 551 628 582 631 502 601 585 578 631 556 664 576 495 557 572 570 552 581 522 529 484 518 556 530 539 538 511 488 469 481 539 496 531 504 504 
557 368 625 413 658 492 653 554 626 583 631 503 601 586 578 631 555 665 576 495 556 572 570 552 581 523 529 484 518 556 531 540 538 511 488 469 481 539 496 531 504 504 
555 369 623 413 657 488 654 550 630 583 630 503 599 587 577 632 554 666 576 496 557 573 571 553 581 525 528 485 518 558 531 542 539 513 487 469 479 540 495 533 505 508 
552 369 620 411 655 486 654 547 632 582 628 501 599 584 578 630 556 663 574 496 557 575 571 556 581 527 526 486 518 559 531 544 539 516 485 472 479 543 495 536 505 511 
553 370 621 412 655 490 652 554 627 585 628 502 600 585 578 630 556 664 572 496 556 573 571 553 581 524 525 486 518 558 530 541 537 512 484 473 479 542 495 533 503 507 
552 369 621 411 655 488 652 551 628 584 626 501 599 584 577 630 556 664 571 496 557 573 571 553 581 523 524 486 518 558 530 541 538 512 484 473 478 542 494 533 503 507 
552 369 621 411 656 489 651 555 627 588 625 500 599 584 578 630 557 664 570 495 556 573 571 554 581 525 523 485 518 557 531 542 539 514 483 473 479 542 495 534 504 508 
538 350 618 387 659 466 650 539 609 571 614 471 593 559 576 609 557 649 555 473 554 562 569 541 576 510 507 471 515 550 530 531 535 499 468 463 477 533 493 523 497 496 
530 329 612 367 660 443 652 519 612 559 605 444 583 540 569 592 553 633 543 448 549 552 570 534 578 504 496 449 512 539 532 520 536 490 459 445 476 519 495 509 499 482 
518 320 607 356 660 431 656 507 620 549 601 433 581 533 569 586 556 626 538 441 549 545 570 530 576 501 491 445 511 537 532 519 534 489 454 444 474 519 494 507 497 480 
514 322 604 357 659 431 658 508 619 547 599 430 579 531 566 585 553 626 536 439 551 542 571 526 577 496 489 445 513 537 531 518 533 487 453 447 475 521 494 509 496 481 
521 332 601 365 651 441 642 514 600 546 602 430 583 532 571 586 557 628 538 434 548 549 567 532 572 498 491 437 510 538 529 519 532 485 454 438 472 520 491 508 492 477 
524 334 602 369 650 442 642 512 605 547 602 431 583 536 570 589 554 630 539 431 547 549 566 534 571 502 492 434 510 538 529 520 531 489 455 436 471 520 491 509 494 479 
533 321 609 352 657 426 648 496 613 533 609 418 596 526 585 584 573 627 546 416 553 542 574 531 583 500 499 417 513 527 536 513 543 482 461 416 474 504 497 498 505 471 
541 324 618 359 663 433 654 502 619 538 611 430 594 541 584 599 571 643 548 427 553 551 574 535 581 502 502 425 515 534 537 516 541 484 465 421 475 509 496 501 502 473 
542 325 624 362 666 440 652 511 616 547 612 434 594 547 583 607 569 652 548 431 553 557 576 540 583 505 501 430 516 540 539 521 543 488 465 426 478 513 499 505 504 476 
544 327 625 367 666 448 650 519 613 554 612 439 593 552 581 611 568 657 548 435 551 563 574 547 582 513 501 433 514 545 538 528 543 495 465 429 476 517 499 510 505 481 
543 330 624 370 665 452 649 522 613 557 611 442 591 556 579 614 566 659 547 439 549 565 573 553 583 521 500 437 513 548 538 535 545 505 465 434 475 521 499 519 508 493 
540 340 620 381 659 462 642 531 607 564 606 451 587 562 574 619 560 664 542 448 543 574 566 559 575 524 495 446 507 555 532 540 539 509 460 442 468 528 492 525 502 501 
539 341 619 382 657 463 640 532 605 565 604 452 584 564 571 622 557 666 540 449 542 574 566 563 576 532 494 447 506 557 531 546 538 516 458 444 467 531 491 530 501 505 
538 343 616 382 655 460 641 528 609 562 603 452 584 563 572 619 559 662 540 449 544 573 569 565 580 536 494 448 506 557 533 547 541 520 459 445 466 532 492 533 503 512 
538 344 616 384 656 463 641 531 609 566 605 454 585 564 572 622 558 665 542 450 543 575 567 564 577 533 496 448 506 559 531 547 539 517 460 446 467 534 491 533 501 509 
539 346 617 386 658 465 642 533 607 568 606 454 585 565 572 624 557 669 542 450 543 577 567 565 578 532 496 450 507 561 532 547 539 517 461 448 469 536 493 533 502 507 
539 346 617 386 657 465 641 532 608 566 607 455 585 566 571 624 556 668 543 451 542 575 566 564 577 532 497 450 506 560 531 547 538 517 462 448 469 536 493 533 502 508 
537 349 617 388 657 467 641 535 606 570 606 455 585 566 571 624 556 669 541 452 543 578 566 564 576 531 495 452 507 563 532 548 538 516 460 452 471 538 495 533 502 506 
536 348 615 386 656 464 642 532 609 567 605 456 585 567 571 625 556 669 542 452 542 577 566 565 577 533 496 452 507 562 531 549 539 518 462 451 470 538 493 535 503 509 
535 349 615 388 657 465 642 534 607 569 606 457 585 567 571 624 556 669 542 454 543 577 566 564 575 532 496 454 508 562 531 548 538 517 461 453 471 538 493 534 501 508 
534 349 614 388 656 466 640 535 605 570 608 455 586 566 571 623 555 667 544 453 543 576 565 563 575 531 497 454 507 561 530 546 537 515 462 453 470 538 492 533 500 507 
534 350 613 388 656 464 642 533 607 569 608 456 586 566 570 623 554 665 544 453 543 576 565 564 575 532 498 453 507 561 529 547 536 515 463 452 469 538 491 533 499 507 
535 350 613 389 655 467 639 535 604 571 608 456 585 566 569 622 552 664 545 453 543 575 564 564 574 533 499 453 507 560 529 547 537 517 463 452 469 537 491 534 500 508 
535 350 613 388 655 465 641 533 607 569 608 457 585 566 569 622 553 665 545 453 543 576 565 565 575 534 499 453 507 561 530 548 537 518 464 452 469 538 491 535 501 510 
536 350 614 389 656 465 642 532 609 568 609 457 585 566 569 622 552 665 546 453 543 576 565 564 576 533 500 452 507 561 530 548 537 517 465 451 469 538 490 535 500 511 
536 351 614 389 656 464 642 532 610 569 609 457 585 566 570 622 553 664 546 453 543 576 565 566 575 535 500 453 507 561 530 548 538 518 465 452 469 538 491 535 501 510 
536 350 614 388 656 464 643 532 609 567 609 458 586 566 570 622 553 664 547 454 543 575 565 564 576 533 500 453 507 560 530 547 538 517 466 452 469 537 491 534 501 509 
537 350 615 388 658 464 643 532 608 568 610 455 586 565 570 623 552 665 547 451 545 575 567 563 577 531 501 451 509 561 531 547 539 515 466 451 471 538 492 534 502 509 
537 350 615 388 658 464 643 532 608 567 611 456 587 565 570 623 552 666 548 453 545 574 567 562 577 531 501 452 509 560 531 547 539 516 466 451 471 538 493 534 502 508 
537 351 615 388 658 464 643 532 607 568 611 455 587 565 570 623 552 666 548 451 545 574 567 562 576 530 501 451 509 560 531 546 538 515 467 451 472 538 493 533 502 507 
538 351 616 388 658 464 644 532 609 568 611 457 587 565 570 623 552 666 549 453 546 573 566 563 577 533 502 452 510 559 532 548 540 518 467 451 472 538 493 536 503 512 
538 352 616 389 658 464 644 532 608 568 612 457 587 565 570 623 553 666 549 452 547 574 567 563 578 532 503 452 510 560 532 547 540 517 468 451 472 538 493 535 503 510 
538 352 616 389 658 463 645 530 611 566 612 458 587 567 570 624 552 666 550 453 546 574 567 563 577 534 503 452 510 559 532 547 540 518 468 451 472 538 494 535 503 510 
539 352 616 389 659 463 645 532 610 569 613 457 588 565 571 624 554 668 551 453 547 574 567 563 578 533 504 452 511 560 532 548 541 518 468 451 472 538 493 536 504 512 
539 352 617 390 659 465 643 534 606 570 613 456 588 567 570 625 553 669 550 452 547 575 567 563 577 532 503 451 511 561 532 548 540 517 467 451 472 539 494 536 503 511 
539 352 617 390 659 463 646 531 611 568 614 458 587 567 570 626 552 669 551 453 547 574 567 562 577 531 504 452 510 560 532 547 540 516 469 451 471 538 493 535 503 510 
538 352 616 389 659 464 645 532 609 569 613 458 588 567 570 626 553 669 551 454 547 575 567 562 577 531 504 453 510 560 532 547 540 516 468 451 472 538 493 535 503 509 
538 351 616 388 659 463 645 531 610 568 613 457 588 567 570 626 552 669 551 453 547 574 567 562 577 530 504 452 510 560 531 547 539 516 469 451 471 538 492 534 502 509 
539 353 617 391 660 465 647 532 612 568 614 460 587 569 570 627 552 670 551 453 548 576 569 563 579 531 504 452 511 562 532 547 541 515 469 450 472 539 493 534 504 508 
540 352 618 391 659 465 645 533 609 569 614 459 588 569 570 628 552 671 552 454 548 575 568 563 579 531 504 453 511 561 533 547 540 515 468 452 472 539 494 534 504 508 
540 353 617 391 660 467 645 534 607 569 614 459 588 569 570 628 552 672 551 454 548 575 568 562 578 530 504 452 511 560 532 546 540 514 468 451 472 539 494 533 504 506 
541 352 618 390 660 465 645 533 609 568 614 461 588 570 570 628 552 672 552 456 547 575 568 561 578 529 505 454 510 560 531 545 539 513 469 451 471 537 492 533 502 507 
540 352 618 391 660 465 646 531 611 567 614 460 588 570 570 629 552 672 552 454 548 576 569 562 579 530 505 453 511 561 532 546 540 514 469 450 471 538 493 533 503 507 
540 353 618 391 661 466 646 533 610 569 614 460 588 570 571 629 552 672 552 455 548 576 569 562 579 529 505 454 511 562 533 546 540 513 469 451 473 539 495 532 504 505 
541 353 619 392 661 467 646 534 610 569 615 461 589 570 571 628 552 671 552 455 548 576 569 563 579 531 506 454 511 561 533 547 541 516 470 451 472 539 494 535 504 509 
541 353 619 392 662 466 648 532 613 568 615 462 589 570 571 629 553 672 552 456 549 577 569 563 579 531 505 454 511 561 533 546 541 515 469 451 472 539 494 534 504 507 
542 353 619 392 662 467 648 534 610 569 616 462 589 571 571 629 553 672 554 456 549 577 569 562 580 529 506 454 511 561 532 546 541 513 470 451 473 538 494 532 504 505 
542 354 619 393 662 467 648 535 611 570 617 462 590 571 572 629 553 672 554 456 550 577 570 563 580 530 507 454 512 562 533 546 541 514 470 451 472 538 494 534 504 507 
542 355 619 393 663 468 649 535 612 570 617 463 590 572 572 630 554 673 554 457 550 578 571 563 580 530 507 454 512 562 533 546 541 513 470 451 473 538 494 533 504 506 
541 354 619 392 663 466 648 533 612 570 617 463 590 572 572 630 553 672 554 457 550 577 570 564 581 532 507 455 512 562 534 548 542 516 470 452 473 539 495 535 505 509 
541 352 619 392 662 466 649 533 613 570 617 461 591 571 572 629 553 672 555 455 550 576 570 563 581 531 507 453 512 561 533 547 542 515 471 450 473 539 494 535 505 509 
541 353 618 393 662 468 648 535 611 571 617 461 591 571 572 629 553 672 554 455 549 577 569 563 580 531 506 454 512 562 533 547 541 515 469 451 473 539 495 534 504 506 
543 356 619 395 663 468 650 535 613 570 618 463 591 573 572 631 552 673 555 456 551 579 571 564 582 531 508 454 513 563 534 547 542 514 471 451 474 539 495 532 505 505 
542 355 620 394 663 469 648 536 610 572 619 462 592 572 572 630 552 672 556 456 550 577 570 564 581 531 509 454 512 562 533 548 542 517 472 451 473 539 494 536 506 511 
541 354 619 393 663 468 649 536 611 571 618 462 591 572 572 630 553 673 556 456 551 578 571 564 581 532 508 454 513 563 534 548 543 515 472 451 474 539 496 535 506 509 
542 354 619 394 663 467 650 534 615 570 619 463 591 573 572 630 553 672 556 457 550 576 570 565 581 535 509 455 513 561 534 549 543 519 473 451 473 539 494 538 506 515 
541 354 619 394 662 468 650 534 615 571 618 462 591 573 571 630 552 672 556 456 550 577 570 567 581 537 509 454 514 562 535 550 544 520 472 452 475 540 497 536 507 511 
542 354 619 395 663 469 649 536 612 572 619 463 591 572 571 630 552 672 556 457 551 577 571 565 582 534 509 455 514 562 535 549 544 518 473 452 475 539 496 536 507 512 
543 354 621 394 664 468 650 536 613 571 620 463 593 572 573 630 553 672 557 457 551 578 572 564 582 532 510 455 514 563 535 548 544 516 473 452 475 539 496 536 507 511 
543 354 621 394 665 470 649 538 611 573 621 462 592 572 572 630 552 672 557 456 551 577 571 564 582 532 510 454 514 562 535 548 544 517 473 452 475 540 497 537 508 511 
544 355 621 395 664 469 650 536 613 571 621 463 592 573 572 630 551 672 559 456 551 577 571 563 582 531 511 454 514 562 535 547 544 515 474 451 475 539 496 536 507 509 
543 355 621 394 664 469 650 537 612 572 621 462 592 572 572 629 552 671 558 456 551 577 572 565 583 533 511 454 514 561 535 548 545 517 474 452 475 539 497 537 508 512 
543 355 620 395 664 468 651 536 614 571 621 464 592 573 572 630 552 672 558 457 551 576 571 564 582 532 511 455 514 562 535 548 544 517 474 453 475 540 496 537 508 512 
543 356 620 395 664 469 650 536 614 572 621 462 592 572 572 629 551 670 558 456 551 576 571 564 582 533 511 454 514 562 535 548 544 517 474 452 475 540 497 536 508 511 
545 356 621 397 665 470 651 536 614 571 622 464 592 572 572 630 552 672 560 456 551 576 571 564 583 532 512 454 514 561 535 549 545 517 476 451 475 539 496 538 508 514 
545 357 622 396 665 470 650 537 613 572 622 463 593 572 572 630 552 671 559 456 551 576 572 564 583 533 512 453 514 562 535 549 545 518 475 451 475 539 497 537 508 513 
545 357 622 396 665 471 650 538 614 573 622 463 593 572 572 630 552 671 559 456 551 576 571 564 583 532 512 454 514 561 535 549 545 518 475 451 475 539 496 537 508 514 
545 356 621 397 665 469 651 535 615 571 623 465 592 574 572 631 552 672 561 456 551 575 571 564 583 534 513 453 513 560 534 549 545 519 476 449 474 538 495 538 508 517 
547 356 623 397 666 471 651 538 614 573 622 464 592 573 572 630 552 671 560 455 551 577 572 567 585 537 513 452 513 560 535 550 546 520 477 448 474 537 495 538 508 518 
546 356 623 396 667 470 653 536 617 570 624 465 594 573 574 630 554 671 561 457 552 577 572 565 584 533 514 453 514 561 536 548 546 517 477 450 475 538 497 536 509 513 
546 356 623 396 666 471 651 538 614 573 624 464 593 573 572 630 552 671 561 456 552 576 572 565 584 534 514 453 514 561 535 549 546 518 477 450 476 538 497 537 509 514 
546 356 623 396 666 471 650 539 612 574 625 464 593 572 572 630 552 671 562 455 552 576 572 565 584 534 514 452 514 560 535 548 546 518 477 449 476 538 497 537 509 514 
546 355 622 395 666 469 652 536 616 572 624 464 593 573 573 630 553 670 562 456 551 576 571 565 584 534 514 453 514 560 535 549 546 518 477 449 475 538 496 538 508 517 
546 356 622 396 666 470 651 538 614 573 624 463 593 572 572 629 552 670 561 456 552 576 571 565 583 535 513 453 514 560 535 549 546 519 477 450 475 537 496 538 509 517 
546 356 623 397 666 471 652 539 614 573 624 465 594 573 573 629 552 670 561 457 551 576 572 565 584 534 514 454 514 560 535 549 546 518 477 450 475 537 496 538 509 516 
545 356 622 396 666 470 652 538 615 573 624 464 593 572 573 629 552 670 561 456 552 576 572 564 584 534 514 453 514 560 535 549 546 518 477 450 476 538 497 537 510 514 
544 356 621 396 666 470 651 538 614 574 623 462 592 571 572 629 552 670 560 455 552 577 573 566 584 534 512 453 515 561 536 549 546 518 475 451 477 540 498 537 509 513 
545 358 622 398 666 472 651 539 613 575 622 464 591 572 571 630 552 671 560 456 552 578 572 566 583 534 512 453 515 561 536 549 546 517 475 451 477 540 498 537 509 513 
543 357 620 395 665 468 654 535 618 571 621 462 593 571 574 628 555 669 559 455 553 575 573 564 585 533 512 453 515 561 537 548 546 517 475 452 477 540 498 537 509 513 
542 356 620 396 666 470 652 537 614 573 621 461 593 570 574 628 554 669 559 455 552 576 572 564 584 532 511 453 514 560 536 548 546 516 474 451 476 539 498 537 509 513 
541 357 620 396 666 470 651 538 611 573 622 459 591 569 572 627 552 668 559 453 552 575 572 563 583 531 511 452 515 560 536 547 546 515 474 452 478 540 499 537 509 511 
543 360 621 399 668 472 653 538 615 573 621 461 590 568 571 626 552 667 558 453 553 574 573 564 584 533 510 452 516 560 537 548 547 517 474 451 478 541 500 538 510 513 
544 360 622 398 668 470 652 537 613 572 620 457 590 565 570 623 552 664 556 452 553 572 574 562 584 533 509 451 516 559 538 549 549 519 473 451 478 540 501 541 513 520 
544 356 622 395 667 467 650 535 610 569 621 452 593 560 574 617 555 657 557 447 553 568 573 561 585 533 510 447 516 554 539 547 551 519 473 448 478 537 501 543 515 525 
547 373 616 381 670 422 663 472 619 503 611 352 592 454 584 505 573 538 546 353 559 492 581 484 584 447 498 370 518 493 544 479 548 445 464 391 483 484 507 484 512 462 
499 339 567 356 616 381 617 426 577 474 543 331 522 427 519 442 509 438 484 331 488 455 514 444 525 414 438 340 451 459 472 444 485 411 406 356 419 445 437 438 447 415 
502 354 553 374 596 398 595 434 570 474 532 327 509 409 492 446 477 466 470 325 461 452 483 456 497 436 426 339 425 458 452 452 469 425 395 360 396 448 423 449 444 430 
482 373 534 388 571 405 574 443 563 486 515 337 499 419 481 460 464 485 456 335 448 453 467 457 478 440 410 348 412 458 434 453 445 429 376 370 382 450 405 456 418 442 
458 384 510 400 550 413 553 454 543 500 493 336 479 410 467 462 458 497 432 333 425 440 444 465 460 459 386 346 387 448 411 462 427 450 352 367 359 441 383 460 401 456 
445 388 496 401 542 414 547 453 537 499 485 340 476 412 464 461 452 493 423 336 419 443 441 467 458 463 376 348 381 454 410 468 428 456 342 368 349 448 376 468 395 464 
419 418 471 427 519 441 532 483 520 532 468 371 470 436 470 479 465 498 407 369 410 473 436 506 449 498 359 385 373 489 401 509 415 493 322 407 336 487 361 509 374 503 
410 425 462 433 511 444 525 486 522 536 468 372 468 443 465 487 461 507 408 367 413 470 432 505 441 499 359 381 374 485 396 510 407 497 323 401 335 485 357 513 369 509 
405 475 453 477 507 474 525 500 514 544 456 394 456 456 451 492 442 503 397 392 409 498 427 526 437 517 351 409 369 513 392 532 405 517 314 433 327 511 347 537 361 536 
411 503 459 495 508 477 523 497 512 539 452 390 453 441 448 468 441 472 393 388 410 499 426 525 431 513 347 409 368 516 389 531 398 512 312 438 330 516 349 538 361 531 
410 497 456 492 505 475 520 495 509 531 445 398 438 405 428 427 421 450 383 394 405 501 428 528 442 525 339 416 368 524 392 534 407 517 306 446 329 527 348 545 360 535 
410 491 455 487 502 473 513 501 502 540 446 395 442 409 432 434 423 455 382 391 406 502 435 526 448 517 337 415 369 528 396 536 408 513 305 447 330 532 351 548 360 534 
398 466 444 466 487 469 499 504 480 544 445 395 460 447 468 490 469 515 387 393 410 503 430 533 435 521 341 414 369 524 393 540 400 518 305 440 327 526 349 547 357 538 
396 461 444 462 493 467 505 504 485 549 450 394 466 458 471 497 472 516 390 395 418 506 433 531 435 516 342 417 376 524 393 537 396 514 304 443 331 526 350 545 358 534 
393 463 443 464 493 467 502 502 477 544 443 396 456 467 463 513 464 528 384 399 406 508 423 539 428 525 337 419 365 526 385 544 391 522 301 443 324 528 345 549 352 539 
393 464 443 466 493 465 503 501 481 547 441 394 451 457 458 500 460 517 382 395 402 503 422 537 429 525 335 416 361 523 383 543 390 522 299 441 322 526 343 548 351 539 
398 488 448 482 498 467 504 495 481 542 433 389 444 447 448 471 448 470 373 393 402 505 425 529 430 510 328 417 363 526 388 539 394 513 295 447 325 529 347 546 353 533 
401 490 448 485 495 470 498 499 480 539 431 388 434 426 437 459 434 470 369 391 397 498 422 523 426 505 325 416 357 521 385 532 391 507 294 448 321 527 344 545 350 531 
400 482 446 475 491 463 490 497 474 543 425 386 425 427 422 455 415 462 362 389 391 493 418 518 423 500 319 414 352 517 383 529 391 507 289 446 315 524 340 541 349 529 
393 482 440 473 481 459 482 500 473 548 407 387 403 439 400 479 390 497 347 394 368 500 404 523 418 509 306 420 335 524 372 536 386 519 280 453 306 532 337 548 350 536 
391 489 437 479 477 469 481 510 473 557 405 388 399 445 393 487 387 510 345 397 358 499 389 523 403 515 305 423 330 526 364 540 378 526 280 457 302 535 333 551 347 542 
398 484 441 477 480 472 478 513 465 553 407 389 401 454 395 492 385 510 348 398 360 501 387 519 398 505 308 424 328 528 360 537 371 518 284 458 303 538 332 552 344 540 
400 475 441 473 477 472 479 517 474 558 412 391 404 453 392 495 379 520 352 399 360 506 387 525 399 513 312 424 327 531 360 540 374 524 286 456 302 538 331 554 344 544 
401 479 447 480 489 473 498 511 495 555 422 396 418 455 413 492 408 511 361 400 376 512 408 535 426 524 319 423 341 532 375 545 391 529 292 454 309 536 339 552 355 542 
401 474 449 474 492 467 499 504 491 549 425 396 428 448 429 485 423 505 362 400 382 503 413 527 426 517 320 424 347 526 378 539 389 521 293 455 314 534 343 551 355 540 
401 472 452 470 497 463 500 501 487 547 428 394 433 442 440 485 439 508 366 398 389 496 419 523 429 514 324 422 353 520 383 536 393 519 295 452 319 529 347 548 359 539 
395 457 446 457 492 455 503 489 487 532 432 392 447 445 455 489 455 516 372 395 398 499 423 522 433 512 329 418 359 521 385 533 393 514 298 447 322 528 346 546 357 536 
392 454 442 454 487 454 500 489 486 533 431 392 446 451 456 495 459 517 372 395 399 500 427 530 437 521 328 418 360 520 389 538 399 519 295 445 321 528 346 548 357 538 
391 450 441 450 487 455 499 492 484 537 431 395 446 458 455 500 459 520 373 398 400 506 426 533 435 522 329 420 360 525 387 539 396 518 296 447 321 531 346 549 356 539 
390 447 442 448 487 454 501 492 486 535 433 395 449 459 457 502 460 524 374 398 400 507 427 535 437 524 329 419 361 526 389 541 399 521 296 446 321 530 346 549 358 541 
389 451 445 455 492 461 501 500 482 544 438 405 454 471 458 524 457 555 378 404 401 511 423 537 432 528 332 424 361 528 383 541 391 523 298 449 321 533 345 551 356 543 
385 437 445 445 494 461 503 504 479 550 437 403 452 477 459 528 459 555 378 406 402 510 424 538 433 528 332 426 362 527 385 542 394 524 298 450 324 533 347 552 358 544 
388 445 447 451 496 460 505 500 479 546 436 402 450 476 459 530 461 558 378 404 402 509 424 536 435 524 333 425 363 525 383 540 391 521 299 450 325 533 346 551 355 543 
389 447 447 453 495 462 503 504 480 550 436 403 451 476 459 530 458 560 378 405 401 509 424 534 433 523 333 426 363 527 386 540 394 521 300 451 326 533 349 550 359 542 
391 455 448 459 494 465 503 505 480 550 437 405 453 476 458 531 456 562 379 405 402 511 424 535 433 523 333 426 363 528 386 540 394 520 299 450 325 534 348 550 358 541 
390 443 448 450 496 462 503 505 479 550 437 404 451 474 459 529 460 559 379 405 400 508 424 538 434 528 334 425 362 525 386 542 395 524 300 449 324 532 348 552 359 544 
391 448 447 452 493 461 502 501 480 547 437 404 453 472 457 529 454 561 379 404 399 508 422 536 432 527 334 425 361 527 384 541 393 522 301 450 323 533 346 551 357 543 
393 457 449 459 494 464 503 502 481 545 439 403 454 474 459 529 456 558 379 402 403 512 427 540 437 529 333 422 363 530 389 544 399 525 299 448 323 533 348 552 359 544 
391 454 448 455 494 460 505 497 484 537 437 401 451 471 458 521 461 547 378 401 402 508 425 539 436 530 332 421 363 525 386 542 396 525 298 446 324 530 347 550 358 543 
392 460 444 461 490 462 507 501 497 550 435 400 448 472 453 517 451 538 376 402 395 503 417 528 424 518 330 422 358 522 381 537 389 518 297 447 320 528 343 547 352 538 
393 470 441 469 487 467 505 503 503 551 431 397 438 465 440 513 435 538 372 399 387 494 410 522 419 513 328 421 352 515 374 532 381 514 297 447 315 524 338 544 349 536 
389 476 436 476 481 474 499 509 508 556 426 395 429 461 429 511 424 539 368 398 380 491 404 521 416 517 325 419 345 511 371 533 382 522 295 446 310 520 335 543 348 538 
389 475 436 478 479 480 498 515 513 557 425 393 424 455 425 505 423 535 368 394 377 487 402 521 416 521 326 413 343 507 368 532 383 523 296 440 309 515 335 541 349 538 
401 496 448 497 496 486 511 507 525 537 446 375 438 414 439 464 441 492 389 375 389 439 408 490 420 500 344 394 349 463 374 503 391 507 310 422 311 474 336 511 353 518 
412 479 459 481 504 474 520 497 526 534 452 368 438 400 444 452 450 479 395 371 391 432 413 486 428 497 351 390 351 458 381 502 402 506 317 416 314 469 340 508 360 515 
420 486 466 487 512 476 528 495 532 527 460 364 444 390 449 439 455 466 403 366 396 419 417 474 432 486 358 386 354 446 383 493 407 499 324 413 315 457 340 499 362 508 
417 506 466 508 517 491 530 508 532 545 463 383 445 393 451 448 455 479 406 386 395 422 415 479 428 493 360 404 354 448 381 498 401 506 325 428 316 466 340 507 358 514 
421 492 469 499 520 491 528 516 525 557 462 387 439 409 445 461 450 488 404 391 391 432 413 487 429 501 359 408 350 456 380 503 402 510 324 433 315 475 341 514 360 517 
417 490 468 497 519 489 523 518 521 562 458 390 433 416 441 468 448 492 400 392 387 438 409 492 425 502 357 410 346 458 376 505 399 509 324 433 313 475 338 514 357 519 
416 490 467 498 517 492 519 523 519 567 454 392 430 427 439 481 445 505 397 392 383 446 406 499 421 507 353 409 342 465 373 510 395 514 320 433 310 479 335 519 354 525 
422 497 475 503 520 499 518 533 514 576 460 397 444 443 452 498 458 526 403 395 394 454 414 507 426 518 359 412 351 471 380 517 402 523 326 436 316 484 341 524 358 532 
421 503 473 508 520 502 519 534 515 578 459 398 444 442 451 499 457 526 401 395 393 454 413 506 426 516 357 411 352 474 381 517 402 522 323 435 318 487 342 526 360 532 
423 497 474 503 520 500 521 535 515 579 463 397 450 444 454 501 458 531 405 393 398 454 416 507 430 520 360 409 354 472 383 517 405 525 325 434 319 485 343 525 361 533 
420 499 471 496 521 485 535 508 533 543 470 389 459 439 460 496 460 528 411 388 405 448 421 502 433 518 363 404 359 466 386 511 406 519 327 427 322 477 346 516 364 524 
422 493 472 491 521 480 536 501 532 541 470 386 461 441 459 499 455 530 410 385 404 445 420 500 430 515 363 402 362 465 388 510 406 519 326 427 322 477 344 514 359 522 
418 490 470 490 521 479 542 498 536 536 473 390 463 443 460 502 455 534 413 389 406 444 420 499 430 514 365 404 362 462 387 510 405 518 328 427 321 475 343 513 359 519 
422 490 474 491 523 481 542 499 538 535 476 389 464 441 462 500 458 529 417 387 407 443 421 500 431 514 368 402 362 458 386 508 404 517 331 425 321 470 342 508 358 515 
422 482 473 484 521 477 540 498 537 537 474 391 462 443 460 504 457 537 415 389 406 444 419 502 430 518 367 403 362 459 384 509 402 518 329 424 320 469 339 507 355 516 
424 477 473 480 518 476 539 498 536 537 473 391 462 449 459 510 455 543 414 389 406 446 419 502 429 519 367 404 363 460 385 509 402 518 329 425 319 472 338 509 353 517 
421 474 472 479 520 476 540 499 537 536 473 392 464 450 460 510 455 544 414 391 407 446 419 502 428 519 366 405 363 462 385 510 403 519 329 427 321 474 342 511 357 518 
423 475 472 480 518 477 540 500 534 538 472 392 464 452 460 514 454 549 413 391 407 450 419 506 429 523 366 405 364 464 386 512 404 521 328 426 319 473 339 510 354 519 
419 475 471 480 519 475 539 499 537 539 471 392 464 453 459 516 453 551 412 391 408 450 420 506 429 523 364 406 364 465 386 512 403 520 327 427 320 474 340 510 354 518 
423 478 473 481 519 477 540 500 536 539 472 391 463 453 459 516 453 551 413 391 407 451 420 507 431 524 365 405 363 465 386 512 404 522 328 427 319 473 339 510 354 520 
421 478 472 482 519 476 539 498 535 537 471 391 465 453 459 515 452 551 412 390 408 451 420 507 430 524 364 405 364 467 387 512 405 521 328 427 319 473 339 508 354 517 
421 477 472 481 520 477 540 499 533 539 471 391 464 453 458 515 451 551 411 391 407 452 420 507 431 522 364 405 363 466 386 512 405 520 327 427 318 473 338 510 353 519 
422 475 472 480 520 476 539 498 533 538 470 391 463 454 457 516 449 551 412 392 407 453 421 507 431 522 364 406 364 468 387 512 405 519 327 427 320 475 340 510 355 517 
420 472 470 479 521 476 536 500 523 539 470 391 463 453 458 515 452 549 411 390 406 452 420 508 430 525 363 404 362 465 386 512 405 520 326 426 317 472 338 509 354 516 
420 475 470 481 520 476 535 499 521 538 469 392 461 455 457 515 452 548 411 391 406 455 419 509 429 522 364 405 362 467 385 513 405 519 327 427 317 472 336 507 353 514 
422 474 472 479 521 475 535 499 520 539 469 392 460 456 456 517 451 548 411 392 405 455 420 510 431 522 365 406 362 468 386 515 405 521 328 427 317 472 338 509 355 516 
418 473 470 479 520 475 535 499 522 538 471 394 461 456 456 515 452 546 413 392 406 454 418 508 428 521 366 405 361 466 384 512 404 518 329 425 315 469 335 506 352 515 
421 484 472 486 521 482 536 498 519 532 471 393 459 458 455 518 449 550 412 391 404 459 420 514 433 530 364 406 361 469 385 516 405 527 326 428 316 472 336 509 352 520 
417 478 469 482 518 477 535 497 523 535 470 394 459 457 456 516 452 546 411 392 404 458 419 512 431 523 364 406 361 471 385 516 404 521 326 427 317 474 338 510 354 518 
421 481 470 484 517 479 534 497 521 533 471 392 460 458 456 516 451 547 412 390 404 459 419 513 431 530 365 404 361 469 386 515 406 526 327 426 315 471 334 508 351 520 
418 481 470 484 519 477 535 496 521 533 470 392 459 457 455 515 450 547 412 391 404 461 421 513 433 527 365 406 361 473 386 517 406 525 327 428 317 475 338 511 356 521 
420 486 472 487 520 481 534 498 517 534 470 391 460 456 454 514 449 547 411 389 404 461 419 513 433 529 363 404 361 475 385 518 406 527 326 427 314 474 334 510 352 522 
418 482 471 484 520 478 534 498 519 534 470 392 459 456 455 514 451 545 412 392 405 462 420 513 433 528 365 407 362 474 387 518 407 526 327 429 317 475 338 511 355 521 
420 486 471 488 519 481 534 498 518 534 470 393 460 458 455 516 450 547 411 390 405 464 420 515 432 528 363 405 362 476 386 518 407 525 326 428 315 476 336 511 354 521 
417 480 471 484 522 478 535 498 519 535 470 393 460 456 456 515 452 547 411 392 405 461 420 514 433 526 364 407 362 474 387 518 406 524 327 428 318 477 339 513 355 521 
423 486 474 487 523 481 535 499 517 536 470 391 460 457 455 515 450 546 410 390 405 462 421 514 434 529 363 406 364 476 388 519 408 527 325 429 318 478 338 512 355 522 
418 477 472 482 523 478 538 501 524 538 470 394 461 457 458 514 455 545 412 394 406 462 421 514 433 526 365 408 363 474 388 518 408 523 328 430 318 476 338 511 355 520 
423 484 475 487 527 481 540 503 520 544 470 393 460 457 455 516 449 550 410 394 406 464 421 515 433 528 362 409 364 477 388 519 406 525 324 432 319 480 338 513 353 520 
421 479 475 485 528 482 540 508 525 551 469 393 460 458 455 517 449 549 410 394 405 461 420 512 432 524 363 408 361 473 386 515 407 520 327 430 318 476 338 511 354 519 
424 481 478 487 531 484 540 511 522 555 469 394 460 457 455 516 451 549 409 394 406 462 421 512 434 525 363 409 362 475 388 517 410 522 326 431 319 478 339 513 355 520 
423 482 476 491 527 492 537 529 536 578 468 396 460 458 457 516 454 550 409 395 405 462 419 514 431 527 363 410 361 477 386 519 406 525 328 433 317 479 336 514 352 522 
419 488 474 496 525 496 534 534 535 585 469 396 459 458 455 516 453 549 410 393 406 464 420 514 430 524 363 408 361 477 385 519 405 524 327 430 316 476 335 512 350 521 
418 488 473 496 524 498 532 538 533 592 468 397 457 460 455 517 454 549 409 395 406 463 420 513 432 523 362 410 362 479 386 521 405 524 325 432 318 480 336 516 351 522 
417 481 472 492 523 496 530 540 532 593 468 397 456 460 454 517 453 548 409 395 406 463 420 515 431 525 363 409 361 478 385 521 405 525 326 430 318 479 337 515 351 521 
418 490 470 500 519 505 529 547 534 601 466 397 455 461 453 517 452 549 407 394 403 466 419 517 432 527 360 409 361 482 385 524 403 527 324 432 318 483 336 519 349 523 
414 491 469 504 519 510 530 550 539 600 469 401 455 461 454 518 455 548 410 395 405 465 420 518 432 527 363 408 359 477 384 522 405 526 326 429 316 479 335 517 350 523 
420 493 471 503 519 508 528 549 531 603 468 398 454 460 451 518 450 551 408 395 405 467 421 518 436 529 361 411 361 483 386 525 407 528 325 433 318 484 337 519 353 525 
414 491 468 503 517 510 528 552 537 603 468 400 455 462 453 518 453 548 409 394 405 467 420 518 432 527 362 407 360 480 385 523 405 526 324 428 317 481 336 518 351 523 
418 486 470 499 518 506 526 550 532 604 467 398 455 460 452 518 451 551 408 395 405 466 421 519 434 529 361 410 362 482 386 524 407 527 324 432 318 482 337 518 351 522 
417 488 470 501 517 508 526 551 535 603 469 400 455 461 453 517 453 548 410 394 406 466 421 518 434 529 363 407 360 479 385 523 407 527 325 429 317 481 337 519 353 525 
418 489 470 502 518 508 526 550 532 602 468 399 454 462 452 518 453 549 409 394 405 467 421 520 435 530 362 409 361 481 387 524 409 528 326 431 316 479 335 516 352 523 
418 490 470 503 518 509 527 551 535 602 470 401 455 461 453 517 454 548 412 394 407 466 421 518 434 529 365 407 361 478 385 523 407 528 327 428 317 479 336 518 353 526 
418 492 470 504 517 510 527 550 534 602 468 399 454 460 452 516 454 548 410 394 405 466 420 519 435 529 363 408 362 481 386 524 408 529 326 430 317 478 335 516 352 523 
417 490 470 502 518 509 527 550 534 601 470 400 455 460 453 516 455 547 412 394 406 465 421 518 435 528 364 407 362 479 386 523 408 527 327 428 317 479 336 517 352 524 
416 488 469 501 517 508 527 550 534 602 468 399 455 461 453 518 453 548 409 395 406 466 421 519 434 529 362 410 362 481 386 524 407 527 326 432 318 481 336 517 351 522 
419 490 470 502 517 506 527 547 535 600 469 399 455 462 453 518 454 548 410 394 406 468 421 519 435 530 363 407 362 481 386 524 409 528 326 429 317 478 336 516 353 524 
417 487 469 499 518 505 528 547 535 600 469 398 456 460 453 517 454 548 410 394 407 466 421 518 435 529 363 408 362 480 387 524 408 528 326 430 317 479 336 516 353 523 
417 489 469 500 518 506 527 548 534 601 468 398 455 459 453 516 453 549 409 394 406 465 420 518 433 528 362 409 363 481 386 524 407 527 326 431 318 479 336 516 352 521 
418 490 470 501 517 507 527 548 535 600 468 397 456 460 453 516 453 548 409 393 406 466 421 517 434 528 362 407 363 481 387 524 407 527 326 430 318 480 336 516 351 521 
417 485 470 497 517 505 526 548 534 601 468 398 456 460 454 516 455 548 410 393 406 465 421 518 435 528 363 407 362 480 387 523 408 527 326 428 317 478 336 515 352 522 
417 485 469 497 517 504 526 547 534 601 469 399 456 461 453 517 454 548 410 394 406 466 420 518 434 529 363 407 362 480 386 524 408 528 326 428 316 478 335 515 350 523 
416 484 469 496 518 503 527 547 533 600 469 399 455 460 454 516 455 547 410 394 406 466 421 519 434 530 363 408 363 480 387 524 408 528 326 430 317 479 336 516 352 523 
416 483 468 496 517 503 527 547 534 600 468 399 455 460 453 517 454 548 409 395 406 465 420 517 433 528 363 409 362 479 386 523 407 527 326 430 317 478 335 515 350 521 
415 484 468 497 517 504 527 547 533 600 469 399 456 459 453 516 453 547 410 395 407 465 420 517 433 526 363 409 362 479 386 523 407 526 326 430 318 480 336 516 352 522 
417 490 468 501 516 507 527 548 534 601 468 399 455 460 452 517 451 549 409 395 405 466 420 519 433 530 362 410 362 482 386 525 406 529 325 432 318 482 336 518 351 523 
418 488 470 499 517 504 527 546 535 600 468 398 456 460 453 516 453 548 409 393 406 467 421 518 434 529 362 407 363 482 387 524 408 528 326 429 317 479 335 515 350 522 
417 490 469 501 517 508 527 549 536 600 469 398 457 459 454 515 454 547 411 393 407 466 422 518 436 529 364 407 362 479 387 523 408 528 327 430 316 478 335 515 351 523 
417 489 469 501 516 506 527 548 533 601 468 398 455 460 452 516 451 547 409 394 406 466 421 518 433 528 362 409 363 483 387 525 406 527 325 431 319 482 338 518 353 523 
419 488 471 499 517 505 526 547 534 601 466 397 455 461 453 517 453 549 407 393 405 467 419 517 432 527 361 408 362 482 386 524 406 527 325 430 317 479 335 515 350 522 
417 490 469 503 517 509 528 550 538 598 469 399 457 460 453 516 452 548 410 393 408 468 423 520 437 530 363 407 362 480 387 523 408 527 326 429 316 480 335 517 352 524 
416 487 469 499 517 505 527 547 535 600 467 398 455 460 453 516 452 547 408 395 406 465 421 518 434 529 362 410 362 480 387 524 408 528 326 432 317 480 337 517 354 523 
419 489 470 500 517 505 527 547 535 601 466 397 454 462 452 517 452 547 408 394 405 468 420 518 434 527 361 409 362 483 387 525 408 528 326 432 318 481 336 517 352 524 
415 486 468 497 517 504 528 547 538 599 468 399 456 460 453 516 453 548 409 394 406 466 421 518 434 528 362 407 361 479 386 523 407 527 325 429 316 480 336 517 353 524 
417 492 469 502 517 507 528 547 533 599 466 398 455 460 452 516 451 549 408 395 405 467 420 518 434 529 361 410 363 484 386 525 406 528 325 432 319 483 337 518 351 523 
418 489 470 499 517 504 526 546 535 600 465 397 454 461 452 516 452 547 407 393 404 467 419 517 433 526 361 408 361 483 386 524 407 527 325 430 317 481 335 517 350 523 
417 488 469 498 517 502 528 544 538 595 466 397 454 459 453 514 454 546 407 394 404 466 420 518 434 529 361 409 360 482 387 524 409 528 325 431 317 482 337 518 353 524 
415 483 469 494 518 499 528 541 536 594 464 396 454 458 454 514 455 545 406 394 405 464 420 516 433 526 360 410 362 480 387 523 408 527 324 432 318 482 338 518 354 524 
417 486 470 496 517 501 528 543 537 595 463 395 455 456 455 513 456 546 405 393 405 463 421 516 433 529 360 409 362 480 386 523 406 528 324 432 318 481 337 516 352 522 
419 488 471 498 519 501 529 539 536 589 463 394 453 451 454 507 455 537 405 393 404 461 421 512 433 521 360 410 361 479 387 521 408 524 326 434 317 479 336 515 350 522 
420 490 472 499 519 501 530 539 537 589 463 394 454 450 452 506 451 538 405 391 403 462 420 510 432 519 360 408 360 481 387 521 408 523 326 432 317 482 337 517 352 523 
419 491 472 500 521 502 532 539 539 588 463 394 453 449 451 503 449 534 405 392 403 461 419 509 430 517 360 409 361 480 387 520 407 522 326 432 318 481 338 516 353 522 
419 492 471 499 520 498 531 535 538 586 462 392 455 448 452 502 447 532 404 393 403 458 420 507 429 517 359 411 361 479 388 519 406 522 324 435 318 483 338 517 351 522 
411 494 461 497 513 487 535 512 554 554 452 389 440 436 434 485 426 511 396 393 386 457 408 503 424 511 352 412 347 475 377 512 397 516 319 437 306 478 329 513 346 520 
415 484 463 487 516 476 543 501 560 544 453 392 438 433 433 483 427 510 397 396 386 456 406 505 421 514 353 414 345 474 374 516 397 519 319 437 303 479 326 516 345 523 
418 485 468 485 521 469 548 490 562 531 448 388 435 434 433 482 429 509 392 393 381 456 402 504 419 515 349 412 340 473 369 514 392 519 316 437 300 479 323 515 345 524 
