208 789 238 738 295 712 345 700 384 684 313 718 392 736 430 758 450 779 303 754 404 785 394 791 367 787 290 796 378 821 359 821 330 814 274 834 344 848 332 841 306 833 
201 792 235 741 294 712 348 698 390 682 312 718 398 737 436 758 452 779 301 755 407 786 393 792 367 787 288 795 382 822 361 822 333 816 271 832 342 848 329 841 306 832 
193 796 230 743 289 714 345 699 388 683 311 719 399 737 434 759 447 778 301 754 405 785 391 794 365 789 288 795 381 822 362 825 334 819 270 832 340 847 329 843 306 833 
191 797 231 743 290 713 346 698 389 683 311 718 399 737 434 758 447 777 302 755 404 784 391 793 366 790 289 796 381 820 361 823 333 818 272 833 340 848 327 843 303 834 
192 797 231 742 292 713 348 699 390 681 311 717 399 736 433 758 448 778 303 754 405 784 390 793 365 789 291 796 382 820 361 823 333 817 274 833 341 847 328 842 304 833 
192 797 232 742 292 713 348 699 389 683 312 718 399 737 434 758 448 777 303 754 404 784 390 793 365 789 290 796 381 820 362 823 334 817 273 833 341 847 328 842 304 833 
192 797 232 742 292 713 348 699 389 682 312 717 399 736 434 758 448 778 303 754 404 784 390 792 364 788 290 795 382 819 362 822 333 817 273 833 342 847 328 842 304 834 
192 797 233 743 292 714 347 699 388 683 313 718 400 737 434 758 448 777 304 754 405 784 390 793 364 789 291 795 382 820 361 823 333 817 274 833 341 847 328 843 304 834 
192 797 232 743 292 714 348 699 390 683 312 717 399 736 434 758 449 778 303 754 405 784 391 793 366 789 290 795 382 820 362 823 334 817 273 833 342 847 329 842 305 833 
192 797 231 743 291 713 348 699 390 682 312 718 400 737 434 758 447 777 303 754 404 784 389 793 364 788 290 796 381 820 361 823 332 817 273 834 341 848 327 843 303 835 
190 798 230 743 289 713 345 698 388 682 310 718 400 737 434 758 448 778 303 755 404 784 391 793 366 789 290 797 381 820 361 823 333 818 273 834 341 848 327 843 303 834 
189 797 230 742 290 713 347 699 389 682 310 718 399 737 434 758 448 777 302 755 404 784 391 793 366 789 290 797 381 820 361 823 334 817 272 835 341 848 327 842 303 833 
189 796 230 742 290 713 347 699 390 682 311 717 399 737 434 759 449 778 302 755 404 785 390 793 365 788 290 797 381 821 360 823 332 817 273 835 340 848 325 843 301 834 
174 778 220 732 285 704 343 686 385 666 308 704 395 728 431 753 447 775 299 738 399 773 388 789 365 788 287 779 377 812 356 819 327 812 270 818 342 843 326 841 301 830 
164 771 211 726 279 698 338 682 376 660 299 691 388 714 425 738 439 758 290 723 394 758 389 781 368 787 278 764 372 799 354 813 328 810 263 808 337 835 325 838 302 830 
153 761 201 716 268 685 328 669 370 648 284 671 376 689 413 715 428 735 277 703 383 732 386 763 368 776 268 745 361 778 349 797 325 797 256 790 332 815 321 823 298 818 
122 739 168 686 234 645 291 619 323 582 237 620 332 611 377 630 403 650 222 646 336 651 357 688 349 713 212 690 320 704 328 736 312 751 203 740 292 754 306 764 302 765 
114 725 164 671 229 626 288 600 323 568 223 596 321 599 372 620 402 641 207 629 324 638 353 676 352 702 196 676 305 691 324 724 315 741 189 727 278 739 300 753 297 760 
118 722 169 666 230 620 285 590 321 559 223 592 321 593 371 615 397 636 204 625 321 629 354 670 353 696 192 671 302 678 326 714 318 734 186 721 274 728 299 743 298 748 
117 712 168 660 229 615 283 587 319 555 225 584 321 588 372 613 399 637 204 617 319 625 355 664 356 691 189 664 297 673 326 709 319 728 181 713 270 722 297 739 294 747 
124 705 173 654 236 610 289 582 324 551 230 579 327 581 377 605 406 629 206 611 323 616 364 653 373 683 190 657 299 665 334 700 338 726 183 707 270 715 302 732 311 745 
119 705 167 654 231 609 288 583 324 552 227 578 327 582 375 605 404 629 206 610 320 616 362 651 373 681 190 656 298 666 333 700 339 724 182 705 269 713 301 731 310 743 
116 705 164 653 230 610 286 583 323 552 225 579 326 583 374 606 404 628 204 612 320 616 362 650 372 680 188 658 297 666 332 699 337 723 180 707 267 713 301 730 312 743 
106 711 159 660 225 615 280 588 314 553 217 580 317 587 365 612 395 636 193 611 306 618 352 654 368 687 175 656 282 667 322 703 332 730 166 706 251 715 286 734 301 749 
106 709 159 660 224 615 278 588 314 557 216 580 313 585 361 610 392 634 191 610 300 617 347 655 365 687 172 654 275 665 317 702 331 727 162 703 244 711 281 731 298 747 
103 709 157 661 223 616 276 587 313 555 214 578 310 584 357 610 389 635 187 607 296 616 342 652 362 685 168 652 268 664 311 699 328 726 156 700 236 709 274 729 293 745 
99 710 157 664 222 617 274 587 311 555 210 578 306 583 353 609 385 635 183 606 289 614 338 651 359 685 163 650 262 665 307 700 326 727 151 698 231 710 269 731 290 748 
97 715 162 672 229 625 278 592 311 557 208 582 302 586 350 613 382 640 179 610 284 618 334 656 357 691 158 654 256 667 303 704 324 731 146 703 225 713 265 734 286 751 
84 725 151 681 220 637 273 607 312 572 207 599 305 607 355 636 386 665 179 628 288 641 337 680 356 714 157 674 259 688 305 726 324 755 143 724 225 737 264 757 285 774 
85 728 149 684 219 640 274 611 309 578 206 601 304 610 352 638 384 666 179 629 284 642 333 680 357 714 157 673 254 691 299 727 321 753 142 722 219 735 257 757 279 775 
82 727 149 686 221 644 275 615 311 581 205 602 300 612 349 640 383 667 176 629 281 642 331 681 354 716 152 673 250 693 296 731 318 759 137 722 215 737 254 760 276 780 
77 726 146 688 219 647 274 619 310 584 201 607 297 616 346 646 378 674 171 634 275 646 324 687 347 723 147 677 243 696 290 735 313 764 132 726 207 742 247 765 271 785 
61 738 132 701 206 666 261 641 301 603 190 626 286 642 333 675 366 705 159 658 263 681 309 722 332 756 134 704 228 730 275 768 302 795 118 755 193 776 233 799 259 818 
66 743 132 703 204 668 260 644 301 610 193 633 286 652 333 683 364 712 161 664 264 686 313 727 335 761 135 709 228 736 274 775 298 802 118 758 192 782 232 807 257 826 
66 738 132 700 205 669 261 647 304 616 197 639 291 658 337 691 367 720 166 670 266 695 314 735 337 767 140 714 229 743 275 782 301 808 120 762 191 788 230 813 257 833 
82 731 154 698 232 680 293 668 341 642 231 660 321 691 369 726 404 757 198 689 297 728 343 773 371 806 168 731 257 769 302 809 331 837 145 779 212 810 251 837 281 858 
96 726 163 698 242 682 308 675 357 651 247 664 336 701 383 736 416 766 216 693 305 736 350 777 378 809 184 735 261 777 305 817 337 845 155 782 219 816 254 842 283 863 
112 718 184 693 264 681 328 677 379 657 267 674 353 711 399 747 431 779 235 701 316 744 362 784 393 816 201 740 270 780 313 820 346 851 167 783 222 817 256 843 285 867 
159 728 236 711 319 710 386 713 438 699 331 711 408 753 448 789 479 819 302 727 376 770 417 813 446 850 265 756 325 796 358 835 386 868 224 791 264 833 290 865 315 894 
177 727 256 715 337 715 401 719 450 706 344 725 422 768 464 804 495 837 314 742 384 787 428 832 458 874 277 769 333 811 364 851 388 884 236 801 277 846 302 880 325 911 
188 736 266 724 346 725 409 727 459 713 354 738 431 782 472 818 504 850 326 755 396 799 436 845 465 886 288 779 344 819 372 859 393 892 246 809 284 850 307 882 327 913 
205 743 284 742 362 748 423 750 473 738 374 759 447 804 486 842 513 878 345 769 410 818 443 867 464 911 305 788 358 828 385 871 405 908 258 813 291 849 311 880 328 912 
200 743 277 741 359 749 422 755 474 747 368 763 444 808 486 845 518 878 340 772 408 819 442 868 464 912 301 789 354 829 381 873 400 911 255 812 292 848 312 879 330 911 
198 745 277 742 359 750 423 757 476 749 368 764 442 808 485 846 517 880 340 774 407 821 442 870 463 914 301 791 356 830 384 874 404 911 255 816 293 849 313 880 330 911 
205 743 284 743 365 751 428 757 481 749 376 766 449 811 490 850 520 885 348 774 411 822 444 872 464 917 307 790 360 827 387 872 405 910 259 813 295 847 314 878 331 910 
206 743 285 742 366 751 430 757 483 751 376 767 449 815 491 853 522 888 348 775 413 822 446 872 466 917 308 790 359 828 386 873 404 911 261 812 295 846 314 876 329 906 
206 742 285 743 367 752 430 758 484 752 376 767 449 815 490 853 521 888 348 774 413 821 446 871 465 917 308 788 359 827 385 871 403 909 261 810 295 845 313 875 329 905 
208 742 287 743 368 752 431 758 484 751 378 767 450 815 491 853 521 887 349 773 413 821 446 871 466 916 308 788 359 828 384 871 402 909 262 809 295 845 313 875 328 906 
210 741 289 743 370 752 432 757 485 750 379 767 451 815 491 854 521 888 351 774 413 822 446 871 466 916 310 788 360 828 385 872 402 910 264 809 295 845 312 876 327 906 
209 742 288 744 369 752 433 759 485 752 378 767 450 814 490 852 520 887 350 774 412 821 445 870 466 915 310 789 359 829 384 872 402 910 265 810 295 846 312 877 327 908 
209 740 288 742 369 751 432 758 485 751 377 766 448 814 489 853 520 887 349 773 412 820 444 869 466 915 308 787 358 827 383 871 401 909 262 808 294 845 311 876 327 907 
211 741 289 743 370 752 433 758 485 751 378 766 449 814 488 852 519 887 350 774 412 821 445 870 466 915 310 788 359 828 384 872 402 910 263 810 295 846 312 877 327 908 
207 746 286 749 367 759 431 766 483 757 375 766 446 812 487 850 518 885 346 774 409 819 443 868 466 914 306 790 356 829 382 872 401 911 261 812 294 848 311 878 327 909 
204 746 283 750 364 760 429 766 483 757 373 768 445 811 486 850 517 886 344 775 408 819 442 869 464 916 304 790 354 829 380 873 400 910 258 813 292 848 310 878 327 909 
205 748 284 751 366 760 430 767 483 757 373 768 445 811 487 850 517 886 345 775 408 820 442 870 464 917 304 791 354 829 381 873 402 911 258 813 292 849 311 879 329 910 
203 752 282 756 364 764 428 767 482 757 372 770 444 811 486 849 518 885 343 777 407 819 441 869 464 915 303 793 352 829 380 871 400 909 257 816 291 849 310 877 327 908 
202 752 280 756 362 765 428 769 482 757 369 770 443 811 486 849 518 885 341 777 405 820 441 869 464 916 301 794 352 831 380 874 401 912 256 818 291 850 311 879 329 908 
202 753 280 756 362 765 427 770 480 759 370 770 443 811 486 850 517 885 341 777 406 821 441 871 463 917 301 793 353 830 381 873 402 911 256 817 290 851 310 880 329 910 
200 754 278 757 361 764 426 767 479 757 369 771 443 810 485 849 516 885 341 778 406 820 441 870 463 916 301 794 352 830 381 873 402 910 255 818 290 850 311 879 330 909 
202 755 282 759 363 766 428 768 481 756 370 771 444 811 486 850 517 886 342 778 406 819 441 868 463 914 302 794 352 830 381 873 401 910 256 817 290 850 311 879 330 909 
202 755 280 758 362 765 427 767 481 756 370 772 444 811 486 849 518 885 342 779 406 820 441 869 464 915 302 795 352 830 380 872 400 909 257 818 290 850 310 878 328 907 
201 756 280 759 362 766 427 768 481 757 370 772 444 811 486 849 518 886 341 779 406 819 441 868 464 915 301 794 352 829 380 872 401 910 255 817 291 849 311 878 329 908 
200 755 280 760 362 767 427 769 481 757 370 773 443 811 486 849 518 885 341 779 406 819 441 868 464 915 301 794 352 829 380 871 400 909 255 817 289 848 309 877 328 907 
199 754 279 758 361 766 426 769 480 757 369 772 443 811 486 849 518 885 340 778 405 819 441 868 464 915 300 794 351 829 380 872 401 909 254 817 289 849 309 877 329 907 
200 758 281 762 363 769 428 772 480 758 369 772 443 810 486 849 518 886 340 778 405 819 441 868 464 915 300 794 352 829 381 872 402 909 255 819 290 849 311 878 330 908 
199 758 280 765 362 773 427 774 480 762 370 773 443 811 486 849 519 885 341 779 405 819 441 868 464 915 301 794 351 830 379 872 399 910 256 818 290 849 311 878 330 908 
197 759 278 766 361 774 427 776 480 763 368 773 442 811 485 849 517 885 339 779 405 818 441 868 464 915 300 795 351 829 379 871 400 908 255 819 291 850 312 879 331 908 
197 761 279 767 361 774 427 777 481 765 369 774 443 811 486 849 518 885 340 780 405 819 441 868 464 915 299 795 352 829 381 871 402 909 255 820 291 851 313 879 332 908 
198 763 280 770 363 777 428 778 481 764 370 774 444 811 486 849 518 885 341 780 405 819 441 868 464 914 301 796 352 829 381 871 401 908 256 820 292 851 313 879 331 908 
199 764 280 769 363 777 429 778 482 764 371 774 444 812 487 850 518 886 341 780 406 820 441 869 463 914 301 796 352 831 380 872 399 908 256 820 292 851 312 879 330 907 
199 765 281 770 364 777 429 777 482 763 372 775 445 813 487 850 518 886 342 781 406 821 441 869 464 914 302 797 353 831 380 872 399 908 258 821 292 851 312 878 329 905 
199 765 283 771 365 778 430 778 482 763 372 776 444 812 486 849 517 885 342 782 407 820 442 867 465 914 302 798 353 831 381 871 400 907 258 821 293 852 312 879 330 907 
199 767 282 775 364 781 429 780 482 765 370 776 443 812 486 849 516 886 341 782 405 820 441 867 463 913 301 797 352 831 379 871 398 907 257 821 292 851 312 879 329 907 
201 770 283 776 365 782 430 780 482 765 372 778 444 813 486 850 516 886 342 783 405 820 440 868 463 913 302 799 352 831 380 871 399 907 257 822 292 851 312 878 329 906 
199 768 282 780 364 787 429 784 482 767 370 778 442 811 485 848 516 885 340 782 404 819 440 867 463 913 300 798 352 830 379 870 398 906 257 821 292 850 312 877 329 905 
200 772 283 782 365 787 429 783 481 766 371 780 443 814 485 851 516 887 341 784 404 821 439 868 462 914 300 799 351 831 379 871 397 907 256 822 291 850 312 878 328 905 
196 770 280 782 362 789 427 785 480 768 368 780 441 812 484 849 515 885 338 783 402 819 439 866 463 913 298 798 350 831 379 871 398 907 254 822 290 850 312 877 329 905 
199 771 282 782 363 788 427 784 480 767 370 780 442 813 485 850 516 886 340 784 403 820 439 868 462 914 299 799 350 830 378 871 397 907 255 822 290 850 311 877 329 904 
197 771 280 781 361 787 426 784 479 767 368 779 441 812 484 849 515 885 338 784 403 820 439 867 462 914 298 799 350 831 379 871 397 907 254 823 291 851 312 879 329 907 
200 773 284 784 364 788 428 782 480 765 371 780 443 814 485 850 516 886 341 784 403 820 439 868 462 913 300 799 351 831 379 871 398 907 256 823 291 851 311 878 328 905 
198 773 281 782 363 788 427 783 480 766 370 780 442 813 484 849 514 885 339 784 403 819 440 867 463 913 299 799 352 831 379 872 398 908 255 823 291 851 311 878 328 906 
199 773 283 782 364 787 428 782 480 764 371 780 442 813 484 849 515 885 340 784 403 820 439 867 462 913 300 799 351 831 378 871 397 906 256 823 291 851 311 878 328 905 
198 771 280 779 362 785 427 781 479 763 369 778 441 814 484 850 515 886 338 783 402 820 438 867 462 913 298 799 350 831 378 871 397 907 254 823 290 851 311 878 328 905 
198 772 281 781 363 786 427 782 480 764 369 778 442 813 484 850 514 886 339 783 402 819 438 867 462 913 299 799 350 831 379 871 398 907 254 823 291 852 312 879 329 907 
198 772 282 779 363 785 427 781 480 763 370 778 442 813 484 850 514 886 339 783 403 820 438 867 462 913 299 799 351 832 378 872 397 907 254 823 291 851 311 878 328 905 
199 772 282 780 364 786 428 781 481 763 370 779 442 813 484 850 515 886 339 783 402 818 438 865 462 911 299 798 351 831 378 871 397 906 255 822 291 851 311 878 328 905 
199 773 283 782 364 787 428 781 481 763 371 779 442 813 484 850 515 886 340 784 402 819 438 866 463 912 299 799 350 831 378 871 397 907 255 823 290 851 311 878 329 906 
200 772 283 781 364 787 429 782 481 764 371 779 442 814 484 850 515 886 340 783 402 819 439 866 463 912 300 798 350 831 377 870 396 906 256 822 291 851 311 878 327 906 
200 773 284 784 365 789 429 783 482 765 371 780 442 813 484 849 515 885 340 784 402 819 438 866 462 912 300 799 350 831 378 871 397 906 256 822 290 850 311 878 328 905 
200 774 284 784 365 789 429 783 482 764 370 780 441 812 483 849 514 886 339 784 401 819 438 866 462 912 299 799 349 831 378 870 397 906 255 822 290 850 311 878 328 905 
201 774 285 784 366 789 429 784 481 765 372 780 443 814 484 850 515 886 341 784 403 819 438 866 462 912 300 799 351 830 378 871 397 907 256 823 291 851 311 878 328 905 
200 775 284 787 365 792 429 786 482 768 371 780 442 812 484 849 514 886 340 785 402 819 439 866 463 913 300 799 350 831 378 871 396 907 256 823 290 851 311 878 328 905 
203 776 288 786 368 790 430 784 482 765 374 781 444 813 484 850 514 886 342 786 403 819 438 866 462 912 301 801 351 831 378 870 398 906 256 824 290 850 311 877 329 904 
202 777 285 788 365 792 429 786 482 768 372 781 443 813 484 849 514 886 341 785 403 820 439 867 464 913 300 800 351 832 378 872 396 908 256 823 290 851 310 878 327 905 
197 778 281 789 361 793 425 788 479 770 368 783 441 814 483 849 514 885 337 787 401 822 439 868 464 914 297 801 348 833 377 873 395 908 252 825 288 852 309 879 328 907 
199 780 285 790 365 793 427 787 480 767 371 783 441 814 483 850 515 886 339 788 400 821 437 868 462 914 299 803 348 833 377 872 397 907 255 826 289 852 311 878 329 905 
198 779 283 790 363 794 426 788 479 769 371 782 441 814 483 850 514 885 339 786 401 820 438 868 464 913 298 801 349 832 378 872 398 908 253 824 288 851 311 878 329 906 
197 778 283 791 363 796 426 790 478 772 370 783 441 814 483 850 514 886 338 787 401 820 439 868 464 914 298 801 349 832 378 872 397 908 253 824 289 851 311 878 329 906 
199 781 285 791 365 794 427 788 480 769 371 783 441 813 483 849 514 885 339 787 400 820 438 867 463 913 298 802 348 831 378 871 398 906 253 825 289 850 311 877 329 904 
199 780 284 793 364 797 426 790 479 772 371 784 441 814 483 850 514 887 339 788 401 819 439 867 464 914 299 802 350 831 379 871 397 907 255 825 290 851 311 879 329 906 
197 780 284 792 363 795 425 790 478 772 369 785 440 812 482 848 513 885 338 789 400 819 438 867 463 914 297 803 348 831 379 871 399 907 253 826 290 849 312 877 330 904 
201 782 287 791 365 793 427 788 478 770 372 784 442 814 483 849 513 884 341 789 402 822 437 868 461 913 300 804 350 832 379 871 398 906 256 827 291 851 313 878 330 905 
197 782 282 795 362 798 424 792 478 773 370 786 440 813 482 848 513 885 339 789 401 820 439 867 464 914 298 803 350 831 379 872 398 908 254 825 290 850 312 878 330 906 
197 780 283 792 362 795 424 790 476 772 369 785 440 812 482 848 513 885 337 788 399 820 436 867 462 913 296 803 347 831 378 870 398 906 251 826 288 849 311 877 329 904 
200 781 286 791 364 793 425 788 477 770 371 785 441 813 482 849 512 885 339 789 400 821 436 867 461 912 299 803 348 831 378 871 398 906 254 826 289 850 311 877 329 904 
200 782 286 794 364 796 425 790 477 771 371 787 441 812 482 848 512 885 340 790 401 819 438 866 463 913 299 804 349 831 379 871 398 907 255 827 290 851 312 878 330 905 
199 784 285 796 364 797 425 790 477 772 370 786 440 812 481 848 512 885 338 790 399 820 437 866 462 912 297 804 347 830 378 870 398 905 252 827 289 849 312 876 330 903 
199 783 285 794 363 797 425 792 477 775 371 787 441 813 482 849 513 885 339 789 401 819 439 867 464 914 298 803 350 830 380 870 399 906 254 825 290 848 313 876 331 904 
199 781 285 793 364 797 426 792 478 775 371 787 442 814 484 849 515 884 340 789 402 820 439 867 464 914 299 803 350 830 380 871 399 906 255 825 291 849 313 876 330 903 
200 781 285 795 365 798 427 793 478 773 370 786 441 813 484 848 515 884 339 789 400 820 437 867 462 914 298 802 348 830 379 870 399 906 253 825 290 848 312 875 330 903 
200 781 286 794 365 797 427 793 478 774 372 787 443 814 485 848 515 883 341 789 402 821 439 868 463 914 300 803 350 831 380 871 400 906 256 825 292 849 313 876 331 903 
199 777 282 788 363 794 426 790 479 771 370 784 442 813 484 847 515 883 340 788 402 823 439 869 463 914 300 802 350 835 379 874 398 909 256 824 290 851 311 878 329 904 
200 774 283 784 365 790 428 786 480 768 370 781 441 812 483 848 514 884 339 786 400 821 436 867 462 912 299 801 348 832 376 871 396 906 255 824 290 849 311 875 329 903 
201 770 284 782 365 789 429 785 481 767 370 779 441 811 483 848 513 884 339 784 401 821 437 867 462 911 299 799 348 832 377 871 396 906 255 822 290 849 310 876 328 903 
201 766 284 777 366 785 430 780 481 761 370 778 441 811 483 847 514 883 340 783 401 821 437 867 462 912 300 799 349 832 376 870 396 905 256 821 290 848 310 874 327 902 
208 757 290 769 371 777 434 774 484 758 377 772 444 809 484 847 513 883 346 778 404 819 438 866 461 911 306 792 351 829 376 869 395 904 260 813 291 846 309 874 326 903 
210 755 290 770 370 780 435 776 486 759 376 772 445 810 486 846 516 881 346 776 406 819 440 866 464 911 306 790 353 830 376 871 395 907 260 811 290 846 307 875 323 904 
210 756 290 770 370 779 435 775 486 759 376 772 445 809 485 845 515 880 346 777 405 818 439 865 462 910 307 791 352 829 376 869 394 904 262 812 291 846 307 875 322 904 
209 757 287 774 369 785 435 783 486 766 374 772 443 810 485 845 517 879 344 776 405 817 439 864 463 909 305 790 351 830 375 870 394 904 261 811 289 849 305 878 321 907 
210 757 290 776 371 788 436 786 486 768 376 772 443 808 484 845 515 880 346 776 405 817 439 864 462 908 306 790 352 829 376 869 395 903 260 811 288 848 304 878 320 907 
214 754 295 771 375 782 438 778 488 763 380 771 446 808 485 845 515 881 350 775 407 816 439 864 461 909 310 789 353 827 376 867 394 901 264 809 291 846 306 877 322 906 
214 757 292 772 372 780 435 776 486 761 379 772 446 809 486 845 515 880 349 776 408 816 440 864 462 909 309 789 355 827 378 868 396 903 264 808 291 845 307 875 322 905 
214 756 291 772 372 782 436 779 486 761 380 772 447 810 486 845 515 880 350 776 408 817 441 863 463 908 311 789 355 829 377 869 395 905 265 809 291 847 306 877 320 907 
213 759 291 774 371 782 435 778 485 762 380 774 447 811 486 846 515 881 351 778 409 818 441 864 463 908 311 791 356 829 379 868 396 903 266 811 292 847 307 877 321 906 
212 760 291 777 372 785 435 779 485 761 380 774 447 810 486 846 515 881 350 777 409 817 441 863 462 908 310 790 355 827 378 867 396 902 265 809 292 846 307 876 321 906 
214 760 294 776 374 785 437 779 487 760 381 775 448 810 486 846 513 881 352 778 409 818 441 864 462 908 312 791 356 829 379 868 396 903 266 811 292 847 307 876 320 906 
212 762 290 779 371 786 435 780 487 761 378 775 446 809 486 846 514 882 348 778 407 817 440 863 463 908 309 791 355 828 379 867 396 902 264 811 292 846 307 876 320 905 
210 762 290 778 371 787 435 782 486 763 377 776 446 810 485 846 514 881 348 779 406 817 440 863 463 908 308 793 355 829 378 867 396 902 264 813 292 848 307 876 321 905 
210 763 290 778 371 786 435 780 485 761 377 776 445 810 485 846 514 881 347 780 406 818 440 864 463 909 307 794 354 829 378 868 396 903 262 814 291 848 308 876 323 905 
210 764 290 779 370 787 434 782 486 763 376 777 445 810 485 846 514 882 346 781 405 818 439 864 463 909 306 795 353 829 378 868 396 903 261 815 291 848 308 876 323 904 
208 764 288 778 369 786 433 781 484 762 374 776 443 810 484 846 514 881 344 780 404 818 439 864 462 909 304 794 353 829 378 868 396 903 260 815 291 848 308 876 324 905 
207 765 288 778 369 786 433 782 485 765 374 777 444 810 484 846 514 882 343 781 404 818 439 864 462 910 304 795 353 829 378 868 397 903 259 816 291 847 308 875 324 904 
208 765 289 779 370 788 434 785 485 767 374 777 444 811 485 847 515 882 344 781 404 819 439 865 463 910 304 796 352 829 378 869 397 904 259 817 291 848 308 876 324 904 
207 766 289 781 370 788 434 783 484 764 374 778 443 811 485 847 515 882 344 782 403 819 438 866 462 911 304 795 352 829 378 869 396 903 258 817 290 847 308 876 324 904 
208 765 290 780 371 789 435 786 486 770 374 778 444 811 485 847 514 882 344 782 404 819 439 865 463 910 304 796 352 830 378 869 396 904 259 817 290 848 308 876 324 905 
207 769 289 783 370 790 434 785 484 766 374 778 443 811 485 846 515 881 344 783 404 820 439 866 462 910 304 797 352 831 378 869 397 903 260 818 290 849 308 876 324 904 
207 769 289 783 370 792 433 789 484 771 374 779 444 811 484 846 513 881 344 783 404 820 438 865 462 909 304 797 352 832 378 870 396 904 260 818 290 850 308 877 324 905 
208 769 290 783 370 790 434 787 484 768 375 779 444 810 484 846 514 882 345 783 404 820 438 866 462 910 304 797 352 831 378 870 396 904 259 818 289 849 307 876 322 905 
207 769 289 783 370 791 434 787 484 769 374 780 443 811 484 846 513 881 344 784 403 820 438 865 461 909 305 798 352 832 377 870 396 904 260 819 290 850 307 878 323 906 
207 769 289 784 370 791 433 787 484 769 374 779 443 810 484 846 514 881 344 783 403 820 438 866 461 911 304 797 352 830 378 869 398 904 259 818 289 848 307 876 323 904 
207 769 290 785 370 792 434 787 484 769 374 779 443 811 484 846 514 881 344 783 403 819 438 865 462 910 303 797 351 831 378 870 396 904 258 817 289 848 307 876 323 905 
208 769 290 783 371 791 434 787 485 769 374 779 444 811 485 847 514 882 344 783 403 820 438 865 461 909 304 797 352 832 377 871 396 905 260 818 290 850 308 878 323 906 
207 770 290 784 370 791 434 786 485 768 373 780 443 810 485 846 515 882 343 783 402 819 437 865 461 910 303 797 351 830 378 869 396 904 258 817 289 848 307 876 323 905 
206 769 288 782 369 791 433 787 484 769 373 779 443 811 484 846 514 881 343 783 403 820 437 865 462 909 303 798 352 832 378 870 396 904 259 819 290 850 308 877 323 905 
207 769 290 784 371 791 434 786 485 767 374 779 444 810 485 846 515 882 344 783 402 819 437 865 461 910 303 797 351 830 377 869 397 904 258 818 289 848 307 876 323 904 
208 770 290 784 370 791 434 787 485 768 375 779 444 810 484 846 513 882 344 783 403 819 438 864 461 909 304 797 352 831 377 869 396 904 259 818 290 849 307 877 323 905 
208 770 289 783 370 791 434 786 484 768 374 779 444 810 484 846 513 882 343 783 403 819 438 865 462 910 303 797 352 831 378 870 397 905 259 818 290 849 307 877 323 905 
208 769 289 782 370 789 434 786 485 767 374 780 444 811 484 847 513 882 344 784 403 819 437 865 461 909 303 797 351 831 378 869 397 904 258 818 289 848 307 876 323 905 
209 770 293 785 372 790 435 784 485 765 375 779 444 811 485 847 514 882 344 783 403 819 438 865 462 910 304 797 352 831 378 870 397 904 259 818 290 848 308 876 324 904 
211 770 291 784 371 790 434 785 485 766 376 779 445 811 485 847 513 883 346 784 404 819 438 865 461 910 306 797 353 831 378 869 396 903 261 818 290 849 307 877 322 905 
208 771 290 785 370 791 434 784 485 764 374 779 443 810 484 846 513 883 343 783 403 819 438 865 462 911 303 796 351 829 378 868 396 903 258 817 289 848 306 876 321 905 
209 770 290 783 371 790 435 784 485 765 376 779 445 811 485 847 514 882 345 783 403 819 438 865 462 910 304 797 352 830 378 868 396 903 259 817 290 849 307 877 322 905 
208 770 290 784 371 791 434 785 485 765 374 779 444 809 484 846 513 883 343 783 403 818 438 865 462 911 303 796 352 830 378 869 396 904 259 817 289 848 307 877 323 906 
209 770 291 783 372 789 435 783 485 763 376 779 444 810 485 846 514 883 344 783 403 818 437 865 461 911 303 797 351 829 377 868 396 902 258 817 289 848 307 876 323 905 
210 769 291 784 370 790 434 785 485 766 376 779 445 811 484 846 513 882 345 783 404 819 438 865 462 910 305 797 353 830 378 869 396 904 260 817 290 848 307 876 322 904 
209 770 291 783 371 789 435 783 485 763 374 779 444 810 484 846 513 882 344 783 404 819 438 865 462 910 304 797 352 830 378 868 396 903 260 818 290 848 307 876 323 904 
210 770 291 785 371 792 435 785 486 766 376 779 445 811 485 847 514 882 345 783 404 819 438 864 462 909 305 797 352 830 378 869 396 903 261 818 290 849 307 876 322 904 
209 770 290 784 371 790 434 783 485 764 375 779 444 810 485 846 513 882 344 783 404 819 438 865 461 911 304 797 352 830 378 869 396 904 260 817 290 848 307 876 322 905 
210 769 291 783 371 789 435 783 485 765 376 779 445 811 485 847 513 883 345 783 403 819 438 865 462 910 304 796 352 829 378 868 397 903 259 817 289 847 306 875 322 904 
210 770 291 784 371 790 435 784 486 764 376 779 445 811 485 847 513 883 346 783 404 819 438 865 462 910 306 797 353 830 378 868 396 903 261 817 290 848 306 876 321 905 
208 771 289 783 370 788 433 783 485 763 374 779 444 810 484 846 513 881 344 783 404 819 438 866 462 911 304 797 352 830 377 869 395 904 259 818 289 848 306 876 321 904 
207 772 289 784 370 789 433 783 484 763 374 779 443 809 484 846 513 882 342 783 402 818 438 865 462 911 302 796 351 830 377 869 396 904 257 817 288 848 307 876 323 905 
206 772 289 783 369 788 432 784 484 765 373 778 442 809 483 846 512 883 341 783 401 819 437 865 463 911 302 797 351 831 378 870 397 904 257 818 288 848 306 876 323 904 
208 773 291 784 370 789 432 783 484 765 375 779 443 810 483 847 512 883 343 784 402 818 437 865 462 910 302 797 350 830 377 870 396 905 257 818 288 848 307 876 323 904 
211 775 294 785 373 788 435 783 485 763 377 779 445 810 485 847 513 885 345 784 403 818 438 865 463 911 305 798 352 829 379 868 397 903 260 818 289 848 307 876 323 904 
210 776 293 788 372 791 434 784 486 764 377 780 444 810 484 847 512 885 345 784 403 818 439 866 465 913 304 797 351 828 379 867 397 902 259 816 288 847 306 876 321 905 
212 776 295 788 374 791 435 783 486 762 378 780 445 810 484 847 513 885 346 783 404 818 440 865 466 912 306 797 352 828 379 867 398 902 261 817 288 847 305 876 321 904 
212 777 295 789 373 792 432 784 484 765 380 781 444 810 483 847 512 885 347 784 403 818 439 865 465 912 306 797 351 827 378 866 397 902 260 816 288 846 305 875 321 904 
211 776 294 788 372 790 431 783 484 764 379 781 444 810 483 847 512 884 347 784 403 818 438 865 464 911 306 797 351 826 378 865 397 902 260 817 288 847 305 876 320 905 
210 775 293 786 372 789 432 783 485 763 378 780 444 811 483 848 512 885 346 784 403 818 439 866 465 912 306 797 352 827 379 866 398 902 261 817 288 847 306 875 321 904 
208 773 291 786 370 790 431 784 484 764 376 781 442 810 482 846 512 884 344 784 402 817 439 865 464 912 303 797 351 827 379 866 397 902 258 816 287 846 305 875 321 905 
208 772 289 783 369 787 432 781 484 763 373 778 443 810 483 846 512 883 342 783 401 818 437 864 462 911 303 797 351 828 377 867 396 902 259 818 289 848 307 875 322 904 
208 772 290 783 370 788 432 782 485 764 374 778 443 810 483 846 512 884 343 783 402 818 437 865 463 911 302 797 351 828 377 867 396 902 257 817 288 847 306 875 322 903 
207 772 290 784 369 789 431 784 485 765 374 778 442 809 482 846 512 884 342 783 401 817 437 864 463 910 301 796 350 827 377 866 396 901 256 817 287 846 306 875 322 903 
208 771 290 782 370 787 432 783 485 766 374 779 443 810 483 846 512 883 343 783 401 818 437 864 462 910 303 797 351 829 377 867 396 902 258 818 289 848 307 876 323 904 
206 771 287 781 368 786 432 782 484 764 373 778 442 810 483 846 513 881 342 783 402 819 437 865 461 911 302 797 351 830 377 868 395 903 257 818 288 848 307 876 323 905 
196 762 275 765 358 770 423 769 477 754 361 770 431 806 474 838 507 870 331 778 395 820 433 866 460 911 291 795 345 829 374 868 394 904 248 819 284 848 305 876 323 905 
191 760 268 756 351 760 417 762 470 747 353 761 423 800 462 832 494 863 323 773 389 819 426 863 453 906 284 792 338 831 368 871 391 907 241 819 279 848 301 874 321 903 
182 758 256 749 340 752 406 755 459 739 338 751 410 792 448 827 478 860 309 768 377 814 416 858 444 900 272 792 329 832 362 872 388 908 233 822 274 852 298 877 321 905 
171 756 245 745 328 746 395 748 448 734 324 744 396 785 433 822 460 856 295 763 365 810 406 855 433 895 260 790 321 832 357 873 383 909 223 823 269 854 296 879 320 906 
142 764 210 743 296 741 365 746 421 732 292 729 365 781 404 821 432 855 259 755 337 809 381 855 412 890 225 789 297 836 338 877 368 908 194 825 256 861 291 886 321 907 
138 761 206 741 291 741 359 745 414 731 288 731 364 780 402 819 430 853 257 756 334 810 378 852 410 887 223 789 294 836 337 877 369 909 193 827 253 861 289 887 318 910 
139 765 207 743 291 739 358 743 413 731 288 731 363 780 402 820 430 854 256 756 334 810 379 853 410 888 223 790 294 836 338 878 370 910 193 828 254 861 291 887 320 911 
140 768 208 745 291 739 358 740 411 727 288 736 366 783 406 821 434 854 256 760 337 811 382 853 413 888 223 793 295 837 339 878 371 911 192 831 253 862 290 887 319 910 
140 770 208 746 291 739 357 740 411 728 286 738 365 783 405 821 434 855 256 762 336 812 382 854 413 890 223 795 295 839 339 879 372 911 193 833 254 863 292 887 321 911 
138 771 206 747 289 740 357 741 410 729 286 740 365 785 405 823 433 856 256 764 337 814 382 855 413 890 224 797 296 839 340 879 372 911 194 834 255 863 291 886 321 910 
131 770 199 746 284 740 352 742 407 730 279 740 361 782 403 821 433 856 250 763 330 813 376 855 409 891 217 797 290 839 336 878 370 910 187 835 250 864 288 887 319 910 
129 771 198 747 282 740 351 742 404 728 279 738 361 783 402 822 431 855 250 763 331 813 376 855 407 890 218 798 293 839 337 878 369 910 188 837 252 865 290 887 320 909 
129 769 198 742 283 730 350 726 403 710 279 731 360 776 401 815 432 848 247 758 328 805 375 847 409 882 215 794 288 836 330 877 362 908 187 834 252 867 290 891 321 914 
130 765 198 737 283 725 351 720 403 702 278 728 359 773 402 810 433 843 247 756 328 802 376 844 411 878 216 793 287 835 330 874 362 905 188 834 254 867 292 892 324 915 
131 764 198 733 283 720 350 715 400 694 277 722 359 769 401 807 431 840 245 751 327 799 375 841 409 875 213 789 285 832 330 872 364 903 185 830 252 866 290 891 322 914 
131 760 197 727 280 713 347 707 396 685 273 718 354 765 397 802 429 833 240 749 323 798 372 839 407 872 209 787 282 834 328 872 362 901 183 829 250 867 288 893 320 915 
121 759 185 722 267 705 334 696 384 673 261 718 339 766 384 802 418 833 228 753 310 803 360 842 397 873 197 795 271 843 314 879 347 904 171 836 237 877 275 901 307 919 
120 763 184 725 266 707 332 697 381 673 260 722 336 772 380 808 414 840 227 758 306 808 356 848 393 880 195 801 267 848 311 884 345 909 169 843 236 882 276 906 309 924 
121 766 184 728 266 709 330 699 379 675 258 726 334 778 379 815 413 847 225 762 305 814 355 856 390 890 193 804 266 854 310 890 342 915 167 845 234 886 274 909 307 925 
124 768 188 731 268 713 332 703 382 682 263 733 340 788 385 826 418 859 230 769 310 823 361 867 395 901 197 810 271 861 315 899 347 924 170 850 236 890 275 913 307 929 
123 771 188 733 271 715 337 705 387 683 264 734 341 788 386 826 419 859 231 770 311 824 362 868 397 902 197 811 271 861 316 899 348 925 170 850 236 891 275 914 306 930 
123 771 189 734 271 716 337 707 388 686 266 736 343 791 387 829 420 862 232 772 313 826 364 870 400 904 199 812 273 863 318 902 352 928 172 852 238 891 278 914 311 932 
123 772 189 734 272 716 338 707 389 686 266 736 343 790 387 829 420 862 232 772 313 826 364 869 399 904 199 812 272 863 316 901 348 927 172 852 238 891 277 915 309 932 
129 773 195 736 277 719 342 710 392 689 274 739 352 797 396 835 429 868 241 775 323 833 373 878 406 913 207 815 282 867 325 906 356 932 178 854 242 893 277 916 306 933 
129 773 195 736 277 718 342 709 394 689 274 740 353 796 397 835 430 867 241 776 325 834 374 879 408 913 208 816 284 866 328 906 360 933 179 854 245 892 281 916 310 934 
128 772 194 735 276 716 342 707 395 687 275 739 355 795 401 834 434 866 244 776 328 834 378 879 411 914 211 816 288 867 330 905 360 931 182 854 247 893 283 916 310 933 
131 771 195 734 278 726 348 736 400 735 293 741 389 785 442 817 479 843 267 777 368 835 417 883 443 917 234 821 323 878 356 915 373 937 200 863 276 908 304 934 319 950 
116 780 192 747 271 754 328 788 368 821 300 751 398 788 455 814 494 838 275 785 380 837 429 884 452 920 243 829 338 889 366 928 370 951 210 872 289 921 314 945 322 960 
104 782 184 748 265 753 330 780 376 802 297 751 399 790 455 817 494 840 274 785 383 839 433 888 452 926 243 829 343 888 369 929 370 954 209 873 293 918 319 941 326 956 
133 800 225 777 303 793 352 830 383 871 340 799 443 839 501 870 539 892 327 828 442 895 451 951 427 980 299 870 396 937 389 978 361 991 263 911 343 966 348 998 333 1012 
137 809 232 784 312 799 360 835 389 877 354 802 455 844 508 872 544 892 342 836 455 903 458 952 426 974 312 879 410 948 399 985 368 992 274 921 358 976 358 1002 339 1008 
142 821 238 791 317 803 365 837 393 879 363 808 465 847 518 872 552 890 355 845 466 910 467 955 434 973 328 891 426 955 414 987 381 993 292 934 377 985 376 1009 355 1014 
151 837 249 803 327 810 376 843 405 883 371 815 474 850 527 871 564 887 364 856 476 912 483 950 459 968 339 905 436 960 424 985 392 991 305 951 389 994 386 1013 364 1019 
196 862 291 829 365 837 409 868 435 910 415 835 507 856 559 875 595 884 420 870 525 924 519 968 485 983 401 916 490 975 468 1010 433 1016 368 965 441 1016 431 1044 404 1052 
204 866 296 832 370 837 414 867 440 907 414 836 508 861 559 879 594 887 417 873 526 927 517 965 486 976 401 921 491 977 468 1007 435 1010 372 971 445 1018 435 1045 412 1051 
214 879 306 857 376 871 413 907 434 948 428 861 510 892 551 910 579 915 436 893 527 951 514 988 485 999 424 936 503 997 480 1029 448 1035 400 984 463 1033 447 1058 417 1066 
232 911 303 894 366 905 408 937 433 975 432 887 506 907 545 918 574 922 448 918 525 973 505 1006 473 1014 446 962 509 1019 479 1046 443 1050 432 1013 490 1056 469 1076 433 1082 
245 917 316 888 378 898 419 927 444 964 432 889 504 905 546 915 578 919 450 920 529 973 509 1006 475 1014 449 965 508 1027 474 1053 436 1055 436 1015 491 1063 466 1083 429 1085 
246 921 313 898 375 911 414 945 437 985 431 892 505 906 547 914 579 917 450 922 529 973 511 1007 478 1015 451 967 511 1025 479 1052 442 1054 440 1018 495 1063 471 1085 434 1088 
247 924 312 901 374 911 416 941 440 978 433 890 507 901 550 908 583 911 453 921 531 972 515 1007 484 1017 454 967 513 1026 481 1054 445 1058 444 1017 499 1063 475 1085 437 1090 
263 924 328 904 390 911 433 940 457 973 450 892 520 904 559 911 591 912 468 921 540 974 519 1008 487 1015 469 966 525 1023 490 1050 453 1053 461 1016 512 1061 486 1080 446 1084 
269 936 333 908 397 909 443 932 468 963 451 897 521 907 561 913 593 914 470 925 542 975 522 1008 490 1013 473 970 531 1023 497 1049 460 1051 467 1020 520 1061 494 1079 456 1082 
271 938 336 906 400 906 447 931 472 965 449 893 522 904 563 911 595 914 470 924 544 974 524 1007 495 1013 473 971 530 1025 498 1050 464 1051 466 1022 519 1062 496 1080 460 1084 
274 940 337 907 400 907 447 931 472 963 452 894 523 904 564 911 595 913 472 924 543 975 523 1007 495 1013 475 970 530 1025 499 1049 466 1049 468 1020 518 1060 494 1077 460 1080 
274 944 340 910 405 911 450 934 476 965 450 895 521 908 561 917 590 920 470 924 544 973 527 1006 498 1014 475 970 531 1024 502 1050 468 1053 469 1020 519 1059 498 1081 465 1087 
273 942 342 908 407 910 451 936 477 969 450 894 521 909 561 918 591 922 470 923 543 974 524 1007 493 1015 475 968 531 1025 499 1052 464 1055 469 1019 519 1061 495 1083 459 1090 
273 943 339 909 405 911 450 935 476 965 451 895 522 909 562 917 592 920 471 925 543 973 526 1005 497 1013 476 970 532 1024 501 1050 468 1052 469 1020 520 1059 497 1079 463 1085 
277 946 341 911 406 911 449 933 474 964 455 898 525 913 563 922 592 925 475 927 545 975 528 1007 500 1014 479 971 533 1024 503 1050 471 1053 471 1021 521 1059 500 1079 467 1085 
280 947 347 912 411 912 453 936 478 967 455 896 525 912 563 922 590 926 475 925 546 973 530 1006 502 1015 480 970 535 1024 505 1051 473 1055 474 1021 523 1059 502 1081 469 1087 
284 948 349 912 413 911 455 935 479 967 455 896 525 913 563 923 590 927 476 925 546 976 527 1007 498 1014 481 969 536 1025 505 1049 472 1051 476 1019 524 1059 500 1077 466 1080 
290 943 350 912 412 912 455 933 479 962 462 902 528 916 564 926 589 930 482 931 550 977 533 1007 506 1012 486 974 538 1025 509 1048 478 1049 481 1022 526 1060 504 1077 472 1080 
291 946 355 908 418 907 460 929 483 961 460 895 530 916 565 930 587 934 482 925 549 979 528 1011 497 1016 488 970 539 1027 506 1050 472 1050 484 1019 527 1062 501 1080 466 1080 
295 946 353 911 413 910 456 927 482 953 463 897 530 915 565 927 587 932 485 926 550 979 530 1010 501 1015 492 970 540 1027 509 1051 476 1052 488 1019 527 1062 502 1080 468 1082 
297 946 355 910 414 908 458 924 484 947 468 898 534 916 567 929 587 933 489 929 552 980 532 1010 503 1014 494 972 541 1026 512 1050 479 1050 487 1020 528 1061 505 1079 473 1081 
299 947 357 909 417 907 459 926 485 953 466 896 532 916 567 929 587 934 487 927 551 979 533 1009 504 1015 493 971 541 1026 512 1050 479 1051 489 1019 528 1061 505 1080 472 1083 
295 947 353 910 413 909 456 926 483 953 462 900 528 915 566 925 593 929 483 929 549 978 531 1008 502 1013 490 973 541 1026 511 1050 478 1049 486 1021 529 1062 504 1078 471 1079 
295 951 353 911 413 909 458 927 487 953 463 898 529 915 568 926 594 930 484 928 548 980 529 1010 500 1016 490 973 540 1027 511 1052 478 1053 486 1021 529 1061 506 1081 473 1085 
291 950 350 913 411 913 455 930 484 955 461 900 528 915 568 924 595 928 482 930 546 977 529 1006 501 1011 488 974 539 1026 510 1049 479 1049 484 1023 529 1061 507 1078 475 1080 
291 955 352 913 412 910 456 926 485 950 465 897 534 913 574 921 600 921 485 930 548 981 526 1010 495 1012 490 976 538 1027 507 1049 475 1047 485 1025 529 1061 505 1076 474 1076 
293 957 354 915 416 910 461 926 490 952 466 898 537 914 577 921 605 920 486 931 549 983 526 1012 496 1014 490 978 538 1030 509 1052 478 1050 485 1027 529 1063 506 1078 475 1079 
291 955 350 914 409 907 454 912 487 921 466 900 534 914 574 919 602 919 486 932 547 983 525 1011 496 1014 490 978 538 1029 509 1050 478 1049 484 1026 529 1062 507 1078 476 1079 
292 961 352 917 413 911 459 927 489 953 462 896 533 909 573 916 601 917 482 930 548 981 526 1010 496 1013 488 978 538 1028 508 1050 477 1048 483 1028 530 1061 507 1077 475 1077 
291 957 355 917 419 913 462 935 488 967 464 898 534 911 574 918 603 918 483 933 547 982 526 1009 496 1011 489 980 539 1029 510 1050 480 1048 483 1029 530 1061 507 1076 477 1076 
292 960 352 918 415 915 460 937 487 968 461 895 532 908 574 915 602 917 483 930 548 979 529 1010 499 1014 489 979 539 1029 511 1051 480 1050 486 1030 533 1062 511 1078 481 1078 
294 960 353 920 413 919 458 940 484 970 465 897 534 910 574 918 600 920 486 932 550 983 530 1013 501 1019 493 981 541 1032 514 1055 484 1055 490 1031 533 1064 515 1082 487 1086 
294 963 353 920 414 918 458 936 485 964 462 896 531 910 572 918 598 919 484 930 548 982 529 1014 500 1020 492 979 542 1031 515 1055 484 1055 492 1030 535 1064 517 1083 488 1086 
296 961 356 919 415 918 459 938 487 966 465 896 533 910 574 919 600 920 485 931 552 979 534 1010 504 1016 493 980 543 1030 517 1054 487 1054 490 1031 534 1063 517 1081 488 1083 
299 963 358 919 419 916 463 934 488 962 471 901 538 912 574 919 600 919 492 935 552 984 530 1013 501 1018 498 983 542 1032 513 1052 483 1051 495 1033 535 1064 514 1078 485 1079 
299 962 359 919 418 917 461 936 486 963 470 899 536 912 574 920 598 921 492 933 551 985 532 1016 504 1022 498 982 543 1034 517 1057 486 1058 496 1033 538 1066 520 1084 491 1087 
298 962 359 919 420 916 464 937 488 967 467 897 534 911 572 919 598 920 489 932 550 983 532 1014 505 1021 496 982 543 1032 517 1055 487 1056 495 1033 538 1064 521 1082 493 1086 
301 961 359 921 418 920 462 939 489 967 472 897 538 912 574 920 597 919 494 931 553 983 532 1013 501 1016 500 980 545 1032 516 1054 485 1052 498 1030 538 1067 518 1083 488 1084 
302 960 358 921 415 916 458 928 483 947 477 897 540 914 575 922 596 921 498 932 553 988 530 1016 499 1017 504 980 545 1035 516 1056 484 1053 501 1029 538 1067 517 1084 487 1084 
301 960 358 922 417 919 460 936 484 962 472 895 536 911 574 920 599 921 494 930 551 986 530 1018 501 1024 502 979 545 1036 518 1060 486 1060 501 1029 539 1070 521 1089 492 1092 
304 957 362 919 423 917 469 938 493 972 474 896 540 912 576 921 597 920 495 931 553 985 531 1015 499 1018 502 979 545 1034 517 1057 484 1056 500 1029 538 1069 518 1087 489 1090 
313 956 373 912 433 908 476 932 499 966 486 896 551 918 579 930 592 930 505 931 557 988 533 1017 500 1019 511 979 548 1037 518 1060 485 1059 508 1028 539 1074 520 1094 493 1098 
312 953 370 911 428 905 473 925 498 955 486 894 552 917 578 932 588 935 507 929 558 988 531 1016 497 1015 514 976 551 1036 518 1057 484 1053 512 1025 542 1071 519 1089 490 1089 
312 949 371 909 430 905 472 921 497 947 486 897 549 925 572 944 580 950 506 932 556 987 531 1013 499 1012 514 978 551 1036 519 1056 485 1052 513 1026 543 1073 519 1090 489 1089 
317 953 376 910 434 901 474 914 495 940 490 897 552 928 571 948 577 953 510 932 556 991 532 1016 502 1014 516 978 551 1040 520 1060 487 1055 514 1026 542 1078 520 1094 492 1091 
320 948 379 909 437 906 477 929 499 961 490 896 549 923 573 940 585 945 510 929 558 988 534 1013 503 1009 519 974 551 1037 516 1054 483 1047 518 1022 541 1077 515 1090 486 1083 
321 948 376 908 434 905 474 925 498 953 488 896 548 921 574 937 587 942 510 929 558 988 533 1013 502 1010 520 973 551 1036 516 1053 484 1045 519 1021 543 1075 516 1088 487 1080 
322 947 380 906 438 901 480 920 504 950 496 896 556 925 576 942 581 946 516 930 558 994 528 1017 494 1012 523 976 551 1041 515 1058 481 1051 520 1024 540 1080 514 1095 485 1091 
324 944 376 906 432 903 472 915 495 935 490 898 550 923 575 940 589 945 512 930 561 986 537 1009 508 1004 521 973 551 1035 516 1049 486 1038 521 1020 541 1073 514 1083 487 1072 
323 948 378 908 435 904 476 920 499 948 487 896 549 925 572 944 584 951 510 929 558 987 533 1010 502 1005 520 974 550 1038 514 1051 482 1041 522 1022 542 1079 514 1088 485 1077 
323 946 375 905 431 899 470 912 493 933 491 897 549 922 574 939 586 944 512 930 560 986 537 1010 507 1006 521 974 552 1034 517 1049 485 1040 520 1020 542 1073 515 1084 486 1075 
324 948 376 907 430 901 469 912 491 930 491 897 552 926 572 944 580 948 511 930 560 988 533 1010 502 1003 520 974 552 1036 515 1050 483 1038 520 1021 542 1075 514 1085 484 1075 
325 946 380 905 438 901 479 920 502 951 492 897 552 924 578 940 592 945 513 930 557 989 530 1011 498 1007 522 974 551 1038 515 1052 481 1043 521 1023 542 1080 514 1091 484 1082 
325 946 380 903 439 901 479 920 501 948 492 896 551 927 576 944 588 951 513 929 558 991 533 1014 503 1010 522 974 552 1040 517 1054 485 1045 520 1021 543 1077 515 1088 485 1079 
325 946 376 905 431 900 468 910 490 928 490 897 549 926 576 942 593 949 512 930 556 991 531 1014 500 1009 521 974 550 1040 515 1055 482 1045 520 1021 540 1079 512 1090 482 1079 
323 943 378 905 437 903 477 924 500 955 487 894 547 928 573 948 586 956 509 927 554 988 530 1011 501 1005 519 971 549 1039 514 1053 482 1043 519 1020 541 1078 512 1089 481 1080 
326 945 381 904 439 902 479 923 503 956 490 895 549 928 578 945 596 953 512 928 556 988 532 1011 502 1007 521 972 549 1040 513 1054 480 1046 522 1021 541 1080 512 1091 481 1083 
324 945 379 906 437 904 478 925 501 957 490 895 549 931 570 952 580 960 511 928 556 989 532 1012 503 1006 520 972 551 1038 516 1053 484 1043 520 1021 541 1077 513 1088 483 1078 
326 948 378 907 435 901 473 916 494 940 487 896 546 927 576 944 596 950 509 927 554 987 533 1009 505 1005 519 972 550 1038 516 1052 484 1042 521 1020 540 1078 512 1089 483 1079 
326 948 377 908 431 899 469 911 491 929 492 896 551 933 569 955 577 963 512 928 556 988 532 1010 502 1004 520 972 552 1035 518 1050 486 1039 519 1019 543 1073 516 1085 485 1076 
326 946 378 906 434 901 472 914 493 935 488 897 546 928 577 944 597 951 510 929 555 984 535 1006 508 1002 520 973 552 1034 519 1048 487 1039 521 1021 542 1074 515 1085 485 1076 
323 947 371 907 424 899 458 907 478 921 488 896 547 936 562 959 566 966 509 927 554 989 529 1010 498 1003 519 970 551 1037 515 1051 483 1039 519 1017 540 1076 510 1086 480 1074 
320 945 372 907 430 905 469 920 491 944 483 894 542 929 570 949 587 957 506 927 553 984 533 1007 505 1004 517 971 550 1035 517 1050 486 1040 519 1020 541 1076 513 1086 483 1077 
323 943 377 906 435 905 473 923 495 951 485 896 543 930 571 948 590 957 509 928 552 985 532 1008 506 1005 520 972 548 1038 515 1053 484 1044 522 1021 539 1081 510 1092 480 1084 
325 941 377 905 434 905 471 925 490 951 483 895 542 929 569 948 587 957 507 926 553 984 534 1007 508 1006 519 969 549 1036 516 1053 485 1046 522 1018 540 1078 512 1090 482 1083 
325 942 374 903 430 899 465 913 484 933 487 894 544 930 568 952 582 961 510 926 555 983 535 1006 507 1002 521 970 551 1035 518 1050 486 1041 523 1019 541 1078 512 1088 482 1077 
325 943 371 906 422 899 455 904 475 911 490 897 547 932 568 952 580 961 512 927 556 988 532 1009 502 1004 522 969 551 1036 515 1050 483 1039 521 1015 542 1075 511 1084 480 1073 
325 944 376 907 430 903 464 915 484 930 489 897 547 933 566 953 578 959 510 927 555 987 530 1008 501 999 520 969 551 1036 515 1048 483 1034 520 1016 539 1076 510 1083 480 1067 
327 938 378 904 433 902 467 918 485 933 490 898 547 931 571 950 586 957 511 929 556 985 535 1006 506 1002 521 971 551 1035 516 1049 485 1038 520 1019 541 1075 512 1084 482 1073 
328 944 377 906 429 901 459 906 474 912 493 899 549 936 562 957 566 966 515 930 557 989 530 1010 498 1004 524 972 551 1040 514 1054 480 1043 524 1018 542 1081 510 1089 478 1075 
327 932 379 904 436 907 471 927 491 952 487 895 545 930 568 949 583 959 510 925 554 985 529 1007 499 1002 521 968 547 1037 510 1051 477 1040 524 1016 537 1078 505 1086 473 1071 
329 942 379 905 434 902 467 915 482 932 489 896 546 930 570 949 584 957 511 926 556 984 534 1006 506 1002 521 968 551 1037 514 1051 482 1041 523 1015 542 1080 510 1087 480 1073 
330 938 382 906 439 907 475 929 493 956 491 898 548 933 567 954 578 963 513 928 555 986 532 1009 503 1005 522 970 551 1035 517 1051 485 1042 522 1018 540 1076 512 1086 482 1075 
329 938 376 903 429 899 461 906 478 915 487 896 544 930 568 950 582 959 510 926 555 985 533 1007 504 1004 521 968 550 1037 514 1052 481 1045 523 1016 542 1080 511 1089 478 1078 
329 939 380 905 436 903 469 920 488 943 491 895 546 938 556 963 556 973 512 925 553 989 527 1010 495 1004 522 968 547 1040 509 1055 474 1044 524 1016 538 1081 505 1089 473 1076 
329 940 381 904 439 904 474 925 493 952 489 896 545 934 561 955 571 964 512 927 554 988 531 1007 504 1002 522 969 550 1038 515 1050 484 1039 524 1017 542 1079 512 1085 482 1070 
327 934 378 903 434 904 468 921 487 943 489 896 545 933 563 955 574 965 513 927 555 987 531 1009 501 1005 524 970 549 1040 512 1055 478 1046 526 1018 541 1083 509 1092 476 1079 
331 936 377 900 429 896 460 900 475 902 490 897 545 927 571 945 589 955 513 927 556 981 536 1004 509 1003 524 969 550 1034 514 1051 482 1044 525 1017 542 1079 511 1090 479 1080 
331 938 379 904 432 900 462 906 477 912 489 897 546 930 569 949 581 959 512 927 556 985 534 1008 504 1007 523 969 551 1038 514 1055 480 1049 526 1017 543 1081 511 1092 478 1083 
329 936 379 902 433 900 466 913 482 931 488 894 545 932 561 955 567 965 511 925 556 983 534 1005 505 1003 522 967 550 1036 515 1050 482 1041 523 1015 541 1079 511 1088 480 1075 
327 936 375 901 427 897 457 901 473 904 489 897 545 930 570 949 584 959 512 926 555 986 531 1009 499 1007 524 968 549 1039 511 1056 476 1049 526 1016 542 1082 508 1093 474 1083 
328 937 375 902 427 898 458 904 474 911 488 895 545 929 568 950 581 960 511 926 555 983 532 1005 502 1004 522 968 549 1034 513 1051 478 1045 524 1016 542 1077 510 1088 476 1078 
329 936 375 901 428 897 456 899 472 899 494 899 548 928 576 945 596 954 516 927 558 985 536 1007 506 1006 526 968 552 1039 514 1056 478 1050 526 1015 544 1081 510 1092 475 1081 
331 932 377 900 430 898 458 903 473 907 490 896 546 924 577 940 599 949 514 926 557 978 538 1003 510 1006 527 966 550 1034 510 1054 474 1053 530 1013 544 1079 510 1094 476 1087 
333 933 378 899 430 895 459 896 476 897 490 894 547 924 577 941 599 950 515 923 555 976 535 998 509 1000 529 962 550 1028 512 1044 479 1040 533 1010 543 1075 510 1085 479 1076 
335 932 387 900 442 900 474 915 490 935 491 891 546 924 577 939 603 948 516 918 554 975 536 1000 509 1006 531 958 549 1032 508 1054 470 1055 538 1005 545 1075 510 1089 476 1083 
337 935 382 905 435 901 467 909 489 920 491 890 545 922 577 938 602 946 515 916 555 971 538 995 513 999 529 955 552 1024 512 1044 475 1044 536 1003 546 1069 512 1084 478 1078 
333 930 386 908 442 906 474 928 494 959 484 888 537 918 570 935 595 945 509 912 525 973 497 995 465 995 523 950 522 1019 481 1036 446 1036 532 997 529 1064 497 1077 466 1074 
340 926 390 900 442 903 469 929 484 962 482 888 533 916 569 932 596 940 506 914 513 972 484 991 456 987 521 953 510 1020 470 1034 440 1030 529 999 518 1064 487 1073 461 1066 
344 929 389 904 442 906 470 929 488 960 484 887 534 918 569 936 594 946 505 913 518 970 490 989 461 985 519 952 516 1017 476 1034 445 1031 528 999 524 1063 494 1075 467 1069 
347 901 395 893 442 912 464 946 474 975 489 891 535 924 570 939 600 947 512 915 504 987 468 1001 435 992 519 954 489 1035 441 1043 408 1030 518 998 483 1069 450 1068 428 1052 
350 896 406 886 453 904 474 935 482 968 496 893 537 925 569 937 598 944 516 918 500 981 459 997 423 992 519 957 477 1029 422 1038 385 1030 517 1002 480 1073 447 1074 424 1060 
352 894 406 880 451 895 472 920 482 947 498 897 528 930 560 944 585 953 519 923 481 1000 426 1016 379 1013 523 959 463 1037 403 1041 362 1032 523 1000 474 1072 435 1070 409 1054 
353 889 408 880 450 899 470 925 478 955 498 901 531 930 566 940 596 948 518 927 479 998 425 1015 377 1012 520 963 458 1037 396 1040 352 1027 518 1004 466 1072 426 1069 396 1052 
352 888 402 878 443 898 464 918 476 940 491 900 529 927 570 937 602 945 511 926 470 994 418 1014 370 1014 513 962 447 1031 387 1035 344 1025 510 1004 454 1067 412 1064 382 1050 
353 887 407 878 448 900 467 923 476 951 495 902 526 930 565 939 595 948 515 928 466 996 412 1017 363 1019 516 964 445 1030 386 1033 343 1024 512 1004 452 1064 411 1062 380 1050 
352 888 405 878 446 899 466 918 476 939 495 904 529 929 569 937 600 945 516 930 466 998 412 1018 363 1018 516 966 444 1034 385 1036 342 1025 511 1005 452 1067 410 1062 381 1046 
350 891 404 882 448 900 470 922 480 949 495 902 525 929 564 940 592 948 514 929 464 999 410 1024 361 1028 515 966 447 1033 389 1040 344 1033 511 1006 458 1070 419 1073 388 1063 
351 892 403 882 446 901 466 925 475 953 494 905 525 930 564 940 594 948 514 931 461 1000 405 1022 355 1025 515 966 444 1034 384 1041 339 1033 513 1006 461 1071 422 1073 391 1062 
351 891 407 878 450 898 469 923 475 954 495 904 528 930 567 939 596 947 514 931 465 999 410 1023 359 1028 515 967 446 1032 388 1041 342 1036 512 1006 459 1068 419 1072 387 1063 
345 887 395 882 438 902 460 928 471 957 487 901 519 930 560 941 590 949 507 927 457 1002 404 1023 356 1022 509 964 439 1037 383 1042 339 1031 507 1004 454 1072 416 1071 386 1056 
344 889 398 884 441 905 462 930 471 961 490 903 524 928 565 938 597 947 510 929 460 1001 405 1028 354 1033 512 965 442 1035 385 1044 340 1036 510 1006 456 1069 416 1072 385 1060 
346 890 397 881 439 902 460 927 469 957 488 902 524 927 567 936 599 944 508 927 458 999 402 1025 351 1031 510 963 440 1032 381 1042 335 1037 509 1004 455 1068 414 1071 382 1061 
343 891 393 885 438 906 461 933 472 965 488 903 524 927 565 936 597 945 509 929 461 1001 408 1022 359 1021 510 966 441 1037 384 1041 339 1029 508 1006 454 1073 415 1072 384 1057 
345 891 399 882 444 902 464 926 472 955 489 902 525 927 566 936 598 944 509 929 460 1002 405 1024 355 1026 511 966 440 1035 383 1041 339 1032 508 1007 454 1071 414 1073 382 1062 
345 891 397 884 441 904 463 930 472 962 487 901 526 926 568 936 601 945 507 927 463 998 409 1022 361 1024 510 964 443 1034 387 1042 344 1034 508 1006 456 1073 418 1074 388 1061 
343 890 397 882 441 901 462 927 470 958 490 901 526 926 567 936 599 944 510 928 465 998 412 1018 364 1016 510 966 443 1035 385 1038 342 1025 505 1007 454 1074 414 1072 382 1057 
343 890 396 883 441 903 462 930 471 963 487 899 523 925 565 936 597 945 507 927 462 997 408 1021 360 1024 509 964 442 1033 385 1039 342 1029 507 1006 457 1071 419 1072 388 1060 
342 890 394 883 437 904 460 932 470 964 487 902 522 927 563 938 595 946 508 929 460 1000 407 1020 360 1019 509 967 441 1037 384 1039 343 1027 505 1008 452 1073 412 1070 382 1054 
338 891 391 882 438 902 461 926 472 955 487 900 525 925 567 936 599 945 507 926 460 1002 407 1025 360 1027 508 964 439 1036 384 1042 343 1033 506 1006 452 1071 413 1073 384 1062 
337 894 390 887 435 906 459 933 471 965 484 899 525 926 566 936 601 944 505 925 468 994 418 1015 374 1014 506 963 444 1035 388 1039 349 1028 501 1006 449 1071 410 1068 383 1052 
338 896 389 889 434 909 458 936 472 965 483 896 526 926 567 937 601 945 504 921 467 993 418 1013 376 1011 506 960 442 1033 387 1037 352 1026 502 1005 445 1070 408 1065 385 1049 
337 895 392 891 436 910 459 937 471 968 482 896 527 926 566 937 601 943 503 922 472 993 422 1012 380 1009 504 961 444 1036 387 1040 349 1026 501 1007 446 1073 408 1066 384 1046 
339 896 394 890 438 906 461 931 474 961 485 897 528 926 568 937 602 945 505 923 470 992 420 1010 378 1006 506 962 443 1034 386 1035 348 1020 502 1007 445 1073 406 1064 380 1042 
338 898 392 892 437 907 461 932 474 962 486 900 531 926 570 936 604 943 505 926 474 993 426 1011 384 1007 506 964 445 1035 388 1037 351 1024 501 1007 447 1072 409 1064 384 1045 
334 900 384 897 428 912 455 935 472 959 482 898 529 925 570 934 604 942 503 923 478 992 434 1012 394 1009 505 961 449 1036 393 1039 356 1025 501 1006 446 1073 408 1066 384 1046 
331 898 377 908 421 927 448 953 467 977 480 899 530 926 570 934 604 940 502 921 484 992 443 1010 405 1005 505 959 453 1036 400 1038 365 1024 502 1005 449 1072 415 1064 395 1041 
328 901 374 908 419 925 447 951 465 974 477 899 529 925 569 933 605 939 500 922 490 990 451 1007 417 1001 504 960 461 1035 410 1037 377 1022 501 1005 451 1073 417 1063 398 1041 
327 900 370 910 415 929 441 957 461 981 480 902 532 926 571 934 606 940 503 926 489 992 448 1008 413 1001 505 963 458 1036 404 1037 369 1022 500 1008 445 1072 408 1063 387 1041 
328 900 374 907 418 925 444 952 462 977 483 905 533 927 572 933 606 939 505 927 488 994 446 1010 411 1004 506 963 459 1037 406 1041 372 1027 499 1007 449 1071 414 1063 395 1043 
326 898 370 911 413 932 440 961 460 986 481 906 531 927 570 934 605 940 504 928 487 992 447 1007 414 999 505 964 460 1035 408 1040 375 1027 499 1007 452 1071 418 1065 396 1046 
331 900 382 899 429 916 453 943 468 972 483 904 535 926 572 935 606 941 503 928 489 993 446 1008 411 1001 504 965 461 1036 408 1040 376 1027 498 1008 453 1069 418 1064 399 1045 
330 900 374 909 419 927 446 952 465 975 482 905 533 927 572 934 606 939 504 928 490 991 453 1003 423 993 505 964 464 1032 417 1034 389 1020 499 1009 449 1069 415 1061 397 1041 
328 900 371 912 416 931 443 958 464 982 482 903 533 925 572 932 607 938 503 925 490 991 450 1004 416 994 505 962 463 1033 411 1037 380 1023 499 1007 451 1071 416 1064 396 1044 
330 899 376 904 420 924 445 953 462 980 482 905 533 926 572 934 606 940 503 928 488 994 446 1008 411 999 505 964 461 1036 409 1040 376 1026 500 1007 453 1071 419 1065 399 1045 
332 900 376 904 421 918 450 937 470 954 483 906 533 926 572 933 605 940 503 928 489 992 449 1007 415 1001 505 963 461 1034 410 1039 378 1027 500 1006 452 1069 417 1064 397 1046 
331 899 376 907 421 925 448 950 465 973 481 903 533 925 573 933 608 940 501 925 489 991 451 1005 420 997 504 961 463 1033 413 1037 385 1024 499 1006 452 1069 421 1061 406 1040 
331 898 379 904 423 923 447 952 463 980 483 905 533 927 572 934 607 939 504 928 489 994 448 1007 415 997 505 965 460 1038 409 1040 378 1024 499 1009 447 1073 412 1065 393 1044 
328 897 375 906 420 924 446 950 463 975 481 903 531 925 571 934 605 942 502 927 487 992 445 1011 409 1006 505 963 460 1036 408 1043 372 1032 501 1006 454 1069 419 1066 397 1050 
329 900 375 908 420 926 447 952 465 979 481 905 533 925 572 931 607 937 502 927 488 992 447 1007 412 1001 504 963 458 1034 405 1037 372 1023 498 1007 446 1069 412 1061 392 1040 
327 899 370 913 414 935 441 963 462 987 480 905 532 927 571 933 607 940 502 927 487 996 447 1011 415 1003 504 962 460 1039 410 1043 379 1028 499 1005 451 1072 417 1065 399 1044 
331 899 382 897 427 913 452 940 467 967 481 902 533 924 571 934 605 941 500 926 489 989 449 1006 414 1001 502 963 463 1033 411 1041 377 1031 496 1007 455 1069 420 1067 398 1052 
328 897 378 901 424 920 448 949 464 978 482 901 532 925 572 933 607 939 503 926 486 994 445 1010 411 1005 504 963 455 1038 402 1042 368 1029 497 1007 445 1071 409 1064 387 1044 
326 897 372 909 416 931 441 962 460 990 480 903 531 925 571 932 607 939 501 926 485 994 442 1009 406 1001 503 962 457 1037 404 1040 369 1025 498 1006 448 1070 412 1064 390 1044 
327 897 371 907 417 926 443 953 462 978 479 903 531 924 572 931 607 938 501 925 484 993 442 1007 407 1000 502 961 456 1034 404 1038 372 1024 498 1005 447 1067 412 1060 393 1040 
325 899 370 911 415 932 442 961 461 987 478 902 531 925 570 933 607 939 500 924 486 993 445 1007 411 998 503 962 458 1037 407 1041 375 1026 499 1006 449 1071 415 1064 397 1042 
328 897 377 901 422 919 447 948 463 979 478 900 531 923 571 932 606 939 500 923 485 989 442 1008 406 1005 502 960 457 1033 404 1042 368 1032 499 1003 452 1067 417 1064 395 1048 
328 900 377 906 423 924 448 954 464 981 479 902 532 925 572 932 607 938 500 926 485 994 446 1008 412 1000 502 963 456 1037 407 1040 376 1026 497 1006 449 1071 417 1063 400 1041 
329 899 378 905 423 923 446 951 463 978 482 904 533 926 572 933 606 939 502 927 487 992 448 1007 416 1000 503 963 461 1036 412 1041 382 1028 497 1006 452 1070 420 1065 402 1045 
327 899 374 907 419 926 445 954 463 981 481 903 532 925 572 932 608 939 502 925 486 994 447 1010 414 1004 503 962 458 1037 407 1043 374 1030 498 1005 449 1070 415 1063 395 1043 
328 897 375 907 419 925 443 956 459 984 479 902 531 925 571 934 605 941 499 925 484 990 441 1007 406 999 502 962 458 1033 406 1040 373 1027 498 1006 452 1068 420 1064 401 1045 
329 898 375 908 420 928 445 956 462 983 479 902 531 926 571 935 606 941 500 924 486 991 446 1005 412 996 502 961 459 1034 407 1037 375 1023 497 1005 449 1068 415 1061 396 1039 
329 899 371 912 416 933 441 964 459 991 479 903 532 925 571 933 606 940 499 926 487 991 447 1005 413 996 501 963 460 1034 409 1038 377 1023 497 1006 450 1070 417 1062 399 1041 
328 898 374 907 418 927 444 954 461 980 479 902 532 924 572 933 607 940 500 924 488 991 447 1007 413 999 502 961 461 1034 410 1040 378 1027 497 1005 452 1069 420 1065 401 1046 
329 899 375 909 421 927 445 955 462 982 480 902 533 925 572 934 605 939 500 925 489 991 450 1004 417 994 501 962 462 1032 412 1037 382 1023 495 1006 451 1069 419 1062 401 1041 
330 900 376 909 420 929 443 958 460 985 481 906 533 927 571 934 605 938 502 928 487 994 449 1008 419 999 503 963 462 1036 415 1041 388 1027 496 1006 449 1069 417 1062 401 1042 
333 901 380 901 425 914 450 932 466 949 484 905 535 927 573 936 605 942 501 929 488 992 451 1006 421 997 501 965 463 1033 416 1040 388 1028 494 1007 452 1068 422 1064 406 1045 
332 900 381 897 428 914 451 940 466 969 480 903 533 925 572 933 606 939 500 927 489 992 455 1004 428 995 501 965 466 1034 422 1037 398 1023 495 1009 451 1069 421 1060 407 1039 
329 898 376 904 422 921 448 946 464 971 481 903 533 925 572 934 606 940 501 926 488 991 449 1005 419 996 501 963 462 1034 414 1039 385 1025 496 1007 450 1069 418 1062 400 1041 
329 898 377 905 423 924 448 953 463 979 479 902 533 924 572 933 607 939 500 925 487 992 449 1007 419 999 500 962 462 1035 414 1042 386 1030 494 1005 451 1069 420 1065 403 1047 
330 899 378 901 424 920 448 948 463 977 480 902 533 925 572 933 607 939 500 926 489 993 452 1007 422 999 502 963 464 1036 418 1041 391 1027 496 1007 451 1069 420 1063 404 1042 
330 899 377 902 423 921 447 951 462 980 479 902 533 924 573 932 607 938 499 925 489 992 451 1006 421 996 501 962 464 1034 418 1039 390 1025 496 1005 453 1068 423 1063 407 1043 
330 897 377 902 423 922 446 952 461 981 479 902 533 925 572 933 606 939 499 925 488 992 451 1005 420 995 501 962 463 1034 416 1038 388 1023 496 1005 452 1068 420 1061 404 1039 
329 901 374 911 420 930 444 959 461 984 479 903 531 925 571 932 605 938 499 925 488 991 452 1003 425 992 500 961 464 1033 419 1038 393 1023 495 1005 453 1069 423 1061 408 1040 
332 902 379 908 425 928 448 957 463 984 481 904 534 925 572 933 605 939 500 927 490 993 453 1005 425 994 501 964 466 1035 421 1038 396 1022 495 1008 450 1069 419 1061 404 1039 
329 898 376 907 421 927 446 957 461 983 476 902 531 921 571 928 606 935 498 926 487 993 453 1007 425 1000 500 963 464 1037 419 1041 392 1028 495 1007 452 1072 422 1065 406 1045 
331 898 380 902 425 921 449 948 465 975 478 905 533 922 573 928 608 935 497 929 488 989 450 1001 419 992 499 965 463 1034 415 1036 388 1021 495 1009 452 1071 420 1063 405 1041 
329 900 377 901 424 920 449 949 464 978 477 904 532 919 573 925 608 933 497 929 487 990 449 1002 418 994 499 967 462 1035 413 1038 384 1024 495 1010 452 1072 420 1064 403 1042 
329 899 376 900 423 919 449 947 465 976 476 903 531 920 573 926 608 933 496 928 489 991 451 1004 422 997 498 965 465 1035 419 1041 392 1028 495 1008 455 1069 425 1064 409 1044 
327 898 372 900 419 922 441 953 455 980 475 904 531 924 572 932 607 938 495 928 484 992 451 1005 426 998 496 965 462 1035 420 1041 397 1029 490 1008 450 1068 422 1065 407 1048 
322 897 368 897 417 919 440 950 453 977 473 902 529 923 571 931 607 937 493 926 479 992 443 1007 415 1000 494 963 458 1035 414 1042 390 1031 488 1006 448 1067 419 1064 405 1046 
316 893 359 895 405 916 428 950 441 979 468 897 523 921 567 931 603 937 488 924 475 988 439 995 412 980 489 963 456 1028 414 1030 390 1013 483 1008 443 1067 414 1060 399 1038 
281 879 335 865 390 872 422 890 440 911 445 874 480 911 447 918 410 917 449 894 474 938 442 943 414 940 443 918 457 971 420 975 389 969 429 946 433 995 399 999 373 992 
-1 -1 -1 -1 -1 -1 -1 -1 -1 -1 -1 -1 -1 -1 -1 -1 -1 -1 -1 -1 -1 -1 -1 -1 -1 -1 -1 -1 -1 -1 -1 -1 -1 -1 -1 -1 -1 -1 -1 -1 -1 -1 
169 746 255 708 336 719 391 758 421 801 377 720 466 789 502 829 525 857 353 767 454 847 435 867 406 861 318 817 403 887 379 890 350 873 280 858 352 913 341 913 319 896 
161 749 245 715 327 726 381 767 413 810 361 727 459 794 496 834 510 859 335 773 443 853 430 870 401 865 300 822 391 892 375 895 347 880 261 861 339 920 341 925 327 913 
157 754 243 723 327 736 384 779 422 820 353 740 449 806 486 849 499 877 324 786 430 866 428 883 405 879 288 832 381 907 373 910 349 895 250 871 328 933 331 931 314 915 
162 758 248 725 338 743 409 782 463 808 348 757 445 823 483 862 498 889 314 802 421 885 435 895 428 891 279 844 379 923 387 916 374 898 243 879 328 942 341 933 332 915 
180 753 267 721 360 741 430 782 487 807 346 758 436 832 478 866 503 892 305 801 411 888 445 894 452 888 270 840 369 923 395 912 398 893 237 872 320 944 345 935 348 914 
158 738 231 709 325 713 402 743 458 775 302 694 410 763 425 797 418 811 266 731 380 812 376 835 351 832 233 777 338 854 324 864 298 851 208 824 295 883 289 887 270 874 
153 715 222 682 311 680 384 707 437 729 291 647 379 689 416 721 433 745 260 682 372 740 378 769 358 779 235 728 337 786 324 798 295 791 217 777 308 824 302 825 280 815 
175 692 235 658 317 658 382 687 428 716 310 632 397 680 440 716 468 747 281 669 392 740 381 757 355 751 254 713 349 775 325 777 296 760 231 759 315 807 301 804 276 787 
193 675 254 644 331 649 387 682 422 714 339 632 424 684 470 719 506 748 313 666 406 744 380 746 349 726 285 706 365 770 337 766 311 747 255 747 328 795 310 788 284 768 
216 658 283 636 361 658 417 700 450 729 379 637 453 688 495 722 529 749 352 670 422 754 392 749 365 722 319 706 381 775 350 764 329 742 283 739 342 791 323 780 302 759 
264 644 346 636 412 664 443 706 455 745 448 671 508 729 545 764 576 791 422 694 451 787 424 778 407 752 387 721 409 798 386 780 374 753 347 744 376 804 361 789 348 764 
272 649 346 636 415 665 452 712 466 755 448 669 512 729 548 762 577 790 420 694 452 788 426 777 409 751 383 721 411 797 390 781 377 756 346 744 377 802 361 788 348 765 
281 648 355 637 423 667 459 714 472 757 455 671 518 732 553 766 583 794 426 694 452 789 426 779 412 752 389 720 412 798 392 782 379 756 350 742 380 803 364 789 351 766 
286 647 359 638 426 668 461 715 474 758 460 674 523 735 559 769 589 796 432 697 455 790 429 779 415 752 394 722 414 798 395 782 383 757 355 743 382 803 368 790 355 766 
299 649 371 640 436 672 468 721 481 764 473 680 535 752 571 792 599 824 444 703 458 793 431 779 420 752 404 727 418 802 398 784 388 757 366 747 388 807 371 792 359 767 
292 648 365 639 430 671 463 718 474 760 471 679 533 749 568 788 597 819 442 702 458 791 431 778 418 751 403 727 419 801 398 782 387 755 364 748 386 808 369 791 358 765 
288 649 361 639 427 671 460 718 472 761 468 679 530 748 566 787 595 817 440 701 455 792 428 779 414 753 402 726 416 803 395 784 384 757 363 747 383 809 367 793 355 767 
289 650 363 644 429 677 465 725 481 768 468 684 530 753 566 791 595 821 441 705 454 794 427 783 414 758 402 728 414 804 393 786 383 759 363 749 382 810 365 795 354 769 
291 651 364 643 430 677 467 725 485 767 469 682 532 752 568 791 597 822 442 702 453 793 426 782 413 757 403 725 414 803 393 784 383 758 364 747 382 809 366 792 355 767 
291 650 363 644 428 676 463 723 479 766 470 683 531 754 567 792 596 823 443 702 454 794 426 782 413 756 405 725 415 803 393 784 383 757 365 745 382 808 365 791 354 764 
291 651 363 644 428 677 464 724 480 766 469 684 531 754 567 793 596 823 443 702 453 794 425 783 413 758 405 724 414 802 392 783 382 757 365 744 382 808 365 790 354 765 
284 645 355 644 420 679 458 726 477 767 467 687 527 759 563 796 590 824 442 700 446 798 417 787 408 761 405 718 406 800 381 781 375 755 365 734 374 800 355 785 347 759 
284 645 355 644 420 681 457 728 478 769 467 688 526 760 562 797 591 825 442 700 445 797 416 785 406 760 405 717 404 802 380 781 374 754 365 733 371 803 353 784 345 756 
285 648 355 648 420 685 458 732 479 772 467 691 527 764 563 802 591 830 442 704 444 800 415 789 405 764 405 722 403 805 380 785 374 757 366 738 371 806 352 788 346 760 
285 649 355 649 420 685 458 733 479 773 468 692 527 765 562 802 592 831 444 705 444 799 415 787 405 763 407 722 403 804 379 784 374 757 368 739 371 806 352 787 345 759 
286 649 356 649 421 686 459 733 481 772 469 692 528 765 564 803 593 831 444 705 445 799 416 789 406 764 407 722 404 804 381 785 375 758 368 739 372 807 353 788 346 760 
287 650 356 649 422 686 459 734 481 773 469 693 528 766 563 804 591 833 445 706 445 800 416 789 406 764 408 724 405 805 381 786 376 759 368 740 372 808 354 790 347 761 
289 651 359 651 422 686 455 732 471 774 468 696 527 770 562 808 590 837 443 710 446 801 418 791 409 767 406 728 405 807 383 788 377 762 367 745 372 810 355 792 347 764 
288 652 357 651 420 687 452 733 467 774 468 698 526 771 560 809 587 839 443 712 444 801 417 790 408 765 406 731 404 808 382 789 376 762 367 747 371 811 354 793 347 765 
287 653 357 652 420 688 452 734 466 775 468 698 526 771 560 810 587 840 443 713 444 802 417 790 407 766 406 732 404 808 383 789 377 763 367 748 372 812 355 794 347 766 
288 653 357 652 420 688 452 734 466 775 468 698 527 771 561 811 588 841 444 714 444 802 416 790 407 766 407 732 404 809 382 790 376 763 368 748 372 813 354 795 347 767 
287 654 357 653 420 689 451 735 465 776 468 699 527 771 561 811 588 841 444 714 444 803 416 792 407 768 407 732 404 809 382 791 376 764 368 748 371 813 354 795 347 767 
287 658 356 656 420 691 453 736 469 776 469 701 527 774 560 814 586 844 445 715 444 803 416 792 408 768 409 733 404 809 382 791 377 765 370 749 373 814 355 797 348 769 
288 657 357 656 421 691 453 737 468 777 470 701 528 774 562 815 587 845 445 715 445 804 417 794 409 770 409 733 404 810 382 792 377 766 370 748 372 814 354 797 347 769 
287 657 356 656 420 691 452 736 467 776 470 701 528 775 562 816 588 846 445 715 445 803 418 793 409 768 409 733 406 810 383 792 378 765 370 749 374 814 356 798 348 769 
286 659 354 657 418 692 450 735 464 775 469 703 528 777 561 817 587 847 445 717 445 804 418 795 410 771 409 734 404 810 382 793 377 767 371 749 373 814 354 798 347 770 
287 659 354 658 418 693 450 736 464 775 468 704 528 778 561 818 587 848 445 718 444 805 417 796 409 772 408 735 403 811 381 793 377 768 370 751 372 815 354 799 347 772 
286 660 354 659 418 693 451 737 465 777 469 705 528 778 561 818 587 847 445 719 444 804 416 794 409 771 409 737 404 811 381 794 377 768 371 753 372 816 353 799 346 772 
287 661 355 660 419 694 452 737 466 777 469 705 528 778 561 818 587 847 445 719 443 805 416 795 409 771 409 737 404 811 381 793 377 768 371 753 372 817 354 800 346 773 
288 661 356 660 420 694 454 739 469 780 470 705 528 778 561 818 587 847 446 718 443 805 416 795 408 771 410 736 404 812 381 794 376 768 372 752 372 816 354 800 347 773 
287 663 355 661 419 695 451 737 465 776 469 706 528 778 560 818 586 848 446 720 444 806 417 796 410 772 409 737 404 812 381 796 376 770 371 753 373 816 354 801 347 775 
288 663 356 661 419 694 451 737 464 776 470 706 528 778 561 818 586 848 446 720 445 806 417 797 410 773 409 738 404 812 381 796 376 771 371 754 373 817 354 803 347 777 
285 665 353 664 416 697 449 738 464 776 469 708 527 780 559 820 584 850 446 722 444 807 416 798 409 774 409 740 403 814 379 799 375 774 370 755 372 819 353 806 344 781 
284 667 352 666 417 698 449 740 463 778 468 709 527 781 556 821 578 850 445 723 443 808 416 799 409 776 408 741 403 815 380 800 375 775 368 755 371 819 353 806 344 781 
285 667 352 668 417 701 449 742 463 780 468 711 527 782 557 822 580 852 445 724 442 809 415 800 408 777 408 741 402 816 379 800 374 776 369 756 370 820 352 807 344 782 
284 668 352 669 417 701 449 743 463 781 467 711 526 781 556 820 578 850 444 724 442 809 415 801 408 777 407 742 402 816 379 801 374 776 368 757 370 821 353 807 345 782 
286 670 353 668 418 700 450 742 463 780 468 710 527 780 557 820 579 850 445 724 442 808 415 800 407 777 409 742 402 816 379 801 374 777 370 757 371 821 353 807 345 782 
286 669 353 670 417 703 448 745 462 782 468 712 527 782 558 821 582 851 446 725 442 809 415 802 408 779 410 742 402 816 378 803 374 779 372 757 371 821 352 809 344 785 
285 670 352 670 416 703 448 744 460 782 468 712 528 781 559 821 583 851 446 725 442 810 415 802 407 779 409 742 402 817 379 804 373 780 370 757 371 821 353 810 344 787 
284 670 351 670 415 702 446 743 459 780 468 713 527 782 555 822 576 851 446 727 442 810 415 803 408 779 410 744 402 818 379 804 374 780 371 759 371 823 353 810 344 785 
284 670 352 670 416 703 447 744 460 782 467 712 527 780 559 820 582 849 445 726 443 810 415 803 407 781 409 743 403 818 379 804 374 781 370 758 372 822 353 811 344 787 
286 670 353 670 417 704 448 745 460 783 468 713 528 781 559 821 583 851 446 726 442 810 415 804 407 782 409 743 402 818 379 805 373 781 371 758 371 822 352 811 344 787 
284 670 352 671 415 704 446 745 458 782 468 714 529 781 561 821 585 850 447 727 441 811 414 804 406 781 410 744 401 818 377 805 372 781 371 758 370 823 351 811 343 787 
284 670 352 671 416 704 446 745 458 783 468 714 529 781 559 820 582 849 446 727 441 811 414 804 406 782 410 744 400 818 377 805 372 782 371 759 369 823 351 812 343 788 
284 670 352 671 416 704 446 745 458 783 468 713 528 781 558 821 581 850 446 727 441 810 414 803 406 781 410 744 401 818 378 805 373 781 372 759 370 823 352 811 344 787 
284 670 352 670 416 703 446 744 458 782 467 714 528 781 561 820 585 849 446 727 441 811 414 804 406 781 410 745 401 818 377 805 372 781 371 759 370 823 351 811 343 786 
283 671 351 670 415 704 445 745 457 783 468 714 529 781 561 821 584 850 447 728 441 811 413 805 405 782 410 745 400 819 376 806 371 782 371 759 369 824 350 812 342 788 
284 671 352 671 416 703 445 745 456 782 468 714 529 782 557 822 577 852 447 727 441 812 413 805 406 783 410 744 400 819 376 806 371 782 371 758 369 824 350 811 342 786 
284 670 352 670 416 703 445 744 455 782 469 715 528 782 555 822 575 852 447 728 440 812 413 805 406 783 411 745 399 819 376 806 371 782 372 759 368 824 350 812 343 787 
284 671 352 671 415 705 445 746 456 783 467 715 530 783 561 823 584 853 446 728 440 812 413 806 405 783 410 745 399 819 376 807 371 783 371 759 369 824 350 813 342 788 
283 670 351 670 415 703 444 744 454 782 468 715 528 783 553 823 571 851 447 729 441 812 414 804 407 781 410 746 399 819 377 805 372 781 371 761 368 824 350 812 343 787 
284 672 351 671 415 705 446 746 458 784 468 716 529 782 561 823 585 853 446 729 439 812 411 805 404 782 410 745 398 820 375 806 370 782 371 760 368 824 349 812 341 787 
283 671 351 670 415 703 444 744 455 782 467 715 527 783 551 823 567 852 446 729 441 812 414 804 407 781 409 746 399 820 376 805 371 781 370 760 368 824 350 811 342 786 
285 671 352 671 416 705 445 746 457 784 467 716 528 783 558 823 579 852 445 729 439 812 412 805 405 782 409 745 398 820 375 806 371 781 370 760 368 824 350 812 342 786 
283 670 350 671 413 704 443 745 454 783 467 716 528 783 556 822 576 851 445 729 440 811 413 804 407 780 409 746 399 819 376 806 372 782 370 760 368 824 350 812 343 786 
284 671 352 671 415 705 445 747 455 785 467 716 530 783 561 823 584 853 446 729 439 812 411 805 404 783 410 745 398 819 374 806 370 782 371 759 368 824 349 812 341 787 
282 671 350 670 414 703 443 745 453 783 468 716 527 784 550 824 567 853 447 730 440 812 413 804 406 781 410 746 398 820 374 806 370 781 371 760 367 824 349 812 342 786 
284 670 351 671 415 705 445 746 456 784 467 715 529 782 560 823 583 853 445 728 439 812 411 805 403 782 409 745 398 819 374 806 369 781 371 759 368 824 348 812 341 788 
284 671 352 671 415 704 444 746 454 784 468 717 529 783 558 823 578 853 447 730 439 813 412 807 404 784 410 746 397 821 374 808 369 783 371 760 366 825 348 813 341 788 
283 671 351 671 415 705 444 746 454 784 467 717 529 783 557 824 577 853 445 730 440 812 412 805 405 783 409 746 397 820 374 807 370 782 370 760 367 825 349 813 341 787 
284 671 351 671 415 705 445 746 455 784 467 716 529 783 557 823 578 853 445 730 440 812 412 804 405 781 409 747 398 819 375 806 371 781 370 761 368 825 349 812 342 787 
282 670 350 671 414 705 443 746 454 784 467 717 528 783 556 823 575 853 445 730 439 812 412 805 405 782 409 747 397 820 374 806 370 782 369 760 367 824 348 812 341 787 
283 671 352 671 416 705 445 746 456 784 467 716 528 783 555 824 574 853 445 729 439 812 411 805 404 781 409 746 398 820 374 806 370 782 370 760 367 825 348 812 341 786 
284 671 352 672 415 706 444 747 455 784 467 718 529 784 558 825 579 855 446 730 439 813 412 806 404 783 409 746 397 820 374 806 369 782 370 760 366 825 348 813 341 787 
282 672 350 671 414 704 444 744 455 782 466 717 529 783 557 823 578 852 445 731 439 814 411 805 404 782 408 747 397 821 374 807 370 782 369 761 367 826 349 812 341 786 
282 672 350 671 414 704 442 745 452 783 467 717 529 783 556 823 575 852 445 731 440 813 412 805 404 782 409 747 397 821 374 807 370 782 370 761 366 826 348 812 341 786 
281 671 350 671 414 704 443 745 453 784 467 717 528 783 554 823 571 852 445 730 439 813 412 805 405 782 409 747 397 821 374 807 369 782 370 760 366 825 348 812 340 786 
282 671 350 671 414 705 443 746 454 784 466 717 528 783 556 823 575 853 445 730 439 813 412 806 404 783 409 747 397 821 374 807 369 783 369 760 366 825 348 812 340 787 
283 672 351 672 415 705 444 745 455 783 467 717 528 783 554 823 572 852 445 730 439 812 411 804 405 781 409 747 398 820 375 806 370 781 370 761 367 825 349 811 341 785 
283 671 351 672 414 706 443 746 454 784 467 718 529 784 558 824 579 854 445 731 439 814 412 807 405 784 409 747 397 821 374 808 369 783 369 761 366 825 348 813 341 788 
281 673 349 671 413 704 444 745 455 783 467 717 529 783 557 823 577 853 445 730 439 813 411 805 403 781 408 747 397 821 374 807 369 782 369 761 367 826 348 813 340 786 
280 671 349 671 413 704 442 746 453 784 467 717 527 783 552 823 569 852 445 731 440 814 412 807 405 784 409 747 397 822 373 807 369 783 370 761 366 826 348 813 341 787 
281 670 350 671 413 704 443 745 454 783 465 716 526 783 548 822 564 850 443 730 440 811 413 803 406 780 407 747 399 819 375 805 371 781 368 761 368 825 349 812 342 786 
283 671 350 672 413 705 443 746 455 784 465 716 528 782 559 822 583 851 445 730 438 811 410 804 402 781 409 747 399 819 375 806 370 782 371 761 368 825 349 812 341 788 
284 671 352 672 415 706 445 747 457 784 467 717 529 783 558 823 580 853 445 729 440 812 412 805 405 783 409 746 398 820 374 807 370 783 370 760 367 825 348 813 341 788 
282 672 349 671 413 705 443 746 454 784 467 717 529 783 557 822 578 851 446 730 440 812 412 805 406 781 410 746 397 820 374 806 371 781 371 759 366 824 348 811 342 785 
281 671 349 671 414 704 443 746 454 784 467 717 529 783 555 824 574 854 446 729 439 813 412 806 405 783 410 745 397 820 374 806 370 781 371 758 366 824 348 810 342 784 
282 671 350 671 414 705 443 746 455 784 467 717 527 784 552 824 570 853 446 729 440 813 412 806 405 783 410 745 398 820 374 806 370 782 371 758 367 823 348 811 341 785 
281 672 348 673 412 706 442 748 455 785 467 717 528 783 558 823 579 852 446 730 439 813 412 807 404 785 411 746 398 820 374 807 370 783 373 759 368 824 349 812 342 787 
280 672 347 673 411 706 441 747 453 784 466 718 529 783 561 822 586 852 446 730 439 814 411 807 403 784 410 746 398 821 374 807 369 783 372 760 367 825 348 813 341 789 
279 673 347 674 411 708 441 749 453 786 466 719 529 784 562 823 587 854 446 731 437 815 409 808 401 785 410 747 396 822 372 808 368 784 371 760 365 825 347 814 340 790 
277 675 345 676 409 710 439 750 451 787 463 722 530 783 564 820 591 848 444 733 438 818 409 811 400 789 408 748 395 824 371 811 366 787 369 761 365 827 346 816 338 793 
277 675 346 677 410 710 440 751 453 789 463 722 529 783 561 821 585 850 444 733 437 817 408 809 399 786 408 748 395 823 371 810 365 787 369 761 364 826 345 816 337 793 
278 676 346 678 410 712 440 753 451 791 463 723 529 783 562 821 586 850 444 733 437 818 408 811 399 789 409 748 395 824 370 811 365 788 370 761 364 826 345 816 338 793 
277 678 344 680 408 714 438 755 450 793 462 724 529 782 563 819 588 847 444 734 436 819 407 812 398 789 409 749 394 825 370 812 365 788 370 762 364 828 345 817 337 794 
277 678 345 680 409 714 440 755 451 793 462 724 529 782 564 818 589 846 444 734 438 819 408 813 398 791 408 749 395 826 370 814 364 791 370 762 364 828 345 820 336 799 
275 679 344 682 408 715 438 756 451 793 462 725 528 783 563 818 589 846 443 735 435 820 405 813 397 791 408 750 394 826 369 814 364 791 369 762 364 828 344 820 336 799 
275 681 343 684 406 718 436 758 448 795 461 727 529 781 564 816 590 844 443 738 436 821 406 815 397 792 407 752 396 827 371 816 364 794 368 765 365 829 346 822 336 803 
274 681 343 684 406 718 438 758 452 795 461 727 529 780 564 813 591 839 443 739 436 821 407 814 397 791 407 754 396 828 371 816 365 793 368 766 365 830 346 822 337 801 
273 680 343 684 407 719 439 759 454 796 461 727 528 779 564 813 590 839 442 738 436 820 407 814 397 792 406 753 397 827 372 817 365 794 366 766 366 830 346 823 336 803 
275 680 344 684 407 718 438 758 452 795 461 727 529 780 565 814 592 840 442 739 436 820 407 814 397 792 406 754 397 827 372 816 364 794 366 767 365 829 345 823 335 804 
276 660 350 663 413 695 443 736 453 774 459 703 526 760 564 795 593 822 436 720 439 804 409 798 394 775 398 741 401 816 377 803 366 779 358 760 369 821 350 811 339 789 
273 650 349 649 413 683 444 727 453 767 457 691 523 749 561 783 591 810 436 710 443 799 412 791 397 767 399 732 404 810 378 794 367 768 359 752 371 815 351 802 338 778 
271 648 349 638 416 666 449 713 458 757 461 672 526 737 563 774 591 804 435 695 453 789 422 778 405 751 398 723 411 801 385 784 373 757 358 747 377 809 357 794 346 769 
272 651 346 638 415 664 451 710 464 753 459 671 525 737 561 776 589 808 434 694 455 790 425 781 410 756 398 721 414 803 391 786 379 759 360 745 381 809 362 795 350 769 
269 654 344 641 414 667 452 711 467 754 456 671 523 737 559 775 587 806 431 693 455 791 426 782 412 756 396 720 415 803 392 786 380 758 357 743 381 810 363 795 351 769 
268 658 343 642 414 666 456 711 473 754 456 670 522 736 558 774 586 805 430 691 456 791 426 782 411 756 395 717 414 802 390 784 378 756 357 741 380 809 361 794 349 767 
275 642 350 631 425 655 469 701 490 745 467 649 527 728 560 769 588 802 437 668 467 774 434 767 417 739 399 693 424 785 395 769 382 741 359 718 386 788 365 776 352 750 
287 638 363 625 437 654 483 704 510 745 472 648 534 727 565 770 591 806 443 669 472 775 440 766 424 738 403 694 429 785 404 767 393 738 363 718 393 789 375 776 363 749 
295 637 371 626 444 659 488 712 513 753 480 653 538 733 568 776 593 812 450 673 475 778 445 767 429 741 410 697 434 787 409 768 398 739 368 718 397 790 380 776 369 749 
308 646 383 634 455 666 497 718 518 759 494 662 550 746 579 792 601 829 462 680 487 790 455 783 439 756 421 703 443 796 418 780 407 750 379 723 406 797 389 786 378 759 
306 649 382 637 454 671 498 725 521 770 491 664 548 746 578 792 603 830 461 684 488 791 459 783 444 757 422 707 446 798 421 779 410 750 382 730 411 800 393 787 382 762 
308 652 383 640 455 675 499 729 522 774 491 668 548 750 578 795 602 833 461 687 487 796 457 787 442 762 422 710 444 802 419 783 409 754 381 731 409 804 392 791 381 766 
306 655 381 643 453 678 497 731 521 776 490 671 547 754 577 800 600 837 461 691 485 798 456 788 442 762 421 714 444 805 419 786 409 757 381 736 409 808 391 795 381 769 
306 659 380 647 452 679 496 732 518 776 489 674 547 755 578 800 602 837 459 693 483 800 455 790 440 765 420 717 443 807 418 788 408 760 381 739 408 811 391 799 380 773 
304 661 378 646 450 678 495 730 519 775 487 674 547 757 577 802 601 839 459 694 484 801 455 791 440 764 421 719 443 809 418 789 408 760 382 742 409 814 391 800 380 774 
306 661 379 646 452 676 497 727 520 771 489 674 548 757 578 802 601 839 460 694 484 802 455 792 441 765 421 718 443 810 419 790 408 761 382 741 408 815 391 801 380 775 
305 660 379 646 451 676 495 726 518 770 489 674 548 758 577 804 601 842 461 694 485 801 456 790 441 764 423 719 444 810 419 790 408 761 384 742 409 815 392 802 380 775 
305 661 378 645 451 674 494 724 515 769 489 674 547 759 577 805 600 842 461 695 484 802 455 791 441 765 423 719 443 810 419 790 409 761 384 742 409 815 392 802 380 775 
304 661 378 646 451 676 495 726 516 771 489 675 547 759 577 805 600 842 461 695 484 803 455 792 441 766 423 719 443 811 419 791 409 761 384 742 409 816 392 803 381 776 
305 662 379 647 451 676 495 725 518 769 489 675 548 760 577 805 600 842 461 695 484 803 455 792 441 766 424 719 443 811 419 792 409 762 385 743 409 816 392 803 380 776 
304 662 377 648 450 677 493 727 515 771 489 675 547 760 577 805 601 843 461 696 483 803 455 793 440 767 424 721 443 811 418 792 408 763 386 745 410 817 392 805 381 779 
303 663 377 648 450 677 495 726 519 770 488 675 547 759 577 805 600 842 461 696 483 802 454 792 440 765 423 720 443 811 418 791 407 762 385 743 409 817 391 804 380 777 
303 664 377 648 448 676 492 723 513 766 487 676 547 758 578 802 602 839 460 696 483 803 454 793 440 766 423 720 442 811 418 792 407 762 384 744 409 817 391 804 380 777 
302 664 376 648 448 677 492 725 514 768 487 675 547 758 577 803 601 839 460 696 483 802 454 792 440 765 423 720 443 811 418 792 407 762 384 743 408 817 391 804 379 777 
302 663 376 648 447 676 491 723 514 766 486 675 547 758 577 803 602 839 460 696 483 802 454 792 439 766 423 720 442 811 417 791 407 762 384 744 408 817 391 803 379 776 
303 662 377 647 449 675 492 722 513 765 488 676 547 758 577 803 601 840 461 696 482 802 453 791 440 764 424 719 442 810 417 791 407 761 385 743 408 816 391 803 379 775 
302 663 376 647 448 676 493 724 516 767 487 675 547 758 577 803 600 839 460 695 483 801 454 791 440 765 423 718 442 810 418 791 407 761 385 742 408 816 391 803 380 776 
302 662 376 647 448 675 490 723 512 766 487 675 546 758 577 803 600 839 461 695 482 802 453 792 439 767 424 719 442 810 418 791 407 762 385 742 409 816 391 803 379 776 
302 662 376 647 448 676 492 724 515 767 487 675 546 757 576 801 600 838 460 695 482 801 453 791 439 764 423 719 442 810 417 790 407 761 385 742 408 816 391 802 379 775 
300 662 374 648 447 676 491 724 514 767 486 675 546 756 576 800 600 837 460 695 482 801 452 791 438 764 423 719 441 810 416 790 406 760 384 742 408 815 390 802 379 775 
301 662 375 648 448 676 491 724 514 767 487 675 546 757 577 801 600 837 460 695 482 800 453 790 439 763 423 719 442 809 417 790 407 760 385 742 408 815 390 802 379 774 
301 662 374 648 446 675 489 722 511 765 486 674 546 758 576 803 600 839 460 694 482 800 453 791 438 764 424 718 442 809 416 790 406 761 385 741 408 815 390 801 378 774 
302 662 376 647 448 676 493 724 515 767 487 675 546 759 575 804 599 841 460 694 482 799 453 790 439 764 423 718 442 809 417 790 406 761 385 741 408 815 390 802 379 774 
302 662 376 648 448 676 493 723 515 766 487 675 546 759 575 804 599 840 461 694 482 800 453 790 439 764 424 718 442 809 416 790 406 761 386 741 408 815 390 801 379 774 
303 663 376 648 448 676 492 724 515 767 488 675 546 759 575 804 599 841 461 694 482 799 453 790 439 764 424 717 442 809 417 790 407 761 385 741 409 815 391 802 380 774 
303 662 377 648 449 677 495 727 519 769 488 675 546 759 575 805 598 842 461 694 483 800 454 790 439 765 424 718 442 809 417 790 407 761 385 741 409 815 391 802 380 774 
303 662 376 648 449 676 494 725 518 768 488 675 546 760 575 805 598 842 462 694 483 799 454 790 440 765 425 718 442 808 417 789 407 761 386 741 408 814 391 801 380 774 
303 662 376 648 449 678 494 726 519 769 488 675 546 760 575 805 598 842 462 695 483 799 454 789 440 765 425 718 443 808 417 790 407 761 386 741 409 814 391 802 380 775 
304 662 378 648 450 678 495 726 520 768 490 675 546 761 574 806 596 843 463 694 484 800 455 791 441 766 425 717 443 809 417 790 407 761 386 740 409 814 391 802 381 774 
304 662 378 648 450 677 495 726 519 769 490 676 547 762 575 807 597 844 463 695 484 800 455 791 441 766 426 718 443 809 417 790 407 761 386 740 409 814 391 802 380 774 
303 661 377 648 450 678 494 727 518 770 490 675 546 761 574 807 596 845 464 694 484 799 455 790 441 765 426 717 444 808 418 790 408 761 387 741 409 814 391 801 380 774 
304 662 378 649 450 678 495 726 519 769 490 676 547 762 575 808 597 845 463 694 484 800 455 790 441 765 426 717 443 809 417 789 407 761 386 740 409 814 391 801 380 773 
304 661 378 648 451 678 496 726 520 769 491 676 547 762 574 808 596 846 464 695 485 800 456 790 442 765 426 718 445 808 419 789 409 761 386 741 409 814 392 801 381 773 
305 661 379 648 451 677 496 726 520 769 492 676 547 763 575 809 597 846 464 695 484 800 455 790 442 765 427 718 444 809 418 789 408 760 387 740 409 814 391 801 381 773 
305 662 379 648 451 679 496 728 521 771 492 676 547 763 575 809 597 846 465 695 485 800 456 790 442 765 427 717 444 809 418 789 409 760 388 740 409 814 392 801 381 773 
306 661 381 648 453 677 497 726 520 768 494 676 548 764 575 810 597 847 466 694 486 800 457 790 444 765 428 717 445 808 419 789 409 760 388 739 410 813 393 800 382 772 
306 661 380 649 452 678 496 726 519 768 493 677 547 764 574 810 595 847 466 695 486 800 457 791 444 766 428 717 445 808 419 789 410 760 389 739 410 813 393 800 382 773 
307 662 380 649 452 678 497 726 521 768 493 676 548 764 575 810 597 847 466 694 485 800 456 790 443 765 428 717 445 808 419 789 409 760 389 739 410 813 392 800 382 772 
307 662 381 649 453 678 497 725 519 767 495 677 548 764 575 810 597 847 468 694 487 800 458 791 444 767 430 716 446 808 420 789 410 761 390 739 410 813 393 800 382 773 
307 662 381 650 452 678 496 725 518 767 495 676 548 764 575 810 596 847 468 694 487 800 458 792 444 768 430 715 446 807 420 789 410 760 390 737 411 812 393 800 382 773 
307 662 380 650 451 678 495 725 517 766 495 676 548 764 575 809 597 846 467 694 487 800 458 791 444 767 430 716 446 808 420 789 410 760 390 738 411 813 393 800 383 772 
307 663 380 650 452 677 494 724 516 767 495 677 548 764 575 810 597 847 468 695 486 801 457 791 444 767 430 717 446 808 420 789 410 761 390 739 411 814 393 800 383 773 
308 664 381 650 453 676 497 723 519 765 496 676 549 764 575 810 596 847 469 694 487 800 457 791 444 767 431 716 446 808 420 789 410 760 392 738 411 813 393 800 383 772 
307 663 380 650 451 677 494 724 515 766 495 676 548 763 575 808 597 845 469 694 487 801 458 791 445 767 431 716 447 808 420 789 411 760 392 738 412 813 394 800 384 772 
308 663 381 650 453 677 495 724 515 766 496 676 549 763 575 808 596 844 469 694 487 800 458 791 444 766 432 716 446 808 420 788 411 759 392 738 411 813 394 799 383 771 
308 664 381 650 453 677 495 724 517 766 496 676 548 763 574 808 596 844 469 694 487 800 458 791 445 766 431 716 447 808 420 788 411 760 392 739 412 814 394 800 384 772 
309 663 383 650 455 677 497 723 517 764 497 676 549 763 575 809 596 845 470 694 487 800 458 791 445 766 432 716 447 808 420 788 411 760 392 738 412 813 394 800 384 772 
309 664 382 651 453 678 496 724 519 765 496 676 549 764 575 809 596 845 469 694 487 801 457 791 445 766 432 716 447 808 420 789 411 760 392 739 412 814 394 800 384 773 
310 663 383 651 455 677 498 724 520 765 497 676 549 764 575 809 596 846 470 694 487 800 458 791 445 767 432 716 447 808 420 789 411 760 393 738 412 813 395 800 385 773 
308 664 382 651 454 678 497 725 520 766 497 676 549 763 575 808 596 845 470 694 487 800 458 791 445 767 432 715 446 807 420 788 411 760 392 738 412 812 394 799 385 771 
309 663 382 650 454 678 497 725 520 767 497 676 549 763 575 809 597 845 470 693 487 800 458 789 445 764 432 716 447 808 420 788 412 759 393 738 412 813 394 799 385 772 
309 664 383 650 454 677 498 724 520 765 497 676 549 763 575 808 597 845 470 693 488 800 458 790 445 766 432 715 447 808 420 788 411 760 392 738 412 813 394 799 384 772 
309 664 383 651 454 678 497 724 519 765 498 676 549 763 575 809 597 846 471 693 487 801 457 791 445 765 433 715 447 808 420 788 411 759 393 738 412 813 394 800 385 772 
309 664 382 651 454 678 497 724 520 764 497 676 549 763 575 808 596 845 470 693 488 800 458 791 445 766 433 715 447 808 420 788 412 760 393 738 413 813 395 799 385 772 
310 663 383 652 454 679 497 726 519 767 498 676 549 763 575 808 597 845 471 693 487 800 457 790 445 765 434 715 447 808 420 788 412 760 394 737 413 813 394 799 385 772 
309 665 382 652 454 678 497 724 520 765 498 676 549 763 575 808 597 844 471 693 488 800 459 790 446 766 433 715 447 807 421 788 412 759 393 737 413 812 394 799 385 771 
310 665 383 652 455 678 498 725 521 767 498 676 550 764 576 809 598 845 472 693 488 800 458 790 446 764 434 715 447 808 421 788 412 759 395 738 413 813 394 799 385 771 
309 664 383 652 454 678 497 724 518 766 498 676 549 763 575 808 597 844 471 693 488 800 458 791 446 766 433 715 448 807 421 789 412 760 393 738 413 812 395 799 386 772 
309 664 382 652 454 679 498 726 520 767 498 676 549 763 575 808 596 845 471 693 487 800 458 790 445 766 433 714 447 807 420 788 412 759 393 736 413 812 394 799 385 771 
310 663 383 652 455 678 498 725 521 765 498 676 549 763 575 808 597 845 472 692 488 800 458 790 445 765 434 714 447 807 420 788 412 759 394 737 413 812 394 799 385 771 
310 664 383 652 455 679 498 725 520 765 499 676 549 763 575 809 596 845 472 693 488 799 458 789 445 764 435 714 447 807 421 788 413 759 395 737 413 812 395 798 386 770 
310 663 383 652 454 678 498 724 520 765 498 676 549 763 575 808 596 844 472 693 488 800 458 790 445 766 434 714 447 807 420 788 412 759 394 736 413 812 395 798 385 770 
309 664 382 652 454 679 498 725 522 766 499 676 549 763 575 808 597 845 472 693 488 800 458 790 445 765 434 714 447 807 420 787 412 759 394 736 412 811 394 798 385 771 
310 664 383 652 454 678 498 725 521 766 499 676 549 764 575 809 597 845 472 693 488 799 458 789 445 764 434 715 447 807 421 788 413 759 395 737 413 812 395 798 385 770 
309 665 382 653 454 679 497 725 521 766 498 676 549 763 575 808 596 844 471 693 487 799 458 789 445 765 433 715 447 807 421 788 412 759 394 737 413 812 395 798 385 770 
309 664 382 653 454 679 499 726 523 766 498 676 549 763 575 808 597 845 471 693 487 799 458 789 445 764 433 715 447 807 420 788 412 759 394 737 412 812 394 798 385 770 
308 665 381 652 453 678 497 725 520 767 496 676 548 762 574 807 596 844 470 694 488 801 459 791 446 767 432 716 447 808 420 789 412 760 393 739 412 813 394 800 385 772 
308 665 381 652 454 679 498 725 523 766 496 675 548 761 574 807 596 844 469 694 488 800 459 791 445 766 431 717 447 807 421 788 412 760 392 740 413 813 394 800 385 772 
308 666 382 653 454 679 498 725 521 767 496 676 548 762 575 807 597 844 469 694 488 800 458 790 445 765 431 717 447 807 421 788 412 760 392 740 412 813 394 800 384 772 
308 667 381 653 453 679 498 726 522 767 495 675 548 762 575 807 597 843 468 693 488 800 458 791 444 766 430 716 447 808 420 789 411 760 391 739 413 813 394 800 385 773 
306 668 379 653 452 678 497 724 521 766 493 674 547 759 575 804 598 841 467 693 487 799 457 791 443 766 430 716 446 807 420 789 410 760 390 740 412 813 394 800 384 773 
306 668 379 654 454 679 499 726 523 768 494 674 547 758 575 803 598 840 466 693 487 800 457 790 442 765 429 716 446 807 419 789 410 760 389 740 412 813 394 800 383 772 
301 667 375 652 448 676 494 724 517 767 487 670 544 751 574 796 597 832 460 690 485 794 455 785 440 759 423 714 445 803 418 785 407 756 384 739 411 809 392 795 381 768 
294 663 368 650 443 675 490 724 516 763 482 657 539 737 570 781 596 815 454 676 484 782 454 774 439 746 417 703 445 795 417 778 405 749 378 730 409 802 390 790 378 763 
256 642 328 627 407 638 466 666 508 692 432 598 510 647 552 679 585 703 401 617 468 718 439 730 415 712 366 649 424 739 396 741 374 720 331 684 387 755 370 757 353 739 
232 658 301 643 381 646 443 667 492 688 402 600 482 646 527 678 562 702 370 621 444 722 410 733 384 711 335 654 402 746 370 745 349 722 302 691 364 761 344 760 324 740 
220 671 293 654 374 654 436 676 487 697 392 610 470 653 516 686 550 712 362 630 433 733 401 746 374 726 326 664 391 758 360 760 340 736 290 703 354 773 340 779 323 764 
214 686 290 671 374 671 439 694 493 713 384 621 460 666 506 701 539 730 351 641 425 745 393 759 367 739 315 673 382 769 352 772 332 749 279 714 345 784 333 792 316 778 
203 718 279 699 362 694 429 714 482 736 362 636 444 681 494 715 529 741 330 659 417 753 391 777 363 763 297 697 376 780 352 793 328 775 266 739 339 801 331 814 314 803 
205 733 275 711 358 703 427 723 481 744 358 645 442 683 495 714 533 739 327 667 419 755 395 785 366 779 295 705 380 787 356 805 332 789 266 749 344 809 336 822 317 809 
208 751 278 726 358 714 427 728 481 747 359 653 443 687 498 716 537 737 328 675 423 758 400 793 370 790 297 713 384 794 361 815 336 799 270 757 349 816 339 831 319 818 
211 770 282 745 360 729 428 739 484 752 360 662 444 691 499 716 538 735 330 684 425 765 404 804 376 802 299 722 387 800 367 825 341 812 272 767 350 824 346 845 329 838 
214 815 283 793 358 772 424 773 480 777 354 701 440 714 495 733 536 748 327 724 424 802 401 834 373 826 301 765 393 837 367 859 340 845 280 811 362 864 350 881 329 872 
209 813 281 785 360 767 428 770 482 771 350 703 435 709 492 723 534 735 324 727 427 798 407 829 378 823 299 767 393 839 368 859 341 845 277 815 358 866 349 882 330 873 
208 811 277 779 357 761 425 766 479 769 346 703 431 700 486 712 528 725 322 730 424 804 403 830 374 821 298 771 392 844 364 860 339 844 278 819 358 873 344 886 321 873 
208 813 275 781 355 766 423 776 476 783 348 705 433 699 489 711 531 726 324 735 428 804 406 830 378 821 301 776 395 846 368 862 342 845 281 824 362 874 348 887 325 874 
209 813 278 782 359 769 427 783 478 794 352 705 440 705 497 719 539 736 326 734 430 806 406 831 378 820 302 776 397 848 368 862 342 844 281 823 362 876 346 887 322 873 
210 811 279 782 360 770 427 786 480 799 356 706 446 713 503 730 546 745 330 734 432 807 405 830 376 817 305 777 399 848 369 861 342 844 284 825 364 876 346 886 322 872 
206 812 275 783 355 771 423 785 476 796 358 708 451 726 508 745 551 761 332 735 433 808 409 835 380 826 307 777 399 847 372 865 345 851 284 824 364 876 349 890 328 879 
204 812 275 783 355 772 422 784 475 793 356 707 448 723 504 740 547 755 330 734 434 804 411 834 383 830 304 776 398 844 372 865 345 853 281 823 363 871 353 888 333 880 
206 812 276 780 357 766 426 779 479 790 354 706 446 717 503 732 545 746 327 734 433 803 412 834 383 829 302 776 397 844 371 864 344 851 280 824 362 872 351 887 329 878 
199 807 272 771 358 758 431 775 485 791 337 702 427 702 483 719 525 737 312 737 425 801 403 825 372 815 291 784 394 844 368 859 339 845 273 834 362 877 348 888 325 878 
200 803 270 766 358 758 431 778 486 791 335 703 426 709 483 727 526 747 310 741 426 804 406 826 374 817 288 790 393 845 367 859 338 844 269 840 360 879 347 887 322 875 
204 801 272 764 362 756 436 777 493 792 336 706 429 714 484 734 525 755 310 745 426 808 402 823 367 811 286 793 392 847 364 856 335 841 267 843 359 880 346 885 321 874 
206 799 275 764 366 757 442 780 500 795 340 711 432 720 486 741 527 764 312 748 428 814 404 829 369 816 287 796 393 853 365 861 336 846 266 845 360 886 347 890 322 878 
211 796 281 765 371 761 444 785 500 802 346 713 438 727 491 749 531 772 316 750 430 817 405 831 371 817 290 797 395 855 366 863 337 848 268 846 361 888 348 892 324 879 
217 798 286 769 373 765 445 788 501 805 355 717 444 733 496 757 534 781 325 751 432 824 406 839 374 824 297 796 398 861 369 868 340 851 273 844 362 890 347 894 322 880 
219 797 285 765 371 760 443 781 496 797 354 715 445 733 497 754 536 776 325 751 434 822 408 837 375 824 299 797 398 859 369 867 341 852 276 845 364 889 348 893 324 880 
219 797 285 764 373 760 445 782 500 798 354 715 445 732 497 753 536 775 326 751 434 823 408 837 374 824 299 797 398 860 369 868 341 852 276 845 363 890 347 893 323 879 
218 803 279 766 360 755 427 772 474 794 346 704 441 719 498 737 540 754 321 739 430 806 407 829 376 821 299 784 401 846 373 861 345 849 282 833 371 872 356 884 333 876 
213 809 274 770 355 758 426 777 471 796 347 704 441 718 498 738 541 756 321 738 436 801 412 826 379 819 299 784 402 842 375 856 345 841 281 835 368 874 353 882 327 869 
210 810 272 771 350 758 418 776 465 795 345 704 443 718 499 737 542 754 321 738 434 800 408 822 376 812 299 785 402 842 373 855 344 840 281 835 369 874 353 882 326 871 
209 810 274 772 352 761 419 782 465 803 349 707 445 723 501 743 546 759 323 741 435 803 408 824 376 814 301 787 402 845 373 857 344 842 283 837 369 877 353 884 326 872 
211 810 277 775 355 766 422 787 468 804 357 708 453 735 507 756 550 773 332 740 439 808 411 830 381 821 308 785 404 848 375 861 347 845 287 835 371 877 355 886 331 874 
212 811 277 775 354 766 420 785 465 804 357 708 453 733 507 755 550 773 331 740 439 805 413 828 384 819 308 785 404 847 377 861 349 845 288 834 371 877 356 886 332 873 
212 812 279 779 358 771 425 790 470 803 362 709 455 742 510 767 552 786 336 740 439 811 414 834 386 824 312 784 405 850 377 863 351 848 291 832 372 878 357 887 334 876 
213 813 279 779 357 770 424 788 467 802 361 709 455 742 509 767 552 787 336 740 440 811 413 832 383 820 312 784 405 850 376 862 350 845 290 832 372 878 356 887 332 873 
214 812 280 779 357 771 424 789 468 802 361 709 455 742 509 767 551 786 336 740 440 811 412 831 383 819 312 784 405 850 376 862 349 845 292 832 372 878 356 886 333 873 
215 812 279 779 356 770 422 788 466 802 362 708 455 742 509 767 551 787 336 739 440 811 413 832 384 820 312 783 406 850 377 862 350 846 291 831 372 877 357 886 334 874 
214 811 278 777 356 769 422 788 466 802 361 709 455 742 510 767 552 787 336 740 440 812 414 833 385 822 311 784 406 851 377 863 350 847 290 832 372 878 357 886 334 874 
214 811 278 776 355 767 421 786 465 801 361 709 456 742 509 768 552 788 336 740 440 811 413 831 384 819 312 784 406 850 377 861 350 843 292 832 373 877 357 885 333 872 
215 811 279 776 355 767 420 786 465 802 361 709 455 742 509 768 551 788 336 741 439 811 413 831 384 819 312 785 406 850 377 861 350 844 292 833 373 877 357 886 334 873 
217 812 282 778 359 767 427 781 478 792 358 708 452 734 508 758 550 776 331 739 439 808 414 834 383 826 307 784 403 847 377 863 349 848 287 833 370 875 356 886 333 874 
216 812 282 780 362 767 432 780 488 788 359 708 451 736 507 759 549 776 331 739 438 811 414 838 383 831 306 784 403 849 378 865 350 851 284 832 369 877 357 889 335 878 
216 809 284 774 364 759 435 770 492 778 356 707 448 733 504 756 546 775 328 737 438 807 412 830 379 821 302 781 402 847 375 861 346 846 281 831 368 876 356 886 334 875 
221 807 288 771 367 758 437 770 492 780 355 706 448 733 503 757 544 776 326 737 438 804 414 830 381 824 300 781 401 844 377 860 348 847 281 831 367 875 357 886 335 877 
228 807 300 777 377 762 442 771 490 778 356 698 445 719 499 746 538 770 322 728 439 785 425 821 395 823 295 774 400 831 383 855 354 846 275 823 364 863 366 881 351 877 
232 811 304 785 381 767 446 770 497 772 356 695 444 713 498 741 535 765 322 724 438 776 425 813 396 817 295 769 399 825 380 847 350 837 276 817 366 861 363 873 344 863 
244 819 320 791 391 768 453 768 507 767 355 688 442 704 495 733 529 757 320 718 437 763 432 805 407 816 293 764 398 813 382 838 351 833 275 813 366 848 369 863 352 858 
270 814 347 779 404 749 459 746 512 744 357 659 440 667 495 700 527 728 322 688 435 718 436 765 414 780 300 736 405 771 399 806 369 808 289 784 378 812 387 832 371 831 
275 824 354 782 417 755 479 755 534 755 365 672 443 673 497 705 525 731 326 698 432 723 445 770 428 787 302 747 399 777 405 813 377 818 290 796 377 825 389 843 367 841 
266 828 347 787 414 761 478 765 534 769 367 679 448 683 501 715 528 743 327 706 434 729 447 776 430 790 303 753 400 784 404 820 376 823 290 801 377 832 386 850 364 846 
261 828 345 789 413 768 474 773 526 775 370 684 452 696 506 735 533 764 330 713 439 745 444 789 421 797 305 761 400 798 401 831 370 829 292 808 375 845 383 862 361 855 
258 820 337 783 397 767 450 777 494 782 371 680 456 704 510 742 540 770 333 710 440 752 442 794 421 804 307 760 403 805 401 835 371 831 295 808 377 848 382 864 360 855 
265 818 342 786 403 770 456 777 493 779 372 682 458 704 511 744 542 774 334 712 443 748 443 790 419 801 309 761 408 801 402 831 371 828 298 810 384 845 385 861 360 854 
270 824 347 791 408 770 461 775 506 777 380 682 461 711 513 749 544 778 340 707 445 742 444 785 419 796 314 755 410 795 406 827 374 825 301 804 387 841 389 859 362 853 
275 831 356 797 417 769 472 768 525 769 379 681 457 708 509 744 538 769 337 703 439 738 440 785 417 799 310 752 402 789 401 824 369 823 296 801 381 839 386 858 359 854 
270 827 348 790 414 763 474 760 526 758 375 681 453 707 506 744 537 770 333 705 438 735 439 781 415 795 308 753 402 787 400 821 368 821 295 801 382 834 383 852 354 849 
280 834 358 796 422 765 480 757 532 750 375 680 454 706 507 746 536 773 333 704 437 733 440 781 416 795 307 752 399 784 400 819 368 820 294 801 378 832 384 851 359 848 
286 834 367 799 430 768 486 754 536 739 379 681 452 708 507 744 540 768 337 704 440 737 443 784 417 794 312 751 402 785 404 820 371 820 297 797 378 828 385 848 360 846 
291 833 368 799 429 769 484 754 532 736 378 683 453 710 509 746 543 770 335 706 441 737 443 783 416 794 310 754 402 785 405 821 373 824 295 800 376 827 386 847 364 849 
290 829 364 797 426 766 482 752 531 736 382 683 456 714 508 750 540 772 338 706 442 740 444 786 419 799 311 752 403 786 405 822 373 826 295 798 379 828 387 849 363 849 
293 828 365 796 425 765 482 752 531 734 381 684 457 712 509 751 538 776 337 706 443 739 443 786 414 799 310 754 403 786 405 822 371 824 295 800 378 828 386 848 359 847 
292 828 365 796 426 766 482 753 532 736 383 683 458 713 508 755 535 782 338 706 442 741 444 786 415 798 311 754 402 787 404 822 370 825 294 800 376 826 385 847 362 848 
290 827 365 797 428 767 483 753 532 736 382 682 460 715 510 759 539 786 339 707 446 745 445 790 415 802 311 755 404 790 405 824 372 826 295 801 376 828 385 847 362 847 
289 826 364 795 428 765 485 753 535 739 383 683 459 716 509 760 536 788 339 708 446 745 446 791 416 803 312 755 404 789 405 824 372 825 295 801 378 828 386 847 361 847 
292 828 365 797 428 767 485 754 535 738 383 684 460 716 510 760 538 789 339 707 447 747 446 793 415 805 312 754 404 790 406 825 373 826 295 800 376 828 385 847 361 847 
290 826 364 796 428 766 485 753 535 738 384 683 463 717 511 763 536 791 340 706 447 746 446 792 415 804 312 753 405 789 406 824 373 827 295 799 377 827 385 847 362 847 
292 828 367 798 431 766 487 753 537 737 384 683 460 718 510 761 538 789 340 707 447 746 446 793 415 806 312 754 404 788 406 824 373 826 294 800 375 827 385 846 361 846 
289 824 362 794 426 764 484 753 535 739 384 684 463 718 512 764 536 792 340 707 448 747 447 793 416 804 313 754 405 790 407 825 373 827 295 799 377 828 386 847 361 846 
292 826 368 797 429 768 485 756 535 742 386 682 461 721 511 763 540 789 342 705 449 749 447 795 416 805 314 752 406 788 407 824 373 825 295 798 376 826 384 846 359 845 
291 824 367 795 428 767 483 756 532 746 385 682 462 722 511 763 541 789 342 706 449 750 447 796 417 805 314 752 406 788 406 823 374 823 296 796 376 825 384 845 360 844 
293 822 367 793 429 765 484 756 534 747 386 684 463 722 513 764 540 790 343 706 449 749 448 796 417 806 315 752 406 788 407 823 374 824 297 797 375 825 384 844 360 843 
293 823 365 793 425 765 478 758 526 749 386 684 464 722 515 762 545 787 343 706 450 749 449 794 419 804 315 753 406 788 408 823 373 824 297 798 375 825 385 845 361 844 
289 820 361 790 423 763 478 757 526 748 386 685 464 724 515 762 544 786 343 707 450 750 448 794 418 804 316 754 407 788 408 822 374 823 298 799 378 825 385 844 360 843 
295 825 365 796 426 768 480 758 529 749 386 686 462 723 512 762 541 787 343 707 448 749 447 793 417 804 315 753 406 788 407 822 373 822 297 797 379 825 386 844 359 843 
292 822 364 792 424 764 479 756 527 746 388 684 465 724 514 762 543 787 346 706 452 751 448 796 418 806 317 751 407 789 407 823 372 823 298 795 377 825 384 845 358 843 
291 823 363 795 424 767 477 759 526 750 386 685 464 724 513 762 543 786 344 707 450 751 448 795 419 805 316 752 407 788 407 822 373 822 298 797 379 826 385 846 359 844 
290 821 362 792 423 765 478 757 527 751 386 684 463 724 513 763 542 787 344 707 450 752 448 797 418 807 316 753 407 788 408 823 374 823 298 798 379 826 387 846 360 844 
291 822 362 794 424 766 479 758 527 751 385 685 463 724 512 763 541 787 343 707 449 751 448 795 419 805 315 754 406 788 408 822 374 822 298 799 379 826 386 845 359 844 
293 821 363 794 425 766 480 758 529 752 387 684 463 726 512 762 542 786 345 706 450 753 447 798 418 808 316 752 407 789 407 823 374 823 298 796 379 825 386 845 360 844 
292 821 365 792 426 765 481 758 530 751 388 684 466 725 514 763 543 788 346 706 452 754 448 798 417 807 317 753 408 791 408 824 374 823 298 798 379 826 385 846 359 844 
288 821 360 791 422 764 478 760 526 754 384 684 463 725 513 762 544 786 343 708 450 753 448 796 419 806 315 755 408 790 408 823 374 823 298 800 379 827 386 846 360 845 
292 824 364 796 425 768 480 760 528 753 386 685 462 726 511 762 542 786 344 707 449 752 446 798 417 808 316 752 407 788 407 823 373 822 298 797 379 826 385 846 359 844 
288 822 360 792 421 766 477 760 525 755 387 685 464 726 515 763 545 788 345 707 450 754 448 798 419 809 317 752 408 791 407 824 373 824 299 797 379 828 385 847 359 846 
288 822 361 793 422 767 479 762 528 757 385 685 461 727 511 763 543 786 344 707 449 753 446 798 418 807 316 752 407 789 406 823 373 822 299 797 379 827 384 846 357 844 
289 825 361 796 419 770 474 772 524 777 387 686 463 726 512 762 542 786 345 707 449 754 447 800 421 811 317 753 406 792 406 826 374 825 298 798 378 830 385 850 359 848 
286 824 358 794 416 769 471 773 522 781 386 687 463 727 512 763 544 786 345 708 449 757 445 802 420 812 316 753 406 795 404 827 371 825 297 798 378 832 384 851 358 849 
283 825 357 796 417 771 474 775 525 781 387 687 464 725 513 762 544 787 345 709 449 756 446 802 420 811 316 754 406 794 404 827 372 824 298 799 379 831 385 851 359 848 
276 828 350 800 409 777 461 779 506 782 385 689 464 725 515 763 545 789 343 711 449 756 446 802 420 812 315 756 406 796 403 829 371 826 296 801 379 834 385 854 359 850 
267 826 348 801 409 782 460 787 501 792 385 688 467 726 517 766 548 794 342 710 449 757 441 799 412 807 314 756 406 798 399 827 366 823 297 801 378 839 379 856 355 850 
272 832 351 806 407 786 458 792 499 799 387 687 470 727 521 766 552 794 345 708 450 757 444 799 416 809 314 755 405 800 399 830 367 823 297 801 377 840 381 857 356 850 
262 827 346 803 406 784 458 789 500 796 386 686 469 728 520 767 552 796 344 708 450 758 443 801 416 811 314 755 407 800 399 830 368 824 296 801 376 840 380 856 357 849 
268 831 347 804 404 783 456 790 498 797 384 686 469 726 520 765 550 794 344 709 451 758 445 801 415 810 315 756 408 800 402 831 369 825 298 802 378 840 382 858 358 850 
270 832 351 805 408 785 460 790 501 798 386 686 469 727 520 767 552 796 343 709 450 757 443 800 416 810 313 756 406 799 400 829 368 824 296 802 377 840 381 857 357 849 
262 829 345 804 405 785 458 791 501 800 385 687 469 728 520 768 552 797 343 709 451 758 443 801 415 811 313 756 407 801 400 831 368 825 295 802 377 839 381 856 357 850 
267 833 348 807 405 786 457 791 499 798 385 686 470 727 520 766 550 795 344 708 451 758 445 801 415 810 315 756 408 800 401 830 368 824 298 802 379 841 382 858 358 851 
265 833 348 808 406 786 457 790 497 797 386 686 469 728 519 766 549 795 345 708 450 757 444 800 417 812 315 754 406 800 400 829 368 824 297 801 377 839 381 856 358 849 
269 835 349 808 406 787 457 792 500 800 385 686 469 727 520 765 551 795 345 708 451 758 444 800 417 811 315 755 408 800 401 830 370 825 297 801 378 838 381 855 359 849 
262 829 346 801 406 781 458 786 501 795 386 686 469 729 520 768 552 797 344 709 451 758 445 802 417 812 314 755 407 799 401 829 369 825 296 801 377 838 382 854 359 848 
266 830 346 802 403 782 456 788 497 796 384 686 469 727 519 766 550 794 345 709 451 758 446 801 417 810 316 756 408 800 404 830 372 825 299 802 379 840 382 856 359 849 
273 835 354 810 409 788 459 792 500 798 387 686 470 728 520 767 552 795 345 708 450 757 444 800 417 811 315 755 407 798 401 829 369 824 297 801 378 838 383 856 359 849 
261 829 345 803 407 784 460 787 503 793 386 688 468 730 519 767 550 796 345 709 450 759 444 802 417 812 315 755 407 800 401 831 370 827 296 801 377 838 382 856 361 851 
269 833 349 806 404 785 455 788 493 794 384 684 467 727 518 764 549 792 344 708 451 759 446 802 417 812 316 755 408 799 403 830 372 826 298 802 377 838 383 856 361 849 
268 833 352 807 409 786 459 790 500 796 385 687 468 729 519 767 551 796 343 709 450 758 444 801 416 811 314 755 406 799 400 829 369 824 296 800 376 837 382 854 359 848 
266 831 349 806 407 785 458 790 499 796 385 687 469 727 520 767 552 797 344 709 450 757 444 801 416 810 314 756 407 800 402 830 370 825 297 801 378 838 382 855 359 849 
271 835 351 809 407 787 459 791 501 798 386 686 468 728 519 765 550 794 345 708 450 757 443 799 416 809 315 754 406 799 400 829 369 823 297 800 378 838 381 855 358 848 
259 829 343 803 405 783 459 787 503 794 385 688 468 729 520 769 551 797 344 710 450 758 446 803 419 814 314 756 406 799 403 831 372 827 295 802 377 836 383 854 362 849 
264 829 344 803 403 783 455 788 493 796 383 684 468 726 517 764 548 792 344 708 451 758 446 801 418 811 316 754 408 801 402 830 371 825 300 801 379 841 381 858 358 850 
267 831 348 806 407 787 460 793 502 801 385 686 469 729 520 767 552 796 345 708 451 758 444 799 416 808 315 755 407 800 401 829 369 822 298 801 378 839 381 855 357 848 
271 835 349 808 405 787 456 792 499 797 383 686 468 727 518 765 550 794 343 709 450 758 442 800 415 809 314 756 407 800 401 830 369 825 297 803 377 838 381 855 358 849 
261 830 344 805 405 785 458 789 500 795 385 688 468 729 519 768 550 796 343 711 450 759 444 802 416 811 313 757 406 799 401 830 370 826 294 802 376 837 382 854 360 849 
268 834 347 807 403 786 455 790 496 797 383 686 467 726 518 764 549 791 344 709 450 759 446 801 419 812 315 755 407 800 402 831 371 826 298 801 378 838 382 856 359 849 
268 835 352 810 409 788 459 791 501 797 385 687 469 729 519 768 551 797 343 709 450 758 444 802 417 813 314 755 406 800 400 830 369 825 296 800 377 837 381 855 359 848 
261 830 344 806 404 787 455 790 497 795 383 688 468 729 519 768 551 798 343 710 450 758 443 801 415 811 314 756 406 801 400 831 369 826 296 801 377 837 382 855 360 850 
268 834 348 807 404 786 455 790 495 796 383 686 468 727 518 765 549 793 343 709 451 759 445 800 417 808 315 756 408 801 402 830 371 825 298 802 378 839 381 856 359 849 
268 834 352 808 410 786 461 788 502 793 385 688 468 730 518 768 549 796 344 709 450 758 444 802 417 812 314 755 406 799 401 830 370 825 295 800 375 837 383 855 361 849 
264 831 346 805 405 785 458 789 503 794 383 689 466 728 517 766 549 794 343 711 450 758 445 803 418 814 314 756 406 800 402 831 371 827 296 802 376 837 382 855 360 849 
268 835 349 809 405 788 456 790 499 795 384 687 467 727 518 765 549 793 344 709 450 759 446 803 419 813 315 756 407 800 401 831 370 826 297 802 376 838 382 855 361 849 
265 833 350 807 408 786 459 788 502 793 384 687 467 729 518 766 550 794 343 709 450 759 444 802 418 812 314 755 406 801 400 831 369 826 296 801 377 839 382 856 359 850 
269 835 350 808 406 786 458 788 501 793 382 687 466 727 517 765 548 794 342 710 450 759 445 803 418 814 314 757 407 801 402 831 371 827 297 803 377 838 382 855 359 849 
261 831 345 805 406 785 459 788 502 793 384 689 467 729 518 767 550 795 343 710 450 758 445 803 418 813 313 756 406 800 402 831 370 827 294 802 377 837 384 855 361 850 
268 835 350 807 407 785 460 788 503 793 380 687 465 727 515 763 546 791 342 711 450 758 446 802 419 813 314 757 407 801 402 831 371 827 297 804 377 840 381 856 359 850 
262 830 347 804 408 784 462 787 508 790 382 689 466 729 517 766 549 794 342 711 449 759 445 802 418 812 313 757 406 800 402 831 371 826 295 803 377 838 383 855 361 850 
272 836 349 806 406 784 458 787 501 791 376 686 461 724 512 758 544 784 339 712 448 755 444 798 418 810 313 759 407 799 402 830 372 827 297 806 378 837 382 854 360 849 
263 829 343 801 405 780 458 783 504 787 377 687 462 721 516 757 551 783 338 712 447 751 442 795 415 806 311 759 406 798 402 829 371 826 295 805 379 836 383 852 359 848 
270 835 348 804 405 784 455 788 499 792 379 686 463 722 514 755 546 781 339 710 448 754 442 795 414 804 312 757 406 801 400 830 369 824 296 803 379 839 381 855 357 848 
265 831 345 799 405 779 458 783 502 787 377 686 461 720 514 755 548 780 337 711 447 752 442 795 415 805 310 759 405 800 400 830 370 825 295 805 379 838 382 854 357 849 
271 833 349 803 406 783 456 787 498 788 375 685 459 718 512 749 547 773 336 711 445 751 440 790 413 798 310 759 406 801 400 828 370 823 296 806 379 840 380 854 356 847 
261 825 343 791 412 769 472 771 525 771 371 687 450 715 503 744 537 767 331 714 441 752 439 793 414 803 306 761 402 803 397 831 366 827 291 809 377 843 381 858 358 852 
257 820 338 786 416 757 481 750 539 739 360 686 445 716 499 743 535 763 323 719 439 759 440 798 417 810 298 769 401 810 394 836 365 835 286 818 373 852 374 861 351 854 
260 816 340 781 416 753 481 745 538 729 358 684 443 716 499 741 535 763 322 720 440 759 442 796 418 808 298 772 403 811 397 835 366 834 286 823 375 853 377 862 354 855 
