-10.20532856677701 5.507091161699919 29.361730328895984 -10.05812552403681 4.902260257267388 30.27452476440865 -9.421806497243509 4.567818810163248 31.104327372334623 -8.743315234756087 4.402204267430688 31.5712950086369 -8.23360715144658 4.175578939717046 32.06334394944226 -8.914684868206482 4.49363904728841 30.335978793673718 -7.814759405545649 5.010950432327496 31.209741437102146 -7.305618046808902 5.436881679819348 31.759160264369253 -7.078653834269899 5.850496144797612 32.27670057561648 -8.831766205884989 5.009470345906979 29.65442145452159 -7.486341772525843 5.799817160337579 30.883736819186 -7.848695990639578 6.08124981328668 31.731753456224556 -8.433166214853598 6.203736160399303 32.320186588496306 -8.84122249932291 5.6237905304881135 29.15677352260432 -7.735614319345885 6.3372230565204335 30.365722902203604 -8.260074757778032 6.591780366900611 31.276729486891842 -8.883370222472912 6.695978237859568 31.88279159618827 -8.928557190023696 6.210809407403685 28.804942543693997 -8.100058459780175 6.699472220608655 29.819358407307657 -8.49258664761105 6.823640389733995 30.60937789795634 -9.045075400426434 6.87247749213192 31.11391327117747 
-10.306566974862488 5.557724134461298 29.350126896941497 -10.075439205081757 4.917385739819014 30.171356093240302 -9.391440886774717 4.559963488905804 30.964023877838596 -8.64882374731702 4.3227618880333525 31.381355449917596 -8.091971353323029 4.094729199243439 31.87213183983376 -8.906699381563218 4.5349074804245575 30.30730087387456 -7.7052363265156885 4.974646850258727 31.116291396536887 -7.211321780863648 5.401041330839386 31.73677101708316 -7.04196723658454 5.840655629892992 32.25546792994088 -8.842054345674152 5.072288598850519 29.643248562274845 -7.436133288061588 5.8445313699888795 30.9189146144542 -7.84911669958991 6.143058150619544 31.737233657152633 -8.40912022096538 6.2099753548690915 32.25550757787227 -8.839375960179105 5.648528491422189 29.105942347749274 -7.633195033383653 6.330189389857725 30.22871854419512 -8.13932587035602 6.489933489254113 30.892265830293848 -8.682013487109245 6.489405604682822 31.209776692662555 -8.9190392822759 6.186761185613128 28.665444858321955 -8.069398819922224 6.683938803504921 29.629237335176477 -8.408818843915059 6.713737898512832 30.129160735496544 -8.82832995144934 6.658645772329006 30.332646941120064 
-10.464643393401115 5.595002423373564 29.4152663183034 -10.187854055997128 4.956131381304802 30.26274761708075 -9.52133820652379 4.599509433996443 31.107652724805188 -8.720234598756798 4.363518801641966 31.47481177325261 -8.130782929772993 4.121531104259748 31.90237011970201 -8.928772344594456 4.518875673949449 30.294426337656553 -7.679420596640894 4.979337552480417 31.09187612005273 -7.240970723700003 5.438197904313384 31.751681846216265 -7.1229312716938304 5.8643363832992526 32.29096612702202 -8.826377420309372 5.033425886264778 29.574911950438064 -7.451312654299121 5.87157420840399 30.914049903430698 -7.883508958340435 6.232076987811748 31.810122044169013 -8.435755492520453 6.320109785890699 32.32377481657511 -8.82528405547049 5.626934007985572 29.047343959920045 -7.661645831149492 6.357326852005861 30.297289593917526 -8.157050388794037 6.6013919342546306 31.0681955652504 -8.715228681048504 6.647380650254139 31.471553330350304 -8.93771150513176 6.161375474545928 28.650127429422305 -8.109239585933583 6.67623538080244 29.65848370617353 -8.434665397888336 6.757147994857044 30.21583961931538 -8.868241994769008 6.707006307600183 30.473875122926003 
-10.501752192494942 5.621883270443059 29.43964554500868 -10.16961930473186 4.962157963794391 30.262381129715077 -9.491639678188438 4.595927550948347 31.08108814316945 -8.692413432402443 4.340542529015975 31.43186181175274 -8.105169402876193 4.117524188380351 31.868821264245437 -8.925723460385374 4.5196500170071 30.300506201171203 -7.685003450312499 4.989373169006887 31.12228178391625 -7.244712545919811 5.429509050871003 31.77271434640426 -7.126558742246932 5.855671141737198 32.312345272423094 -8.81782342427825 5.0579717017040515 29.60553332651368 -7.466310748752629 5.867027851021587 30.92164214948314 -7.860609297950909 6.208614059180743 31.729268943722015 -8.376065661534202 6.295793859274133 32.152323101287564 -8.809336850813601 5.650788065527497 29.056036968256056 -7.64829283731259 6.347618072888974 30.27972820812014 -8.14739722889622 6.583004668075542 31.004581381795248 -8.684345543982777 6.622801400597135 31.327947770505357 -8.905489667202547 6.181054562953961 28.651810944337715 -8.124139420132032 6.708371202249262 29.719399972225983 -8.4828304735718 6.790677205668671 30.294517208283345 -8.915026933170157 6.739245675741289 30.48648120056153 
-10.484499644654752 5.597426733289858 29.41624805180252 -10.167684141231609 4.933354319234466 30.24491363809228 -9.455296344196341 4.578038076464573 31.054697225819584 -8.665639571927079 4.341813928237228 31.437965294985926 -8.088366841636507 4.094891465592702 31.87792789692385 -8.924591242416534 4.491702931062426 30.283553486273824 -7.691513347161316 4.9616883757888735 31.12766879163118 -7.262845801317685 5.434148980350751 31.782849211404354 -7.111013882039726 5.860433939937614 32.30384939612764 -8.798970974765043 5.035714325164914 29.58859501859554 -7.443337239389462 5.851606340612834 30.88201122933123 -7.889365981405857 6.246305036221034 31.8110757013832 -8.42246679517606 6.370155960305838 32.34194430846293 -8.784199169127712 5.633852427152048 29.055201907740418 -7.637948991863567 6.344278630398597 30.293228963061335 -8.163765467878841 6.638453436118216 31.1148602062854 -8.729264811369815 6.707888163081588 31.560627297898876 -8.881048194564064 6.164100421169729 28.651462392558667 -8.09734306839229 6.693094009658594 29.687825230424746 -8.460749967607235 6.797106062926824 30.300468975052976 -8.914632043744131 6.782147898530337 30.586964889349066 
-10.47521027582818 5.596266706737665 29.393221898171994 -10.149677090614665 4.929372149856086 30.23655954735626 -9.455296344196341 4.578038076464573 31.054697225819584 -8.664864738453053 4.351426614283275 31.445890291426988 -8.112198522617575 4.11750393512948 31.8922350971335 -8.908637326164094 4.5061862819532905 30.28426455341229 -7.691771791394023 4.989901367107969 31.144988991927733 -7.243299398551975 5.439128117680867 31.78058712463411 -7.101708969183477 5.849711875684842 32.278187480522675 -8.798970974765043 5.035714325164914 29.58859501859554 -7.460949255237662 5.856273092859995 30.891306337637275 -7.8847616365520405 6.224913790707885 31.771050501130002 -8.41161870282604 6.326185676976636 32.25907950370719 -8.80100092376657 5.637983387757497 29.062747363291034 -7.655204297236243 6.349020051973647 30.301969801183663 -8.148205664434666 6.613168749352305 31.089213508193847 -8.696981504766681 6.678680701984659 31.486139030718228 -8.896850509076101 6.17822236739839 28.666171164966112 -8.104665647020475 6.694764850852198 29.709897401889577 -8.46739623928828 6.809045858070713 30.331301528223754 -8.922734351836633 6.783918813987663 30.610285008373364 
-10.484499644654752 5.597426733289858 29.41624805180252 -10.149677090614665 4.929372149856086 30.23655954735626 -9.455296344196341 4.578038076464573 31.054697225819584 -8.665639571927079 4.341813928237228 31.437965294985926 -8.117568744641867 4.098711767708297 31.905675981544043 -8.906229294015684 4.497387472351871 30.28266572979201 -7.690339174714115 4.971198940598156 31.135398657604465 -7.243299398551975 5.439128117680867 31.78058712463411 -7.103020916420511 5.869179451046113 32.288376474161815 -8.798970974765043 5.035714325164914 29.58859501859554 -7.460949255237662 5.856273092859995 30.891306337637275 -7.879463685612819 6.235463388243681 31.78556433678223 -8.43087144529214 6.364200390455826 32.326055067012426 -8.79869214481024 5.6294577487601325 29.061517576070155 -7.628484297954797 6.333830163541759 30.269485712562194 -8.141995248144811 6.634269703588796 31.11194715146464 -8.719295940827632 6.726977059815245 31.553479045634774 -8.896850509076101 6.17822236739839 28.666171164966112 -8.080377700906 6.688365376630278 29.679668313096318 -8.450986773111431 6.815704433624627 30.29368587742935 -8.907295642199566 6.810162209233407 30.581521738517484 
-10.466046585520553 5.58493328299075 29.36236441265648 -10.125368982568641 4.923509470413952 30.198337896481963 -9.458262613314925 4.577229268125538 31.048404295138177 -8.691625894045355 4.345996508831761 31.471051282242655 -8.138799050714463 4.112035220273511 31.91792009144528 -8.890923327765403 4.502301660778238 30.275708021712493 -7.673876648436101 4.98559109900028 31.135498656115065 -7.243299398551975 5.439128117680867 31.78058712463411 -7.10816545676041 5.850736061551814 32.301694405039356 -8.781781302168547 5.031723018250247 29.580614915708754 -7.438003535396166 5.840877568211535 30.85174522514819 -7.8847616365520405 6.224913790707885 31.771050501130002 -8.44580263485735 6.334104766395821 32.318335346289466 -8.781889991692713 5.625328569189916 29.05397198926403 -7.632352688805608 6.33308289379829 30.26328628681351 -8.164946131228053 6.628304806565607 31.106722965186293 -8.730262358574812 6.697500374622229 31.552197664995532 -8.888197026685278 6.175387014566914 28.680526819992814 -8.105795168294428 6.684801027533986 29.702169561538817 -8.47097056704955 6.807916712577892 30.324710664065428 -8.94149916085456 6.796598356796368 30.65846084648598 
-10.484387626801967 5.607617525237687 29.424127618124768 -10.15181709749523 4.948146473808771 30.24601904644217 -9.46603764958861 4.587421656665712 31.08007448657451 -8.673169629896972 4.341972666348975 31.461405355068358 -8.095574848029376 4.094564220310174 31.866343396680048 -8.905584989837594 4.506953994916512 30.29033856742816 -7.689162587381239 4.980713060688096 31.143134441119543 -7.244712545919811 5.429509050871003 31.77271434640426 -7.092633301668926 5.855499673617857 32.29320573642133 -8.79826983204462 5.045326654581875 29.59614522125729 -7.448677536365408 5.862350000990671 30.912320030546613 -7.860609297950909 6.208614059180743 31.729268943722015 -8.374438497361401 6.275951129883982 32.14196298200046 -8.797961191080525 5.639185281387284 29.069020235820492 -7.631053374495043 6.342880570337313 30.27100541736592 -8.129545748438062 6.5780490559161855 30.995286079053514 -8.662465704633451 6.618742741529914 31.325088356190214 -8.896850509076101 6.17822236739839 28.666171164966112 -8.080377700906 6.688365376630278 29.679668313096318 -8.445362348732518 6.771893300883909 30.275850896112857 -8.885093451076907 6.722162591217799 30.490763937811636 
-10.484499644654752 5.597426733289858 29.41624805180252 -10.178769897635023 4.952804775310343 30.277835043813905 -9.489783357382258 4.592624921396366 31.1192619341078 -8.679935754518434 4.35175432816661 31.492810030502202 -8.092944631571326 4.0852770036528705 31.864252960129637 -8.908637326164094 4.5061862819532905 30.28426455341229 -7.668307365218341 4.97556035564645 31.10509001338313 -7.246122983695249 5.419893533784516 31.764847336366657 -7.128083654179288 5.845888685995359 32.30429477104133 -8.798970974765043 5.035714325164914 29.58859501859554 -7.4622933762554124 5.846588158646014 30.883528194048864 -7.904343508841097 6.219859832478896 31.772900407573662 -8.437570691553713 6.3024860176809945 32.274957322099716 -8.80100092376657 5.637983387757497 29.062747363291034 -7.64958696977546 6.337813012324951 30.27200131789589 -8.15987384280109 6.606424979483072 31.06720916372851 -8.727739182951208 6.666435471591385 31.464725098569467 -8.899126002798065 6.186660944928007 28.667265220625218 -8.10714819660068 6.70363359101967 29.711220961444432 -8.480766930841765 6.811043187381076 30.31053010181321 -8.938376946808592 6.794946839833604 30.590475494752635 
-10.51249710593686 5.602728276871462 29.401784983174753 -10.187854055997128 4.956131381304802 30.26274761708075 -9.50960173059944 4.609816743497521 31.09834091485166 -8.725253622045914 4.354519502507631 31.496401026206442 -8.124959124356351 4.074416568354458 31.845309493207427 -8.944729247876541 4.504383322191242 30.293712356185548 -7.66948765375226 4.9660581548435045 31.09737517575585 -7.239639147830357 5.419126493336998 31.741799162344407 -7.106084796189281 5.8496289792120155 32.27230136644823 -8.802019219778275 5.034742192700976 29.58244843449961 -7.456937325718969 5.835857107230629 30.853247919262046 -7.861891642826047 6.19860292848062 31.7211038457312 -8.387437356330732 6.299182089105944 32.20738750665047 -8.796307744485095 5.635721541417862 29.03473871555888 -7.6426836125567315 6.336417612166474 30.249789698125053 -8.151275135799004 6.61495992106784 31.05208565954492 -8.71005471076888 6.691494363972947 31.47354901044381 -8.891237692540614 6.185230119816042 28.645694679127395 -8.092504202419251 6.700279535617747 29.667089848659483 -8.472033558452967 6.819462665048455 30.295723246687626 -8.933230719064671 6.816892962523998 30.613691417102338 
-10.508925216189382 5.606094877360629 29.369955185693794 -10.15869363252647 4.945373429047244 30.191028889693666 -9.48335204683015 4.595560971215714 31.057429775819042 -8.68407833785889 4.345834883437652 31.447591200246656 -8.108336579579248 4.051537934758747 31.819511675105854 -8.93762131749861 4.494505722090493 30.263395258241264 -7.68059709333347 4.969833136522479 31.084160122736844 -7.231748536597038 5.427965840248493 31.726627834043306 -7.088814705607461 5.847666707216348 32.231246867043126 -8.811534702624176 5.03807097094418 29.56833893560317 -7.448901898838891 5.844479463699798 30.838521920915827 -7.850902867810285 6.2273391589631135 31.722064338556045 -8.368794255474194 6.327149799096236 32.18421108420776 -8.788581756016175 5.634663326596715 29.013017452281456 -7.628897162044699 6.333631322085047 30.20543598116968 -8.132896069109291 6.642147373300903 31.030002613432426 -8.660246526440904 6.723764916312638 31.43250641647588 -8.902857558831728 6.186609126804106 28.624932045640552 -8.085193192026008 6.6986052810582 29.645059359831393 -8.46742657006723 6.830793249990404 30.31034744942546 -8.919951639318905 6.83706338840125 30.613620531011858 
-10.516068379737993 5.588525846664426 29.383868938179024 -10.167826251172798 4.936025704950788 30.20643175545295 -9.492590192059643 4.576242817633293 31.064993574296693 -8.685610773864733 4.326606504751726 31.431744036640673 -8.103821259469667 4.047442899299814 31.856166714695195 -8.917508967950125 4.481845026383936 30.253266989151136 -7.685003450312499 4.989373169006887 31.12228178391625 -7.2381403651338365 5.4574371224943565 31.76741930710952 -7.081566695343615 5.8837908901806495 32.293825727880744 -8.804559653943553 5.027807165617869 29.538744688430125 -7.463580891775552 5.865489080322653 30.89303073812325 -7.896540483264414 6.24762837611014 31.834732615179213 -8.427382390479416 6.3618979839426855 32.36444603747965 -8.789313116430257 5.624948261344215 29.005542059723865 -7.643955880483251 6.355264510301036 30.259025103966056 -8.171899544651975 6.6621635341272185 31.117257516116887 -8.735712677743928 6.752913485255071 31.580119340455212 -8.887080855113176 6.172497670211549 28.610272268003648 -8.109463669461396 6.705009024260663 29.675234361760424 -8.512694298145501 6.851461260920039 30.35194540180872 -8.973633236145952 6.870153324059064 30.687885951164088 
-10.70028428314038 5.277690074132177 29.2178268519744 -10.327764896247812 4.668389475023166 30.09962812564328 -9.55539580103425 4.299202558248686 30.8720984469834 -8.753219012783209 3.966017846853708 31.256285992806614 -8.192541373671583 3.6003606890386495 31.631294747394527 -8.942690116980478 4.08535813380018 29.978352543229207 -7.7322030377606445 4.647948574072522 30.808595300613916 -7.283195207424838 5.182091278769011 31.50628863558896 -7.09458704639596 5.623638537284174 31.930774818117218 -8.812733101784197 4.616208976399557 29.257252553935036 -7.531770000873393 5.437449559501595 30.537410082304557 -7.902494133054816 5.850375554361953 31.345151614739823 -8.348493339298445 5.873002479607604 31.572364587816786 -8.807474147690979 5.252356756859542 28.80644309348118 -7.722389004380445 6.039229436671107 30.080651249102683 -8.25957346798037 6.340112622836259 30.882410566118633 -8.800897361642491 6.256516114911486 31.078788800122684 -8.92779277218499 5.848873483189948 28.50740762220824 -8.118657904977471 6.490787876141824 29.631901221397115 -8.576940144552447 6.670836329123456 30.410280566905612 -9.057312552912542 6.600739521185542 30.695441055846448 
-10.829461001151742 5.113076930683444 29.1053539437186 -10.40391174825145 4.498233915681011 29.85983729933553 -9.59087173092415 4.093032863175051 30.58676637113431 -8.793121571942502 3.788642906135224 31.001804813966082 -8.30433101592791 3.3776206471137415 31.353714578085153 -9.0524946540447 3.7621856135739713 29.749718217028686 -7.835483598293071 4.232521176491076 30.525421354561477 -7.3620965889851675 4.745371493363852 31.16168139478139 -7.204348065493043 5.198376381215118 31.619863139243865 -8.931797490405474 4.268322590974648 29.06477269462165 -7.5786654090112595 5.017530118365327 30.18430231446051 -7.858671773936866 5.512503889268316 31.00204577863745 -8.287629928412729 5.6673586524125295 31.32641062753112 -8.908362703428768 4.920578426975442 28.58567310166227 -7.7735366819303415 5.670559656250806 29.782899287910173 -8.272182761966658 6.079362704798281 30.63243585468804 -8.782168536075503 6.089979568197057 30.929429890298206 -9.002292171057118 5.585415923817907 28.30612361740207 -8.164065780355257 6.208295146519906 29.35577389141267 -8.553128158264952 6.506989934252577 30.174304714715944 -9.036122640978812 6.532475335176407 30.614197234749373 
-10.747886807765738 4.791837420826674 28.387668178213268 -10.378455200872159 4.179111770120605 29.258533771911807 -9.641825328653715 3.7895321061485783 30.12908479432406 -8.879952624470992 3.505317836274106 30.67183930356188 -8.352711698508763 3.0650990056834564 31.038585901377722 -9.185691255206347 3.3961930086232206 29.376924595419293 -7.9383401387564705 3.7727421116162256 30.117375919511883 -7.483845364968015 4.266452096127496 30.730241901907235 -7.328924962804108 4.688042543322859 31.20208517639252 -9.050116361560171 3.904769601244618 28.753982472499455 -7.674144483794145 4.568286577875395 29.834673824093983 -7.794964631969439 5.063087615832846 30.43115510643662 -8.149057043424584 5.275733625408176 30.650915954606322 -8.991393703452298 4.561704205335556 28.30594160417375 -7.864766006328683 5.239075083896789 29.382816189829555 -8.239078349617941 5.645707440069968 30.080143460844127 -8.697416903107934 5.73598736226906 30.382758237728172 -9.049727578339157 5.258030816442455 28.077122309398877 -8.168448568952359 5.785625451274705 28.995758791635055 -8.520312522216008 6.085088492396331 29.69164121728267 -8.991975255612665 6.158637771810733 30.122101246844952 
-11.086026925477036 4.49741674530372 28.096823458510908 -10.729663889993827 3.7992456473931386 28.891370286146415 -10.027428623990827 3.3021292818234467 29.7683413043304 -9.332721993318215 2.950827060168275 30.385810735123588 -8.985118124680591 2.3995923233164826 30.890739826727586 -9.764445862080574 2.926885178284997 29.152463608046673 -8.455873935931551 2.985967373076496 29.857522639917104 -7.844674964101597 3.340822594595183 30.320067353721587 -7.49990878519371 3.7047689885211152 30.687321224322226 -9.767781324792786 3.4082778445170017 28.654253400474804 -8.206067839879383 3.7159830863547327 29.46884773864528 -8.03016115203099 4.211139829116267 29.946094042491726 -8.256040610241138 4.545997438437721 30.231045396810774 -9.721545408709012 4.082233076237753 28.222765629716232 -8.317879306081881 4.48999235787792 29.112440823608637 -8.399150288644927 4.910386487292631 29.701503310302602 -8.771400331841507 5.1209752138665605 30.0405354101957 -9.712301673828824 4.838842714759391 27.953190904579948 -8.640310438148719 5.192632286810086 28.829849492476917 -8.583752910692295 5.35295650710272 29.29981801023661 -8.738644375620645 5.377720934294596 29.56615711400267 
-11.216706005753336 4.809740372730919 28.463461463388857 -10.606796513417322 3.8918683736108224 28.66002544786535 -9.758095798022815 3.0583597565875325 28.843110509159057 -9.013205236774562 2.466693023162812 29.091753882669316 -8.532930555577147 1.836333369493476 29.089900768932782 -9.873301913609284 3.128303289598252 29.29158088113776 -8.360825122472624 2.728849771595465 28.91890885775603 -7.538436846427855 2.6479970045437238 28.390112437023422 -7.09301321674158 2.697425109323695 28.14163884143364 -10.056022474198533 3.718273752479938 29.243027619215567 -8.221391076911866 3.3178538153317785 28.703622048839538 -7.771167526610928 3.4246291355033627 28.252117292008574 -7.800947168850107 3.614214786273834 28.132351258560824 -10.13987178463368 4.380151874797087 29.05693400279073 -8.468342912172153 4.075741673168194 28.630391889751674 -8.189376126780868 4.153451266722849 28.293024586758644 -8.327223823694702 4.276814636133989 28.1984549027382 -10.1493684111911 5.035641557458276 28.802974706168904 -8.782690616672971 4.746501630840567 28.39500233549801 -8.460139759880459 4.697075569487499 28.193840179286518 -8.548838734961754 4.729762295803726 28.25688672292604 
-11.065934617376097 4.207548575669777 27.870285682118322 -10.52305826671194 3.4366054823047163 28.352178801165692 -9.70744498495757 2.7363148530645613 28.548683648372354 -8.960021152233683 2.256472656736895 28.727521437307455 -8.488866740602793 1.7210131692828161 28.85632279063415 -9.61789726354696 2.4683891718088886 28.09846302031154 -8.137258148161147 2.3347526344692784 27.901261699011496 -7.475271920185032 2.5703141256315805 28.11324710872005 -7.169400251685552 2.811337264063493 28.358042219152253 -9.718533923619002 3.021944248408008 27.72219003432252 -7.955535217845621 2.9515272815662827 27.491632600921033 -7.616952610999181 3.354494336877188 27.8197340515272 -7.764295078347483 3.641202900792377 28.17737753748872 -9.751954582172655 3.691834912927386 27.428319016364405 -8.150873915145686 3.655339660919883 27.328168985782476 -7.9809960300017835 4.036945479638475 27.78131204122218 -8.269233681513896 4.309558040927287 28.285818754660003 -9.731596865349921 4.3761989708597255 27.207603919343125 -8.46814987793803 4.359760610935139 27.146874465917836 -8.220026985466147 4.514871503649161 27.430817214494812 -8.376327994358277 4.620211743858077 27.86605716855335 
-10.807056246959231 3.7384811757424403 27.021009489045923 -10.418474420066145 3.209664951875499 27.950370182467918 -9.714681105225276 2.6450313861606136 28.506911291115106 -9.004370662324925 2.174572231238546 28.731494264436137 -8.525246647522385 1.6077270612326302 28.81845836237125 -9.424826486053288 2.0196937857379575 27.377362625791125 -8.110611072496573 1.9508693531719905 27.506995603951857 -7.437378408296705 2.365299164178105 27.8388217097213 -7.084872047536251 2.7871887078916466 28.12297229023192 -9.48500718866257 2.4433713763464286 26.740237024570025 -7.887592114905027 2.528224075119488 26.822437313184075 -7.502312597367351 3.17439137976017 27.39113780676757 -7.592416736009449 3.6988350960603626 27.91093167936892 -9.518243754598291 3.057265807070091 26.309684147661258 -8.01276732932702 3.2549703659640254 26.391682057500898 -7.787393954094459 3.8311623415419924 27.06228976552456 -8.045792901779583 4.2608271572306355 27.710652616254784 -9.526593470918794 3.7413386206964474 26.118608307674616 -8.261146438053254 3.9576486265095623 26.125270644147935 -8.022381306587338 4.319792645047833 26.65601653618755 -8.198410195664755 4.594342970134891 27.1958710373456 
-10.67396486450976 4.03957077868183 27.21177515787554 -10.33547810828947 3.3504036845347445 28.088913647062217 -9.562720164345492 2.623092270713178 28.416103988171926 -8.809205018737412 2.062639884252361 28.378175657378645 -8.349273768283236 1.5066253688120523 28.450604302367683 -9.373806896930596 1.9288430635592724 27.414926035663477 -7.987785765269111 1.8114358150952594 27.34575131489675 -7.311984807757617 2.237092981223717 27.635104713329344 -6.928524024424954 2.657414070925516 27.909048705300258 -9.427778696638509 2.377871322194034 26.670815842897113 -7.769719959499957 2.3979106563658856 26.61488242602313 -7.32850201899655 3.0045760350343746 27.2198276246385 -7.318932973917824 3.527762386857243 27.766981581322437 -9.43588054159622 3.0061088601879655 26.16258499812782 -7.925292065981662 3.1500805224828934 26.21166881219582 -7.622060136135283 3.727837143393444 26.92160359270488 -7.713117104422227 4.215001271780804 27.532061368164154 -9.391296098437033 3.6828764263905103 25.865610574757774 -8.18085768573312 3.887846536672916 25.920182063091413 -7.891575168403197 4.265974862640347 26.519801006892035 -7.901733050397849 4.554186014692469 27.038228006266444 
-10.951262497209088 4.0973029571195445 27.717607486455847 -10.53464023455258 3.430875266968968 28.41762596194271 -9.660251577864114 2.663627663290586 28.52026166968639 -8.84153307785746 2.0881843009976215 28.44123881873268 -8.384441545429972 1.5155038779717809 28.560175255758413 -9.435632133629225 1.8919455263294247 27.446479429040423 -7.968470857861678 1.855678065487653 27.314110470375958 -7.329123784529017 2.2691498506237817 27.62868759656072 -6.958056010588769 2.679756933752944 27.93544207588237 -9.426164764425726 2.3446320193971255 26.650636771531875 -7.804404077476548 2.382896905478577 26.576545992591107 -7.34660953106673 3.0205195528812427 27.22998447482494 -7.31814028191741 3.588388448980057 27.8624327683682 -9.418686716146935 2.9910304910113084 26.116822261343938 -7.9257012728005085 3.119742374664416 26.131655876873083 -7.637288589313469 3.7309690530402992 26.927628684061204 -7.723181394506903 4.2228295700627845 27.641858194945574 -9.37920795643589 3.67127834492268 25.81181602056967 -8.181271442973996 3.8329344192228816 25.85550494399264 -7.908507381760411 4.217851177736183 26.49245997655961 -7.928126311843081 4.524831361686456 27.06806247048455 
-11.040489831885623 4.156127348826766 27.859893282423695 -10.556417788746812 3.4237255051290485 28.364323120077692 -9.663375681211402 2.6403102054768004 28.457906699388694 -8.868484767827294 2.0688542631578057 28.4144662168629 -8.380839774908106 1.5224403343134336 28.50635284503424 -9.363090641262453 1.8703024298991475 27.141136498911703 -7.969049018055738 1.836683489920645 27.23921495713656 -7.3535884624939385 2.27044740300265 27.649515975552895 -6.959649488748692 2.6875348441073577 27.9661013520282 -9.383963895634652 2.3736045516884485 26.468793034739907 -7.797505281684863 2.392014786879856 26.563990123372815 -7.35408965865705 2.978731282909243 27.222676254135372 -7.332451639326353 3.5237937907551857 27.802597218001303 -9.397824238873124 3.04058479932744 26.013473198556483 -7.934653249879438 3.1146137431470184 26.112442578333884 -7.646636601832208 3.700747013340364 26.894447875065964 -7.748559916170378 4.19499130279237 27.614089131178797 -9.380227477629653 3.745018705505558 25.785289142300165 -8.211770311277435 3.821679754035794 25.853447032567065 -7.923675647046918 4.166870298470717 26.4974050466123 -7.909943817304838 4.456064643382257 27.028969039850146 
-11.20443521964137 4.129464106967605 27.826190458266062 -10.626127262236368 3.4305176452088193 28.289660451257383 -9.74145339634948 2.6694518953644617 28.43559989025349 -8.985698519540605 2.1237151765422073 28.48438789835996 -8.524704658398885 1.5711089335627593 28.565282428647905 -9.468804507855245 1.9350655828858643 27.15635842148138 -8.096077124440363 1.9261115412067489 27.26723763695594 -7.4809531392153 2.3705922241638873 27.65845159846219 -7.105517416857558 2.7961199833560584 28.013023321201445 -9.528430688338887 2.396665719033169 26.470054720898 -7.994058448202785 2.446251178653975 26.590295297318484 -7.48493566077901 3.050318124027081 27.200914673656218 -7.384720953570229 3.6023202822163 27.76622250181005 -9.574795931988499 3.0269495240892264 26.015448001609222 -8.135972069181104 3.115168193002309 26.083134786711607 -7.777061958751382 3.7376480961491154 26.843721202193688 -7.803893735579914 4.249257787586152 27.522495931093776 -9.571783115720676 3.6980946088499635 25.75907418031986 -8.398382614921486 3.823684406476707 25.745356220056742 -8.091751101506116 4.208740731793393 26.370124159023725 -8.024387432110453 4.519146886860734 26.893650930713612 
-11.110234213654856 4.015521318510044 27.5563976710749 -10.56135720497932 3.3483358404213655 28.07310774357643 -9.718044648075653 2.6404043137327227 28.30863835821255 -8.982571290337065 2.1260259228611926 28.388131704712574 -8.51302321782891 1.5904981800471998 28.496679179113645 -9.46938811707532 1.9142665419760871 27.103154623546185 -8.121767179983719 1.935013939585291 27.199599879901186 -7.4965237704679275 2.3808162598417635 27.55352005013429 -7.107935972958462 2.7940944199897744 27.89514561349244 -9.541942430393936 2.370307471749477 26.422017714464644 -8.045291319526612 2.4431237385102214 26.49869189934781 -7.521550205202996 3.0681259139903374 27.093418420957143 -7.382437440011473 3.6138485249157934 27.63009849613042 -9.592920259226194 2.9956167008827386 25.952524632179266 -8.184094189261968 3.098139759979134 25.95192715656088 -7.79984526164242 3.737808606408018 26.713621866546326 -7.767119769199637 4.227657854714406 27.38820905852134 -9.586258423342734 3.661258164735688 25.66204953457923 -8.451973873704922 3.8064492975192987 25.660543572255737 -8.113002268843516 4.200707601570659 26.26302368122644 -8.017671657688512 4.520196771223609 26.78095029411835 
-11.088641996504897 4.167785339205182 27.511764984883293 -10.492343045748578 3.505741753361367 27.9379472021795 -9.592347055681017 2.68308071963719 27.9537398987238 -8.841276339854499 2.0901625297775577 27.863711978038634 -8.348837560566626 1.4913737558918627 27.86100907255444 -9.330373297858213 1.8205838230446845 26.597987652274025 -7.987782296581461 1.8306012526020017 26.56290325808177 -7.389509822239063 2.2972740992845573 26.91694916831661 -6.973338571578883 2.72824104700394 27.186946946830858 -9.420364298773862 2.2430632093675213 25.89844062390247 -7.907821383059615 2.3187686569766046 25.81538637079462 -7.403536094604205 2.9366576130672866 26.397321603024743 -7.232999104201661 3.4804926146797053 26.894875011710646 -9.4692347409258 2.865213192636251 25.434477433763305 -8.094071539473864 2.982351244192332 25.33721952984939 -7.68538885891534 3.584948526081375 26.015868867258344 -7.599410476999608 4.077214295933089 26.622562942789926 -9.495430303061765 3.5439153890765764 25.191733788303953 -8.38469212220319 3.653728467465169 25.088202161446812 -8.030438492410957 4.021453301683485 25.627265543144073 -7.903174511371942 4.327386973179213 26.103014833894946 
-11.088191523995457 4.167469607644652 27.372428311958924 -10.471701887024613 3.5488041926227836 27.8914432069491 -9.578659591870709 2.7234668712241095 27.899234100701776 -8.82999899545801 2.119145268636843 27.769253657675282 -8.33479169807095 1.4981569584659014 27.72971846732825 -9.3772230373382 1.824001089784716 26.57530554040671 -8.001472091490868 1.8493293932936026 26.460191924879762 -7.401560704614175 2.2997873501846406 26.78465479727328 -6.995515376694677 2.736557657874282 27.0749099604207 -9.455704071783675 2.2314020876768987 25.8487651177779 -7.957289921543406 2.3045701523653097 25.68728789068368 -7.396228062871131 2.9303200322819283 26.20507808119904 -7.218386053010651 3.4925291288297196 26.725718540053762 -9.508157603667938 2.8401612688921025 25.3636085334684 -8.129918301295419 2.9927206014259036 25.211569777344902 -7.680776113543214 3.622804801101019 25.8671014078781 -7.56511534019023 4.116258991894131 26.46602184663427 -9.50943324609689 3.509282411902756 25.058448249545272 -8.38894369082586 3.65876997794944 24.92024507341127 -8.031914940824088 4.058664216795983 25.4591149987923 -7.872555080711702 4.364976409489495 25.904667414139052 
-11.08321346773372 4.240220111180615 27.303814966543154 -10.360723774712431 3.634577332005001 27.789961024171916 -9.447497850691715 2.813630410552276 27.814514474820353 -8.745396464503068 2.1860119964609606 27.695470325450472 -8.303436069639993 1.5620862195678509 27.66579958355325 -9.392368544602776 1.9040619248801787 26.5636721096356 -8.01379946676401 1.9311473941115724 26.367306196502962 -7.4032099589640055 2.386124095297349 26.688664636307283 -7.001678112430468 2.8220704619338774 26.974619324288483 -9.499304746380313 2.3065890868505567 25.840231157748708 -7.995218949890635 2.408116608850517 25.64917282017027 -7.424439336777288 3.023265014986559 26.152516395487652 -7.215622047795749 3.5716689770090686 26.631799697044734 -9.55660767808795 2.9178976774840835 25.33994117606328 -8.176667993584362 3.067076782182452 25.163749924669258 -7.705261986570289 3.698852318417317 25.806268846898863 -7.567493877844955 4.187123721300925 26.412624517152604 -9.55774416336174 3.5937105390809725 25.034665953205064 -8.442046852262337 3.731169381634284 24.88384846694144 -8.064012956155478 4.143764499173709 25.445146369362718 -7.912125698767492 4.451605676996237 25.910265430157402 
-11.246549348582352 4.396137708317825 27.269008468429266 -10.497302525907585 3.778234840408845 27.749123138804805 -9.58524446986786 2.9900393541243764 27.845403036470703 -8.824169600113756 2.380142576858492 27.712015426094865 -8.28707829073765 1.7389483533066465 27.644677677643976 -9.41497824270983 2.0780179652558366 26.55953909559386 -7.9790684026545575 2.1241601745892167 26.328034106297725 -7.331860174489873 2.6005612717858795 26.60932788754016 -6.944763769499708 3.0648600051120742 26.8907505750585 -9.498799745995399 2.4824783050541286 25.810264042748276 -7.94242297784192 2.617176928802751 25.59352359015756 -7.38379120098009 3.2543658692537285 26.090771324001185 -7.22689429895176 3.8195753368508285 26.57942799803258 -9.572741855156641 3.0991754674795864 25.308349454233646 -8.14066879500687 3.260347531335585 25.12820888338014 -7.68090428335146 3.9067168402924306 25.75845035056081 -7.571457434923634 4.42090803897145 26.358835045056065 -9.603275630392966 3.776990426113579 25.004829098893023 -8.452187179049021 3.9524440983468057 24.862232638195042 -8.076178567326892 4.35656463533961 25.38665226423593 -7.925632801178093 4.676971198003747 25.85866732545934 
-11.097772846762357 4.342703748121894 26.91826981351351 -10.41062412530974 3.7804916704526352 27.4473382220156 -9.4804095655396 3.025337203967531 27.526175369509122 -8.714416341172186 2.4556532340413924 27.457089345455707 -8.264585234298844 1.8495140683366644 27.468424750717915 -9.319735092930976 2.1616736747654697 26.31441692950993 -7.9078901182275025 2.2036100143219595 26.10828759669159 -7.27442361084282 2.693613215049079 26.358419328516852 -6.855484034837447 3.1542058774620947 26.583972537084 -9.385057532612999 2.552312624204347 25.565081956019462 -7.883148553162096 2.7044153287275137 25.33271245862667 -7.320037851045405 3.3471898587628703 25.82247142062693 -7.082895098905757 3.902023764031396 26.26680036836674 -9.45363956390665 3.1410110552260715 25.059335260873347 -8.094442316519844 3.3422460000915897 24.8628949055334 -7.644220241564707 3.9739161195855672 25.47614941843116 -7.467505433477794 4.452165920248692 25.997295547265622 -9.494924815497352 3.7914599753975025 24.749416542331197 -8.405435352041623 3.979199679007338 24.58494860758951 -8.037918899838015 4.406394217383247 25.08326135590254 -7.864106885228622 4.7282325947564905 25.51057088307745 
-11.078896828619614 4.390039523766 26.823430924333934 -10.362231899755903 3.8522424873249057 27.366212975201556 -9.408029251374035 3.098236592361546 27.429783522238953 -8.662630505391826 2.514745053279985 27.356191328541428 -8.17903984394552 1.886918577463148 27.291094397773982 -9.299080730354323 2.1680227656363518 26.218592003420977 -7.906829703651978 2.245992172041342 25.954738113300674 -7.262907948852676 2.731957816164059 26.201100623887285 -6.815101864771804 3.1776527556527085 26.4146826216054 -9.383504786316363 2.5387712064615955 25.44916676449582 -7.87045221457262 2.6937502629597585 25.169989066964938 -7.287349035581811 3.339282363027858 25.61886197352658 -7.066710554417436 3.9184642940662697 26.078670975690024 -9.471112211814724 3.130716425328134 24.934654502890943 -8.088627498989656 3.353177894325717 24.69441566159176 -7.625209906034677 4.002937838744081 25.290551484896532 -7.459645639057125 4.503667282380706 25.834634667411056 -9.510433394742705 3.778546916770149 24.624507687458863 -8.402729379929381 3.9778449816520545 24.426560084658668 -8.02611965797394 4.416839586879137 24.9256844907768 -7.858651811653355 4.743845828992353 25.346203750721784 
-11.098728587199382 4.386399761252019 26.718173550027444 -10.36114315533365 3.8584448921278054 27.246929016048647 -9.399283326844419 3.1035903808307506 27.30347768117962 -8.630400077601559 2.5379033183953856 27.196537470077462 -8.135019229216487 1.924324113803997 27.10839934063842 -9.285375065950843 2.2419150487838078 26.04685142379083 -7.8816158019068165 2.3019040085268045 25.762225569705873 -7.246843147964057 2.8008978532264606 26.01220315595278 -6.838555220791121 3.2663016576251125 26.262812969304957 -9.388377962207935 2.636282959772487 25.321168275591422 -7.877466909002301 2.7783850887181836 24.99533285388453 -7.323161530527104 3.4397055012045388 25.46956024794515 -7.114739060739474 4.009603508542651 25.93548965624421 -9.478721197069396 3.226381334509861 24.83061192732911 -8.121436222969711 3.4452437309953203 24.586982619626035 -7.652147801769431 4.065836071271851 25.156141138778057 -7.477296209397793 4.562162959702617 25.68845591714372 -9.515567241410563 3.872020843218021 24.52039236832283 -8.44912173201862 4.067821872672026 24.310888381227205 -8.057058834863325 4.487144077633213 24.776777547104015 -7.863150020041181 4.816707934384559 25.19326864073945 
-11.295563448731201 4.534476163430364 26.65496988941579 -10.548333669633815 4.040140689442968 27.22438685736959 -9.59410022488854 3.3538324020827983 27.328091146473138 -8.825125402231581 2.790593358596315 27.19459613181633 -8.257102209817637 2.125127403346749 27.05021518310767 -9.430559850103327 2.4388603826211073 26.006081912398635 -8.021416914944725 2.575164528419774 25.695796489642927 -7.420613868490462 3.106235905931791 25.945274468247536 -7.002330750399921 3.5718206381278303 26.165481045251333 -9.540702483516192 2.858372218502916 25.258114641978807 -8.04536425022556 3.102351115803443 24.94556952019405 -7.529447395789772 3.7814369803873022 25.40420949845616 -7.3241366501508525 4.344781796858734 25.872649694176527 -9.6435867190599 3.450674785693148 24.756352641437427 -8.316016286171433 3.7579937304983817 24.519169766533004 -7.848520816051798 4.381006732262766 25.075965705756218 -7.6267653042185835 4.858377640198122 25.608950601759158 -9.701300053967781 4.101489718636251 24.459181697155604 -8.630898387805441 4.366409827099111 24.2440531550264 -8.253972410393725 4.794277943675321 24.732574789671514 -8.043310765991695 5.117710408818244 25.161239632189336 
-11.139522487176533 4.580313893890372 26.46544779182113 -10.454135459168578 4.091532275130787 27.025643654823284 -9.555825435898646 3.504094403965573 27.254821296121715 -8.773942521876172 3.0039373412706367 27.163195808362318 -8.133076498450999 2.396656840393506 26.844129726029042 -9.282127433450059 2.647184905299523 25.823274121998494 -7.899922515192028 2.915045387165113 25.54442160393169 -7.272537018932102 3.4214367971507 25.717436353072817 -6.884919353263756 3.8577073955484638 25.930856793135735 -9.396971377334083 3.06639923244626 25.072230456003545 -7.90919637014688 3.3478532752483616 24.773482555356722 -7.3353486598456445 3.9816820042461787 25.14124650250551 -7.136000519327691 4.5449153485181535 25.592413819819942 -9.518312278915657 3.641157720456402 24.589751062546927 -8.198756081143792 3.993409246528245 24.359850831155846 -7.728598412838832 4.607092761393925 24.85617999365825 -7.549809433292863 5.085525188536728 25.395014831393652 -9.592504687980485 4.277756274250229 24.315790805949813 -8.530208278688967 4.594720373035634 24.100986096396316 -8.157566636800237 5.027969675125532 24.584180775441013 -7.966104273624091 5.374220655885259 25.046937511693166 
-11.131072867163432 4.542781275635417 26.46212759406398 -10.485038465591556 4.097370616282004 27.127414391353362 -9.557070091186525 3.5535470416956265 27.324680815691575 -8.767737817484822 3.1019888787282244 27.239258254290696 -8.13348052237317 2.495753552707335 26.99750409272765 -9.247067415430523 2.7389465544298037 25.889128491080946 -7.842925338658012 2.9693750731383046 25.559895587715648 -7.2262931146731 3.5018553213204053 25.726950893291253 -6.825705896518588 3.974966132851275 25.898017304489482 -9.34973421902031 3.1293349134769457 25.114492046041686 -7.88775059318004 3.439229797256652 24.775857681219367 -7.3148050178115325 4.1201436152132525 25.16608515241846 -7.08841499110884 4.684246140290462 25.60623381515251 -9.463591874850774 3.6798337982694522 24.601402422200984 -8.180949383067745 4.072866603547276 24.347736163346298 -7.70296687967528 4.704362841837856 24.83863820112303 -7.484530704456544 5.195626469848809 25.367647459847703 -9.57907579430116 4.291158372472286 24.321308166339886 -8.53911613966966 4.637960794668544 24.072373070823147 -8.165773645610916 5.100247722122002 24.543017893730287 -7.95523347086933 5.45792465645238 25.02133685502584 
-10.936412030055932 4.471075373530564 26.536768252494497 -10.174243705570149 4.049791092068278 27.12747301547013 -9.178836233860146 3.600175973244105 27.285039495466727 -8.319042703221106 3.221711150591022 27.143838323529884 -7.6172951872882315 2.6598398829758745 26.87280332968333 -8.78469197177885 2.862573315036572 25.79480339357313 -7.459149456521542 3.2106276718610083 25.476810634973187 -6.818923541009719 3.7571849514133766 25.63635406510492 -6.352314457246418 4.227068708439602 25.77814289569727 -8.9286924554936 3.2310839811220156 25.034769635519837 -7.496918261318041 3.669974230503099 24.67999431473389 -6.959519244037198 4.3904696249401445 25.075196068211216 -6.661511163143967 4.945639634449156 25.483762861724035 -9.113165854305421 3.7745098791893366 24.56336876593832 -7.832726108282779 4.241183551979439 24.27191147031697 -7.359412616869336 4.888965751164315 24.748539791778374 -7.086410566706754 5.373736014773411 25.21481380544729 -9.275720252074695 4.391688887494921 24.299055904003694 -8.28957121867034 4.7795892408054845 24.03206456781586 -7.915554131305204 5.264600980990402 24.504588269965385 -7.647542688918119 5.627015436221574 24.935442440726828 
-10.778598299102221 4.25888389020253 26.52325752314312 -10.090457842957303 3.919554119706449 27.141148474754562 -9.062143334081522 3.5929299996139026 27.332927323552425 -8.177544514213196 3.460301273797947 27.509014258588348 -7.4926425960901275 3.2557523462838454 27.7247634623204 -8.619072932678005 3.3213654989290786 26.289175348635858 -7.291462822423591 3.727366407346937 25.99357717331711 -6.59151693848348 4.261003094636858 25.964204088014935 -6.094546837098256 4.744372776351258 25.986012885028877 -8.746383158107054 3.697164020322834 25.522030739872122 -7.348803399877793 4.110637019774508 24.89940185287272 -6.7204454603185875 4.742575999772389 24.980625605991598 -6.362970624041272 5.256641505793152 25.196006692454226 -8.973009553050192 4.168979244577986 25.000287529232896 -7.771690968665995 4.6086845006078985 24.49962469563455 -7.200812576781217 5.217666850622893 24.664345396631596 -6.8220663977465925 5.64690006174073 24.899010684630504 -9.235991119697628 4.683857702379121 24.697006526804632 -8.20475645377418 5.019199982368928 24.189534703143043 -7.759237516137102 5.468867114737677 24.346977896025532 -7.4252568311774105 5.828894662149157 24.575689242684803 
-10.743851761137224 4.202625665735324 26.979542985187468 -9.9476133965721 3.889153421646057 27.56145807899723 -8.86891252552944 3.63756405975603 27.73269310985015 -7.965864752596772 3.4959955803682745 27.76413772198069 -7.269167325080021 3.319265988242876 28.046269801120463 -8.388323515261197 3.5164205689856916 26.492527032687214 -7.06606737579608 4.026875258456718 26.221428897418644 -6.391860991388422 4.56171104219506 26.24199847820617 -5.9377317553109865 5.0074063332485 26.296498327403754 -8.538662529848022 3.8726447377346602 25.725383825242723 -7.234216687081114 4.253110259482863 25.040435439192745 -6.60002722235539 4.89326374426642 25.178178892943922 -6.242763636791744 5.387814908519313 25.50521052940043 -8.812565620083095 4.3507546123633745 25.264336761681495 -7.680071456195772 4.673061163185616 24.59649275288992 -7.122361656244293 5.312276427433365 24.799978378513995 -6.764917373817278 5.784586256136551 25.148174381361702 -9.171507337212736 4.8519852250018 25.03465227417349 -8.195555882889508 5.090821218651774 24.31319814187125 -7.743889555549828 5.506528186614261 24.39796187564734 -7.44944528445957 5.867767596367236 24.69716638921172 
-10.055521403438942 4.113469730608695 26.787910740451164 -9.251919707418116 3.883555095749689 27.535751766474988 -8.184707539466094 3.797100468828175 27.88986072784625 -7.256628994285998 3.7933682252497514 28.043337397202585 -6.545944651744321 3.6818020712995123 28.36401226574671 -7.580061078451089 3.7128689247124 26.509137780301195 -6.439101968589157 4.288866126258578 26.37819568743855 -5.832071171195159 4.839217263613833 26.352028942819878 -5.360696916736734 5.2669564560317985 26.298484843158786 -7.67756539157677 3.965438795927317 25.677877628230554 -6.494638463235838 4.383419241229541 25.03120353405816 -5.911937292983745 5.000081435481141 25.048311472026764 -5.581722611059514 5.488657441808768 25.296799515034984 -8.005596066298954 4.352444759093206 25.24224951555058 -7.020925785766745 4.731938856352246 24.643433500010286 -6.581265883125239 5.344904203782427 24.802165335715635 -6.278913125513247 5.807662432931824 25.09095776558496 -8.469424525878669 4.809504578885855 25.064792824050066 -7.73334562639779 5.177156891138916 24.434490602699242 -7.356222180741847 5.62579349652834 24.412243244916603 -7.091842420482582 6.020810634046411 24.633523104167757 
-10.049083303036682 4.356066650279469 27.584648834826332 -9.19098066670564 4.286202958235593 28.46635776712786 -8.064652295153314 4.298705559593913 28.78322499025375 -7.102661673074337 4.415005294987016 28.923287553696547 -6.3271246640961865 4.41192927258424 29.096321890413922 -7.618064522044225 4.363700536383393 27.684478564361427 -6.339115215432129 4.964678489399564 27.320334216010885 -5.6259100716028545 5.549973259088896 27.153957701574573 -5.10568215902956 6.0591186086520015 27.048286991827823 -7.760431369308903 4.480465603095474 26.721768132097157 -6.5273043458531355 5.01826559370226 25.970313172606964 -5.809708464745166 5.709355350852948 25.81994710826529 -5.361822096086436 6.31990992677154 25.857699270586597 -8.092193841202707 4.77715794984662 26.1616089276144 -7.103757969551726 5.2490762625815925 25.53558352022315 -6.5999178292024485 5.914630335213479 25.517766409396323 -6.260791445258627 6.431389712952856 25.633857019224358 -8.576695607862101 5.195456568456195 25.968277521350025 -7.753064567751345 5.63735767383008 25.21381973092301 -7.3190962354376845 6.127232698865537 25.05020770603998 -6.995504722146792 6.579383236019923 25.102785088787 
-9.830485699935185 4.369030584342317 27.36499111688145 -9.082897427337736 4.335467603184524 28.51992634476011 -8.027927891498262 4.4902913991332705 29.150791690889598 -7.131900971296403 4.584665286819418 29.50852170563863 -6.424766493294512 4.470048848972395 29.914320988369962 -7.5073173987754505 4.612740337789615 27.8859641256546 -6.228479213381584 5.175714101475344 27.43040630934298 -5.5387438551803845 5.711780263875599 27.229315937178978 -4.993321500068532 6.17885786752084 27.041078111212535 -7.6260841948690326 4.719354516427321 26.907798496719803 -6.3904192129358135 5.287196342891768 26.212948197660705 -5.73968769560416 5.924105896343712 26.025160697034188 -5.27930545078399 6.50950413814199 25.966183461032 -7.983886328461483 4.962628611854374 26.345056246021024 -6.947945299787626 5.436887685834174 25.62046496865287 -6.506131414565486 6.045070518026061 25.603287594811533 -6.197628069131587 6.562742101273018 25.69301431584406 -8.469907533709714 5.279303825471225 26.03628329719145 -7.667286756280078 5.725070005175477 25.274876740374467 -7.281210282050506 6.1662729418936335 25.14154503678826 -7.002846222899068 6.641400047774819 25.232520239383827 
-9.557799142526076 4.357703922677825 27.220256822403623 -8.82338494532981 4.4479038224080645 28.436277336975152 -7.8003875724258736 4.698448070697598 29.095623124647506 -6.945030003965131 4.8381470427363364 29.535748979932023 -6.25906092208525 4.697849213717806 29.947906970942096 -7.208861046763934 4.753337131582715 27.729347636290083 -5.985834953797632 5.365716353197473 27.275426769013695 -5.336050476829201 5.902767473008982 27.060439985426125 -4.87749320308991 6.400880959761787 26.879271156664053 -7.330269641409651 4.812694632309748 26.750484835670854 -6.163942136476782 5.469843545180178 26.055616762478458 -5.633913879657206 6.127008965802367 25.910110933333385 -5.305258804187677 6.714214190749889 25.860931566504426 -7.711356278948699 5.022654483805442 26.202172458701654 -6.697767608557994 5.568163400767834 25.480450428433507 -6.287793271558752 6.173036663468221 25.46983868395131 -6.013251508290283 6.725294840568568 25.6016340675291 -8.262003996026536 5.308849349778205 25.91342606973548 -7.532130224430497 5.7690334963507235 25.22479837166391 -7.2001211996829255 6.205920014893778 25.13590650546108 -6.973111951866849 6.682911147793199 25.247373008942976 
-9.579442634827759 4.380964940662916 27.114167175787358 -8.864094429588103 4.526409790087086 28.34428375528973 -7.780895155856359 4.815611167440298 29.009160801729482 -6.909347880452278 4.990833338711374 29.469403554577188 -6.210054366187682 4.896426014563542 29.92813250323331 -7.269810757031261 4.885629215020895 27.735880412233584 -5.984802070737393 5.499934272581788 27.238789313026754 -5.2795235172174735 6.030926554918189 26.999677452581874 -4.742292378634506 6.481131390158529 26.785942015400416 -7.361000559178982 4.90291346486261 26.689138920099587 -6.137566905758784 5.555622224213209 25.980605416365016 -5.588314556828456 6.205528548751381 25.81380011461068 -5.2378154873297325 6.774814682171627 25.71918724594131 -7.70904677497905 5.073672364697795 26.08225316369021 -6.704472938416432 5.653213612307014 25.427167772146536 -6.301586507723608 6.266104588303239 25.43580308577072 -6.064049522560605 6.808290897194872 25.60819717617648 -8.231637473981356 5.321090856272079 25.753529573518176 -7.446356404654303 5.7916144172069055 25.071701357213986 -7.13449199706371 6.230207735586911 25.037662652778913 -6.9271633467374345 6.691637242709517 25.220419005086487 
-9.613148325625735 4.477564919811469 27.18311765896231 -8.86400944637386 4.571876384040323 28.37390378968676 -7.787926762212482 4.843024320432731 29.045809522844063 -6.8875180730242915 5.030935701368551 29.464735136444173 -6.1714984827329475 4.932315436831107 29.914619422677298 -7.247510880856993 4.936845723166717 27.711629206840463 -6.017287994342793 5.55313266176959 27.32169660748069 -5.312160427590954 6.064874531164173 27.092917390543825 -4.779853165165918 6.525526209898303 26.89627239604832 -7.340908597325934 4.9609474724497975 26.666665578402217 -6.1444391593400995 5.608329906802819 25.99470663506973 -5.599298702910941 6.240689892142492 25.862635929980332 -5.283690148724117 6.812442359018146 25.836718422046584 -7.696106371850533 5.123032047976276 26.072162951993 -6.662877965269743 5.677613961737631 25.400892102848037 -6.242229179482018 6.275715124582109 25.38075237472526 -5.9833428310995895 6.8033564102386 25.52916990006514 -8.223607961731352 5.367298090878929 25.731513746961337 -7.43227927184856 5.813210006354386 25.079961416837175 -7.1128132000608995 6.259378579156297 25.03448235767664 -6.910879990765987 6.715604265320181 25.203870054771514 
-9.498058885274574 4.466575449440398 27.160054147718192 -8.758366278853707 4.564660042076199 28.354313300971146 -7.696610933997252 4.837977036261415 29.029350357523917 -6.816708314616014 5.011645335832668 29.46579697196752 -6.099205280483063 4.912442129623103 29.91313264995928 -7.12256318980213 4.913842391136507 27.634283824726705 -5.930033939728572 5.551448549482487 27.31667349974091 -5.256320708163056 6.087574382051738 27.10770943670253 -4.762506895362949 6.557416742774105 26.935887294259757 -7.221609112158937 4.93248480316265 26.619697233478263 -6.107473831528529 5.595054041298021 26.020544127125575 -5.582608427076817 6.24079574910229 25.864361005870833 -5.274626166762188 6.840342449593355 25.83936841882824 -7.607419274863155 5.085623944073202 26.032543420277264 -6.62830721670262 5.618361372894798 25.43084547284278 -6.210940348583675 6.234142511715526 25.38694206601442 -5.9619771853079575 6.790071499617284 25.505813959311688 -8.174006784399868 5.332784220733099 25.746497118935444 -7.423106259289073 5.768031978584378 25.10412518888643 -7.111257502567459 6.216781588002379 25.045351719671665 -6.902569230508766 6.696798174073125 25.20993878643387 
-9.56252653045014 4.504532134235832 27.386662345176468 -8.789344865699968 4.602201855190806 28.529019693613527 -7.723603979466055 4.865190851928034 29.1903135997003 -6.8152247351593935 5.033988339538488 29.5960948166494 -6.103985626712528 4.951853445920509 30.066156452697562 -7.167043801324645 4.979847539549256 27.83271533689889 -5.947199416358457 5.657521823873648 27.448090243953548 -5.238160685085494 6.178471484918443 27.17367007649933 -4.717235849218555 6.649722412140309 26.964759431917276 -7.276404468470262 4.971877451499892 26.81001246479456 -6.096013306815609 5.616980220419858 26.099664571224118 -5.561350957547854 6.252627061102618 25.90089740709678 -5.250042767054708 6.842292450619632 25.85203533244583 -7.650649377466126 5.097223300669552 26.201305088183965 -6.6662201908239656 5.641990994792441 25.51363981372144 -6.232366476631768 6.246804685659265 25.410142324219922 -5.98121948825541 6.783998703692687 25.49899681539622 -8.199951683094202 5.316338746482773 25.87890355768739 -7.4470174867113546 5.7651027705874505 25.17519144898455 -7.119946228700908 6.2047532432026635 25.07991524284821 -6.922332681810466 6.674822666072034 25.21800146182955 
-9.57616313335243 4.525574340344363 27.448004891671633 -8.81360341646598 4.621079378707438 28.600910682677608 -7.727289760658657 4.889846416991994 29.261702724167154 -6.840302768953442 5.054081025927781 29.68875391473228 -6.099033690090059 4.966484814748843 30.108029219511543 -7.163473060320599 5.0067043282124555 27.853015797070938 -5.952529592287608 5.65842479541504 27.46697538081081 -5.262554540021834 6.185020839519955 27.21697339070256 -4.736125653671716 6.655503115657293 26.989194322127112 -7.271045863336972 4.990577146563979 26.828752758027058 -6.117083356024191 5.604194908741015 26.164401954953846 -5.566046034545832 6.237480659874862 25.91160312353123 -5.24408599968208 6.840178252911811 25.787675986396135 -7.651388487593718 5.100452809406526 26.231520114220626 -6.690211168649808 5.620843421965608 25.571679373238837 -6.263460833993351 6.213105021150302 25.448188937274352 -5.988666734057331 6.753517710512741 25.473000544899897 -8.20947649050395 5.312117879409928 25.921752797349658 -7.479508228351408 5.745379362468082 25.25187500298242 -7.1616367865030455 6.170580198533509 25.130179925539085 -6.931748162872016 6.632711992486616 25.209892300482327 
-9.553145772055498 4.491121255439408 27.435218073026213 -8.796816806985383 4.595921584342554 28.61462015771692 -7.717294677039433 4.886429821081329 29.275028735355882 -6.819383939166595 5.077334707127947 29.701915690712177 -6.107780717539144 4.985849539000695 30.190495615347526 -7.153152902302894 4.9829385270204485 27.88511184476523 -5.9461388282268794 5.637751847528789 27.4661675173055 -5.25177277095027 6.16340204381725 27.19762859473412 -4.735879122988426 6.638644869488971 26.981921061939303 -7.267539406160687 4.971448740913521 26.853297993634534 -6.1116683077363065 5.603302271232092 26.14644267065666 -5.5591836956095335 6.244887618297864 25.9002142632597 -5.231084791747627 6.838519900828805 25.805186392260616 -7.651388487593718 5.100452809406526 26.231520114220626 -6.68504227031807 5.636133793931692 25.560727589955764 -6.279921670140191 6.235804915309588 25.48345985330289 -6.021092112213911 6.781661136216308 25.56121183586795 -8.185917592698857 5.300236944639899 25.897036216124704 -7.472018239017235 5.75321479663627 25.240197010855848 -7.158147217526081 6.197492644079895 25.149114384429463 -6.956067883550741 6.674481448017051 25.270118759867156 
-9.520036827034465 4.448493033764765 27.40095018235743 -8.758060895238671 4.560272829194019 28.55767861798706 -7.686053914846184 4.860107446437362 29.244964842730642 -6.80302985851122 5.046172827514058 29.677713420451333 -6.0775737652955115 4.971731495018318 30.137969520085523 -7.125154213667451 4.978039559067339 27.83885234246887 -5.929446150695343 5.642501371065967 27.466064772980843 -5.252190377692447 6.180289110847623 27.2050311020386 -4.740691311560005 6.656913654461728 27.007254007406818 -7.23954755154091 4.972088613075148 26.842135563647197 -6.1246161843526 5.612835738348822 26.18313108068172 -5.56757551172617 6.256020028109699 25.94163399952785 -5.229133857232281 6.847234294369059 25.81138809222535 -7.635974205662475 5.085891437268561 26.25143868321143 -6.68265714691917 5.634388280613964 25.591165921336554 -6.273693402950711 6.240780482268249 25.496478309254595 -6.017692161667492 6.787695457661399 25.544119788434283 -8.17072601560566 5.294983028101445 25.924125616812283 -7.478499105767947 5.754312899925893 25.25818980523205 -7.180248019754267 6.209952866053255 25.172282238260227 -6.96994443042687 6.6783980839967585 25.275085663645118 
-9.544824415347477 4.506845700378015 27.46366318571021 -8.790021011709337 4.600988700531245 28.629883584416714 -7.708344789668317 4.873765906911437 29.28115102385375 -6.789908037012523 5.068725444881419 29.679660153437993 -6.082735351475123 4.989659069982012 30.141445052535182 -7.160539667871918 4.9745486328221835 27.89810772351492 -5.943839059163698 5.629572948653187 27.465121019098184 -5.262137743123391 6.168124176686279 27.209561285820772 -4.743505448269868 6.650279141359988 26.976610162073186 -7.2681646294647555 4.968006587651942 26.879632164792458 -6.129854936511996 5.6166261175929435 26.17634755654019 -5.5742901805972815 6.251014918364543 25.928877986128914 -5.221993547873656 6.837894512570195 25.793308085023337 -7.6445027833646515 5.094226225258398 26.27094258735691 -6.685717469642207 5.652380072656782 25.56758378048757 -6.280451248532424 6.2521519807665635 25.49027796813349 -6.017692161667492 6.787695457661399 25.544119788434283 -8.16427175262726 5.308942498721405 25.94482696734695 -7.479379897920435 5.770630449762314 25.265020342190617 -7.181009571033103 6.226338632962481 25.17908142925114 -6.972602506724885 6.702428764203203 25.282401300922547 
-9.548747060174334 4.500828042255356 27.489441864018346 -8.79312270568136 4.584796478262803 28.648623971131126 -7.710534307650233 4.884177498283314 29.315326976924943 -6.801268779691081 5.0823201473408925 29.700745270824903 -6.073073140690634 4.989196885715703 30.12586434944306 -7.1766279766283425 4.997589572571082 27.943968948427433 -5.977621078341349 5.647287399549844 27.50385706419989 -5.284048228942954 6.1816950344614865 27.23550764336774 -4.754797262357317 6.644418643729911 27.006387754262537 -7.28411602088576 4.990909187724347 26.92352533086085 -6.145580313307446 5.602908683273564 26.223314853638197 -5.598095588212697 6.241069882038057 25.962790203663328 -5.221993547873656 6.837894512570195 25.793308085023337 -7.680413365079429 5.114109938081502 26.337741261234616 -6.7147186150897396 5.635139762538879 25.618822362223977 -6.300946450130711 6.232156721039323 25.500016844999806 -6.025563719159105 6.773660437893997 25.5248863816139 -8.216983448719963 5.324269432405684 26.010227297399663 -7.504531343284731 5.769044779768581 25.30548217782118 -7.200464993819172 6.215036835986541 25.19502628522968 -6.971919141081945 6.685863384234532 25.27554453224481 
-9.519550101689456 4.473884557731513 27.456912420141695 -8.778770122100727 4.589457702232627 28.642661845011254 -7.689524374053588 4.888320710330105 29.28767858012646 -6.778606508781278 5.077608544703466 29.671407880959336 -6.065992172345398 4.997693862216267 30.112035449321375 -7.168328450173745 4.985394772828159 27.950130694232485 -5.97120303206391 5.626592199500306 27.503041722287723 -5.300222307008655 6.160281193070418 27.228183402179834 -4.773434972213307 6.631440639263833 27.00012176529383 -7.278474936694068 4.986883035865696 26.930843287254756 -6.143783054484038 5.60111501622229 26.199759726240103 -5.576068082736742 6.2423624115537475 25.92266231663856 -5.219031558119934 6.827627979333849 25.7696939206687 -7.65375191720457 5.105774850879985 26.3207652266982 -6.703902059947374 5.630265212056877 25.60794459302004 -6.2962249422252174 6.228340699123913 25.50679302896408 -6.028177384415342 6.762614699541162 25.54285489309468 -8.206882542586149 5.326773314306805 25.999675796218874 -7.5008818770993235 5.75606068939036 25.306465980644916 -7.197121376831567 6.202068576516497 25.195826942926633 -6.983985489906837 6.6676693918289756 25.274733843219938 
-9.601190323221067 4.546097526133081 27.52136548298944 -8.841285952084045 4.659632988824557 28.67896044211038 -7.756331423082055 4.960339095746641 29.321264455008137 -6.825889852452641 5.155607965931562 29.679441615697982 -6.1007472553785425 5.076900468183044 30.112297285556227 -7.2178365305636305 4.978821227953548 27.957131785761618 -6.011830062951615 5.622270998292437 27.52091616431827 -5.308284483999864 6.1568231534290145 27.239155505872212 -4.778741787984023 6.636774312857622 27.01734285870737 -7.346297673129976 4.9930879761500915 26.967735443701027 -6.18257611277345 5.596962276507617 26.215294584036 -5.603042471822481 6.244731277558766 25.956247248835506 -5.214862355371784 6.8285685479863245 25.77525147731554 -7.724454607239272 5.127046830619262 26.35705001744318 -6.752819949832324 5.658505731470166 25.648374186670285 -6.321041501860458 6.253681634808395 25.52971143864027 -6.033617348889928 6.799391458767817 25.549906422295997 -8.240088229852892 5.348910431973681 26.011635695516343 -7.517744660677795 5.783387404967419 25.318767405576676 -7.212955124508285 6.2131953009352605 25.201190104315565 -6.984679306885236 6.684228954917749 25.281584870385444 
-9.624781015521187 4.545601161504413 27.470852255702773 -8.869269409272642 4.696333507006853 28.65232982882903 -7.785484023562888 5.006986084027758 29.30420530198523 -6.829484049004299 5.198026129792343 29.64056699967063 -6.073978728963999 5.101760489583756 30.04991536942325 -7.25142134593079 5.020804974720941 27.986751195267974 -6.019707347432711 5.644497238242226 27.546247213930567 -5.325990637233899 6.1709247720436435 27.270619953813274 -4.797990073490759 6.659456120567706 27.04919220224969 -7.371242574269194 5.016516539252361 26.968285598556708 -6.193901752739032 5.618096837695903 26.233617319413554 -5.6192142927861255 6.256479422118428 25.962500314599797 -5.251742465272171 6.854019673187768 25.80492813785409 -7.746538510859059 5.142371604106583 26.35592381123222 -6.7798159468746215 5.6746314119823955 25.66514852296291 -6.34944593701248 6.277829714479632 25.5469669385975 -6.045342927053375 6.795839316114508 25.554608003825837 -8.278980924594824 5.366119966744591 26.009318548099383 -7.5328163540155835 5.788312793315903 25.292472200905063 -7.219372264666845 6.2245657793930205 25.194518038702753 -6.975872907277472 6.700796510718207 25.276463747599518 
-9.620536072032642 4.577228074938271 27.50132156394825 -8.85431177812772 4.710365340122552 28.653567083200915 -7.757745032693211 5.008923207301587 29.316951347620478 -6.825935102825189 5.213097393522571 29.683057914373165 -6.0902846219686575 5.103373598261433 30.112684148619024 -7.245142923139502 5.020215764518487 27.966863110858924 -6.0267381058387866 5.636585974104821 27.55866056124211 -5.311280866212407 6.166702943233286 27.264066602313047 -4.800125266337969 6.650761386415594 27.042827384890877 -7.356110140141765 5.0128848569414854 26.962187511612935 -6.196011686553842 5.625856671445159 26.234371239429226 -5.616248848637195 6.2629851242614905 25.945529628714937 -5.249019831632799 6.860212524667143 25.788116635971292 -7.748523237003961 5.150047106323787 26.356674865318638 -6.785747573469449 5.6756146726289245 25.683093770027273 -6.335512441027537 6.273946253831479 25.541759729973666 -6.019796070763994 6.795319640496455 25.54466390842599 -8.278256623999976 5.375237543900068 26.015877496145155 -7.539259560530757 5.814780646125211 25.323751524641445 -7.205086431979866 6.246244537515354 25.202781697279672 -6.950112496416646 6.700426150015501 25.266995458522935 
-9.660133351470193 4.634556534036377 27.53173058933726 -8.905745890479075 4.76928887029337 28.702746539832212 -7.799720416117398 5.0606739470296205 29.345642126706544 -6.859317510574312 5.221483492457953 29.699702275890466 -6.1053477235165055 5.116652566217159 30.12860733078002 -7.271640707307613 5.04104320950915 27.99589248719865 -6.041860386753637 5.640624707185076 27.565358154462515 -5.328572082252736 6.1638809002012644 27.288121401108974 -4.7858001046413206 6.648265501091991 27.059920292267208 -7.390555223371321 5.035916728274077 26.976185822886674 -6.215277777357835 5.614116024370839 26.25106899816659 -5.633226438893595 6.260475598826379 25.96806838897934 -5.242638417012019 6.853398061733284 25.79305328386887 -7.773084943020889 5.1786732197424135 26.3892728611581 -6.815355192779236 5.674192032441539 25.687289373175265 -6.351039784071118 6.26399508023965 25.56356535557407 -6.041583508573345 6.797118784744528 25.560382012174237 -8.298723019133739 5.401441729996 26.02316877115462 -7.554332997343464 5.8094001455082696 25.32233341962625 -7.222643805626218 6.227535659736761 25.218286586762808 -6.9738952995384595 6.6933295254157255 25.27600389341857 
-9.63454699897421 4.644894535276038 27.4412210407989 -8.899412081259566 4.7928808228359525 28.624875838095612 -7.808390978558477 5.074738977820003 29.277611901674387 -6.846155673912348 5.237071870466808 29.639587594497698 -6.094441812926233 5.115561871984576 30.086694918382502 -7.298787442685343 5.059671861233205 27.96359132098239 -6.053208003436354 5.634958503598352 27.546458004611306 -5.330490058216933 6.155150017556882 27.281666543362505 -4.790074316975185 6.630889333336854 27.047197234883534 -7.400653136556541 5.050222800645963 26.937475263589903 -6.239137232230843 5.637266722497375 26.251483473518928 -5.633226438893595 6.260475598826379 25.96806838897934 -5.251742465272171 6.854019673187768 25.80492813785409 -7.770419585510234 5.198683397930311 26.313210473112804 -6.812102667838594 5.697087639421022 25.67685695126418 -6.351490382751863 6.285399839055168 25.54752981260888 -6.0395820796583815 6.8175368874189815 25.574422966796618 -8.287256977260766 5.434568554667088 25.967090740983743 -7.542132946738602 5.8234873301038315 25.293022919889662 -7.205086431979866 6.246244537515354 25.202781697279672 -6.951054216917259 6.696206000635973 25.290349264064922 
-9.64433421063795 4.672158112225999 27.476983434648538 -8.906494915656976 4.802862961682763 28.65342623240267 -7.820953823424806 5.085358457782767 29.32745234560443 -6.8835159624179125 5.252100364022518 29.712668275560013 -6.147364179314676 5.1251068555013095 30.1353842213551 -7.294523365626103 5.066109446560201 28.00340764351912 -6.056990921481404 5.644665771446541 27.57205940364918 -5.327908753737444 6.16219498750973 27.264169950413017 -4.79986225216111 6.633866717041226 27.035520079773203 -7.4134091641739035 5.051487110234496 26.975817099967564 -6.232378471037892 5.642142842608647 26.26462993099535 -5.6375605366917245 6.275990703328055 25.969444042500644 -5.267735847295332 6.865974658595655 25.811061536726168 -7.788491423842863 5.193281928252376 26.369202583021455 -6.801901989186579 5.686848787984189 25.688961775414583 -6.335512441027537 6.273946253831479 25.541759729973666 -6.0236384126314055 6.8058217197227835 25.568616738803637 -8.299615953383098 5.428923211644422 26.004337245856995 -7.563663893990414 5.844623551632959 25.322899894603744 -7.219772382041405 6.266412556286607 25.214494432717377 -6.95501923811719 6.711153597351181 25.2912762150911 
-9.670269806680675 4.6769889953408015 27.46253527799963 -8.94193212801631 4.818620922899029 28.669049894549396 -7.82849100214685 5.080109604381049 29.312607611654336 -6.888064702644239 5.220024325807812 29.68805301809296 -6.1644633086355345 5.11197495620481 30.161780209634607 -7.313683663371065 5.069122429027487 28.004577966647457 -6.054691688919184 5.636459605293907 27.57100404221828 -5.338357330028281 6.166945244857584 27.276180448597028 -4.8075084114347115 6.645532594678075 27.030198869408178 -7.415494424454749 5.059371397337436 26.976712699057547 -6.2232458932502634 5.642154539595501 26.252111569617508 -5.626715270818538 6.284341229212448 25.963572713551688 -5.2616272799246175 6.875667444839306 25.822861655842974 -7.783784674668304 5.200202336187199 26.35101794979223 -6.801609115313386 5.706136400542181 25.67092558825159 -6.328346316669322 6.281459634940077 25.530343835894694 -6.019864538861417 6.807092091735567 25.574385204957103 -8.316230580707046 5.440021732631872 26.010300266336674 -7.55978022143033 5.855214697900643 25.335117330537194 -7.209111295383367 6.2656561889935665 25.233386041080802 -6.944052346101648 6.710479273270084 25.31012901635514 
-9.631789036362425 4.686892241011365 27.437388137337685 -8.871763468336896 4.8292587604012756 28.628615697311748 -7.79771210223387 5.10798578067582 29.314185779207655 -6.867873212964226 5.230954669434067 29.72235160408944 -6.139282738804945 5.0955284361539706 30.184455160648245 -7.290432874882086 5.073705936753932 27.984595478128675 -6.040223447273686 5.649436693987238 27.57194581573895 -5.325990637233899 6.1709247720436435 27.270619953813274 -4.800125266337969 6.650761386415594 27.042827384890877 -7.393979363020051 5.055090912144504 26.95144249818683 -6.222646281987617 5.625699161200087 26.245023188133224 -5.624154720083466 6.26015141737691 25.955959804848156 -5.259139295565422 6.851381618338034 25.81536333316585 -7.768963111424324 5.196637682832733 26.345409092206697 -6.804161903299581 5.688548773986593 25.658293382874085 -6.335512441027537 6.273946253831479 25.541759729973666 -6.03536954281305 6.8022694021988706 25.573329070373262 -8.299615953383098 5.428923211644422 26.004337245856995 -7.567345329812054 5.847376906222748 25.346869286860255 -7.210269533036898 6.25663650948336 25.22703182792118 -6.944052346101648 6.710479273270084 25.31012901635514 
-9.648092954814887 4.697405024503339 27.485919377762194 -8.909177820480897 4.847859560462497 28.67759259106469 -7.816764976810821 5.122745794793139 29.35653391167497 -6.879274077358579 5.244737870846856 29.74357767260015 -6.135948142554024 5.113582522090477 30.19875596357383 -7.2966665332883105 5.100625433591953 28.019353193245486 -6.036941504400136 5.667070164063474 27.585135654112708 -5.319792656171334 6.180185388913307 27.282537136541677 -4.78119900260243 6.646860122607941 27.041800599825 -7.400299675426127 5.0814618425862 26.98474128401755 -6.220220543358421 5.659550754646505 26.264796070928032 -5.627923048524833 6.28652704623272 25.98682016045762 -5.250568964512253 6.86527531164593 25.834187159368433 -7.776717151788729 5.214062484655117 26.371627247250526 -6.801609115313386 5.706136400542181 25.67092558825159 -6.3459080299170205 6.279091426647004 25.55270015413049 -6.052641491684016 6.800319131785343 25.59572481821098 -8.29398626120954 5.4338918537403975 26.018638012129855 -7.566352548512603 5.85637818888075 25.353242311002525 -7.221114960558276 6.2619999219289495 25.237825561868338 -6.967881365562547 6.703384446053808 25.319188343670692 
-9.658275708155012 4.689335436775263 27.458204803318846 -8.904318799204864 4.846153503163154 28.65021484571609 -7.814441962000119 5.11200502871313 29.322062942139823 -6.88318522925395 5.244354961152805 29.737910053493604 -6.14020702682166 5.113545916878049 30.193335739455886 -7.2966665332883105 5.100625433591953 28.019353193245486 -6.036941504400136 5.667070164063474 27.585135654112708 -5.324727301007699 6.18135183103341 27.301044641957855 -4.786058362605711 6.665174059875451 27.067239013599114 -7.414386304673345 5.09405657972655 26.99748121589767 -6.2236229255711875 5.652699545519215 26.28215022029063 -5.632672988236709 6.271329431609976 25.997567074007893 -5.252518910533168 6.856544892631003 25.827965969284566 -7.781965562736183 5.218175857537009 26.36412673956279 -6.804298487916631 5.708388645953789 25.694611331129632 -6.351590003815779 6.280404283307333 25.570430888854485 -6.040891517200074 6.803872974079325 25.591000808192877 -8.313593216704964 5.441612748613628 26.016230338133045 -7.549354910930208 5.854346841924009 25.354149868941 -7.206021790754066 6.26726406129547 25.239272139013526 -6.954658770029973 6.716035072802631 25.32106404005643 
-9.672493593221612 4.6754448235221036 27.456420036833656 -8.914239836141894 4.855059609511439 28.672794213711224 -7.822599647699792 5.1306449390598985 29.35207156927637 -6.884274452826888 5.262376034792668 29.746677234231264 -6.1385390154832145 5.122577936353047 30.200488704273855 -7.297738137759609 5.117899073805206 28.02733394019564 -6.057505929175919 5.672039266937637 27.610905680726432 -5.3296660104845985 6.182519393669851 27.319569357218995 -4.7858001046413206 6.648265501091991 27.059920292267208 -7.414386304673345 5.09405657972655 26.99748121589767 -6.229139889599679 5.653619424740562 26.300273595832888 -5.632672988236709 6.271329431609976 25.997567074007893 -5.252518910533168 6.856544892631003 25.827965969284566 -7.781965562736183 5.218175857537009 26.36412673956279 -6.80301781016871 5.71719289627044 25.700945378550188 -6.349545706613307 6.272827644473945 25.56986606667133 -6.059833101841708 6.793004989266847 25.60709059056423 -8.313593216704964 5.441612748613628 26.016230338133045 -7.5756771619412335 5.85418849791231 25.363552660742357 -7.231977206989235 6.267375182328823 25.24863932922057 -6.966582421174009 6.712491861783496 25.325601162148054 
-9.68559919325413 4.708793587315336 27.48995418464451 -8.925203166931418 4.861065115512689 28.69206983927899 -7.835921314361315 5.1354119653427714 29.3658537669507 -6.901015107994843 5.266596470481641 29.75504357858183 -6.148179741810316 5.1353502868770216 30.19545161681971 -7.304940343064872 5.112870110486475 28.013149150867303 -6.052084192429733 5.671129685258662 27.591854900663648 -5.3296660104845985 6.182519393669851 27.319569357218995 -4.783658330457974 6.656958066013885 27.066288217806402 -7.421065203052695 5.089173827933906 26.98349276274983 -6.238030217130529 5.656523986824764 26.287885846921405 -5.632672988236709 6.271329431609976 25.997567074007893 -5.252518910533168 6.856544892631003 25.827965969284566 -7.7968036725718335 5.221753868743087 26.369749226304084 -6.812511692649918 5.7110891350720765 25.68189906064343 -6.3459080299170205 6.279091426647004 25.55270015413049 -6.040445371760376 6.787328031707594 25.584130190095085 -8.32829958204618 5.445161956049851 26.021552817084814 -7.570988774409474 5.860434855858805 25.345927845355188 -7.233128264212875 6.258344535363286 25.242268517966874 -6.953979316513904 6.69945068749766 25.314191528134064 
-9.660963693223293 4.735818110001694 27.4459312911818 -8.885558752880398 4.885704748125855 28.639808741363304 -7.802778918744535 5.152537592563977 29.33292420643219 -6.881136100001234 5.285322814340445 29.764130186431665 -6.156272595213123 5.1449105036089895 30.218253718768246 -7.299765871079379 5.1031852241682785 27.986345350722363 -6.044368489256012 5.662012004831582 27.57177174416487 -5.324727301007699 6.18135183103341 27.301044641957855 -4.781454410406823 6.663758863614586 27.04911081140531 -7.415735579745917 5.079589325885066 26.957673033372267 -6.234016165093771 5.646899325776405 26.26341682848712 -5.629295445428554 6.261397266495036 25.973627552038053 -5.252518910533168 6.856544892631003 25.827965969284566 -7.791009188035788 5.2119926787414705 26.344255748989756 -6.800902034112161 5.6897991654544 25.664002454833582 -6.33346849741159 6.266377900967666 25.541196989026005 -6.026599457576139 6.783251759236208 25.578864261925776 -8.310273709707172 5.455763421593133 25.998547948096906 -7.564454711661068 5.84896950195353 25.352727611380963 -7.207181788531462 6.258242731070832 25.23291206320557 -6.942067282423738 6.702998648460724 25.309662764752318 
-9.676714689153517 4.748745636285141 27.459194031125254 -8.90704130136323 4.942867386742596 28.672392384602 -7.8248931429774835 5.228619703456751 29.37558270273461 -6.894404106899239 5.362639811135897 29.819072864277857 -6.15708800637436 5.263233262037056 30.311083187602915 -7.2839071967531055 5.125641762429591 27.99428036503765 -6.043380570355543 5.687871304856124 27.586033348482452 -5.322800490053983 6.190091886785109 27.307513024581777 -4.769256968069692 6.652563739090798 27.059828075298583 -7.400541907892585 5.1016753972684805 26.965716311254027 -6.229478223640759 5.673018028485693 26.28248278184308 -5.630902878230633 6.280017792382324 26.003827018605953 -5.255516069785375 6.86685490249832 25.851672058176742 -7.775277394714177 5.217407467217854 26.345203157355257 -6.8191875998575275 5.728457333568793 25.706821297990004 -6.36405483488704 6.293142064015037 25.581967735934143 -6.074159578903384 6.813657354748836 25.619261300803085 -8.293669440162825 5.444663340491354 25.992595693184622 -7.564454711661068 5.84896950195353 25.352727611380963 -7.213527028115614 6.259623011992049 25.250837121557016 -6.943372978063033 6.693904892015488 25.30326590412535 
-9.7023625430896 4.763010917205595 27.451744266786964 -8.934765334288699 4.958101411238555 28.666631708420283 -7.841953213087808 5.260147292265029 29.399531372388356 -6.90413325005061 5.390371283948193 29.850712501110056 -6.163542956945883 5.282019869068318 30.34125007161538 -7.314274226914983 5.14240027967186 28.014929265506943 -6.058527005353853 5.691942552547515 27.59275446456859 -5.335615693630772 6.203085742502899 27.320579795485685 -4.795926086190761 6.670056754482408 27.0791298088782 -7.430837276399656 5.109009984715026 26.977916456091396 -6.220331240237776 5.6730253904957655 26.269985565266825 -5.61883902386066 6.2861932451181834 25.974712769095238 -5.250568964512253 6.86527531164593 25.834187159368433 -7.7844758392509315 5.236875680659087 26.33918801226066 -6.801424759287799 5.745317207800664 25.689288467043898 -6.353325279457553 6.30193480672985 25.576287152740964 -6.054412542603912 6.803195559868211 25.619205054536266 -8.303120011662664 5.4547957416372865 25.979588952982965 -7.542687402488066 5.878594492880821 25.349298534833373 -7.192854617329269 6.279939556877892 25.24118913617725 -6.933059764036998 6.709789105295432 25.32897818322282 
-9.706130223546843 4.788290512883687 27.46066933931307 -8.919807258966857 4.972158978726985 28.66790356811503 -7.8488149451312985 5.260902204153673 29.42096507604589 -6.906656782129924 5.39923806208743 29.85227890609998 -6.151891062899666 5.295751173016897 30.335767841749778 -7.305911793400605 5.156495836018314 28.035990887439493 -6.04879960692827 5.688788191449683 27.60507613367212 -5.322800490053983 6.190091886785109 27.307513024581777 -4.781513440608154 6.665653622758305 27.072660407149158 -7.41670070020931 5.122172529182563 26.979336399734354 -6.226440698536124 5.690447034487156 26.29521760061199 -5.6273546530521115 6.297404328688238 26.016360609655834 -5.253564164828421 6.875592502576487 25.857902026114026 -7.799298620775441 5.240457134404742 26.344793375865983 -6.787252552663371 5.741596734498939 25.68402603175038 -6.3254153545550675 6.294122785098581 25.56582757320311 -6.030448004477468 6.793748677830048 25.602853750345226 -8.305038192483762 5.462345050663683 25.98023075576338 -7.538025303679497 5.884826695936895 25.331694813559285 -7.173778083603579 6.265774732664185 25.212022341293537 -6.921790060694457 6.687675148469068 25.311184277707095 
-9.701792959941214 4.82970969433492 27.498383853081013 -8.916444063092191 5.013088765242464 28.70027748242737 -7.820336390019188 5.297516090025755 29.42392678731206 -6.890960551061235 5.413079900410464 29.852663561863142 -6.149274427681379 5.286693451283912 30.33401696320637 -7.283794614573686 5.151961277373092 28.00911226608211 -6.031998386718532 5.693544175742771 27.60495670469615 -5.325811176381405 6.200010549302728 27.33252011877308 -4.786119775664656 6.667068164955247 27.09080576467752 -7.401552838415941 5.118498965158404 26.973232359093032 -6.220917196929983 5.689510459415865 26.27709723923245 -5.622206087138802 6.296141741069942 25.99865853092067 -5.256291353353663 6.869381306017246 25.87475912991533 -7.770724788146044 5.249961943442488 26.340877228131756 -6.780012848926664 5.749389682144848 25.67241586647666 -6.318239855290226 6.301641066758204 25.554420244697035 -6.03720765626101 6.816937689337148 25.626590072227398 -8.288912169782687 5.477093098723604 25.988073267132098 -7.523943584513418 5.8811952566835215 25.3267532890742 -7.166292269568222 6.273401073957753 25.20049131452058 -6.920679665710968 6.706532027034045 25.293174811281762 
-9.696128037429201 4.834754835058279 27.51391208133905 -8.906481977933291 5.004057250471265 28.677649875214122 -7.814564879882176 5.28732976791722 29.39519098207421 -6.8756087435766915 5.3995286184513684 29.8369590161284 -6.134099051545949 5.273219544742454 30.31782619106184 -7.266851853626179 5.157146501858932 28.009075154339193 -6.034302768485563 5.701767389970545 27.60601138968984 -5.3153532280941755 6.195239618130597 27.32044924447528 -4.7952772448136445 6.66800846824106 27.10354531224316 -7.407941315243454 5.119169476182447 26.99243207259245 -6.214140484854897 5.694382742521768 26.290223036796434 -5.629524783277288 6.3051792894337995 26.017049784692016 -5.270112076720756 6.873587759758283 25.88030451862924 -7.778329236295797 5.241752667759595 26.353238239206128 -6.7925093584765435 5.747887443125302 25.678883630211903 -6.337232609773067 6.295444795518093 25.547582827776633 -6.062745725726521 6.805686323562661 25.60678903438386 -8.303935895308532 5.469895906054272 26.01943233293862 -7.5314988909009655 5.87337033320209 25.338482573952966 -7.187690097385922 6.269532020360791 25.216924999689407 -6.935194595214908 6.684810753465667 25.28490828746865 
-9.689791839952495 4.842040336386741 27.49401336867614 -8.88382393884479 5.017424979843273 28.657533383140628 -7.788826281081337 5.301260895514307 29.380467602848643 -6.871648770640424 5.399918525003768 29.842648412518585 -6.135297966053619 5.273893466479266 30.344475740333454 -7.252144445420431 5.170557810266294 28.010149914043833 -6.01274675491151 5.722642342776476 27.594520040932057 -5.311486556258639 6.2127302809856895 27.333397039433457 -4.788522714054767 6.675292930141851 27.091760520336237 -7.386337945579005 5.140595657298297 26.9812806309295 -6.214727582171727 5.710883304799005 26.29734256588265 -5.627747214173409 6.313880079618624 26.02332312891116 -5.261245293501101 6.870962111704863 25.892277253977117 -7.764574205022187 5.254843454309085 26.35492162439139 -6.78041170840801 5.7716331487210875 25.71061695999696 -6.338399899515064 6.323300644214646 25.584251221807982 -6.070529425606069 6.826763074059393 25.65493008722029 -8.26861535545132 5.478516654599159 25.997051755175317 -7.530490887702524 5.882370129801232 25.34485599585899 -7.190924231398769 6.272522359145305 25.24071606785222 -6.9562271309483314 6.686105993466357 25.33118047793712 
-9.689553993862095 4.851542679346688 27.50110744038972 -8.859969495338927 5.028360618598856 28.672959053078767 -7.774489547249955 5.3058092085296025 29.37394480460255 -6.851318340188337 5.403720575046195 29.81454741878363 -6.129786559669104 5.273257309624794 30.323289578023136 -7.254384318869015 5.178791655155051 28.011265823398137 -6.023488151879146 5.699920370230402 27.567953121344512 -5.31786497671596 6.18892146028507 27.289000783961445 -4.7980675441898 6.6613549590164185 27.072751878992484 -7.383132313190684 5.138861943059207 26.95635344312183 -6.192703733341113 5.6983082818611 26.27274013309715 -5.6060067044051145 6.28434974746215 25.992378203915454 -5.240519412975957 6.873913306126117 25.875450236333002 -7.759880617708055 5.261728967761488 26.33674414756094 -6.769820753994228 5.760762447645361 25.668351301761387 -6.319749205535251 6.292807943622316 25.548114514206347 -6.045111877176717 6.802869909543252 25.607295730294712 -8.261494013396923 5.477536740138665 25.978111388780462 -7.512780679427225 5.87597647150795 25.315959423443005 -7.1825317521756835 6.25913818951163 25.19269317069888 -6.935194595214908 6.684810753465667 25.28490828746865 
-9.685709735221073 4.847730178116802 27.467976521170765 -8.871441715928762 5.045123689443424 28.627788686123935 -7.784833248058585 5.334283167839776 29.343327553203455 -6.859506382001741 5.43340964401758 29.790901011365968 -6.125698358339876 5.28098381816644 30.27725648228423 -7.292256051330588 5.18723311155564 28.04506370559439 -6.0423855006341745 5.71375607490106 27.60031396504952 -5.320870728427579 6.198835007797659 27.31398591501184 -4.821647846883418 6.666684544875442 27.091956477076955 -7.404651318137168 5.143225231119285 26.98164045427214 -6.214454440281992 5.713777309155479 26.272471460749106 -5.613116499140145 6.295805428841633 25.98655617342537 -5.267888994321137 6.865791371463382 25.879656874821666 -7.773623798380577 5.248643297382163 26.33505692691396 -6.77079057968751 5.7712386478848225 25.644066815868324 -6.338944691696427 6.316980075051798 25.553460073991477 -6.0784211672034765 6.812670918032102 25.635594831472215 -8.276893415846668 5.471945751238876 25.97684622273381 -7.5219203880444185 5.8991982811490535 25.339506380960255 -7.185353599081559 6.28757124917459 25.229639822177816 -6.958890571048192 6.71018200286998 25.33852878814069 
-9.675697748049373 4.894309663716648 27.521226651823792 -8.870612863041547 5.079632617948865 28.68630267277618 -7.783066522807307 5.349849984914534 29.386871415930106 -6.856369452483322 5.4214416875540605 29.817673399252367 -6.1278055272153225 5.299812067956597 30.312826179256906 -7.265187401809561 5.195957529602137 28.03346249689925 -6.0349565313526154 5.718828515325269 27.61368289152087 -5.328169887984976 6.208236288531708 27.3335243842384 -4.817378177735809 6.684111192911185 27.104728555867894 -7.391597618870799 5.147437359557026 26.9764221991003 -6.235600530821577 5.690449447671674 26.307734825165305 -5.644945510545439 6.284035708482468 26.009425821046438 -5.26983768403129 6.857048971502608 25.873416786320742 -7.768550997971216 5.270208645929182 26.35640233787258 -6.798465476862963 5.748909371688384 25.696852970803167 -6.3351920616347535 6.2878745973021255 25.547025624714205 -6.060642801473171 6.7980454237451475 25.606241352306245 -8.28595253193263 5.480481300749211 25.996439829098286 -7.532505281585526 5.864374458553788 25.332114520045568 -7.188091316692394 6.244104037166044 25.203759305945514 -6.948395572558533 6.6721748699337295 25.283031109613116 
-9.695347933164715 4.88482592025343 27.51099446837434 -8.881473080628728 5.105855374906444 28.64833179440806 -7.7993369104858825 5.38618803286057 29.351733552679182 -6.864951361240146 5.458756735836112 29.76866887806663 -6.1288055523850415 5.280241088093195 30.24522206342237 -7.296744355652995 5.203722670181288 28.047305896404836 -6.056883768735009 5.700778670684856 27.599373335311373 -5.335187445168228 6.186119032444508 27.31310140661323 -4.819247296505055 6.658462693777023 27.09100200312541 -7.419802596180842 5.146907401970209 26.98774978365902 -6.237820593691239 5.711748246697377 26.313730734194372 -5.639236611402165 6.293658882655804 26.02128160132682 -5.272852061360849 6.867369642480698 25.897183140218292 -7.7895099071141916 5.268905075526742 26.347956082002245 -6.786651867057688 5.766777428505176 25.697317353978686 -6.3497840265303465 6.3032027457249304 25.58204907209651 -6.080222242805037 6.815559520793983 25.65914168701413 -8.269766871087286 5.470968529975708 25.957918173554415 -7.528592377323688 5.874961159389563 25.34434540885175 -7.18899535627474 6.265105971288713 25.24024351077516 -6.9562271309483314 6.686105993466357 25.33118047793712 
-9.695520124086556 4.92323425137963 27.536448165883847 -8.875874915670888 5.138562620162289 28.679467745475993 -7.780445219002115 5.4009135957117556 29.358410345704364 -6.867080797943689 5.459978423576355 29.79556501708687 -6.1434567293744875 5.303494402133538 30.29514113328927 -7.277935664923475 5.224691372470458 28.02950995385599 -6.046994013193875 5.730202518935874 27.60241589382394 -5.340329174837371 6.219529296851473 27.3225802861338 -4.81978140024535 6.69233977203313 27.10568337237204 -7.408831571778586 5.15901351757513 26.98341660776435 -6.2465962976320615 5.701134008265963 26.29609170262466 -5.66416916147728 6.289317809228612 26.03276061796467 -5.290859620117026 6.870628819781005 25.897144577301813 -7.798205286109652 5.2773924969509824 26.367638736600608 -6.806675558659358 5.751604178831826 25.68414019510033 -6.3548230540979 6.293089533654376 25.569971292811605 -6.092319053007689 6.81677507542319 25.640898708650045 -8.3006328440373 5.484035445583559 26.001749115585508 -7.545692553135672 5.851596754982686 25.330177151004857 -7.189253293534449 6.235100544707785 25.19741952698102 -6.96030128267956 6.66862330188164 25.287544921868097 
-9.739290472567417 4.901045652876367 27.503585982613576 -8.90367171187756 5.128651208334209 28.62233575294826 -7.817064126596943 5.40917037676157 29.30614216226117 -6.890133459192557 5.4652840823657645 29.73731875319485 -6.154006645191808 5.296678761550137 30.22249481332654 -7.322413805163093 5.208398439452628 28.00962262871918 -6.075982042179383 5.704235064103518 27.600529482089154 -5.349251804174033 6.188658228781012 27.29567828222508 -4.82904101647572 6.661445176381238 27.079304625107472 -7.4479068074748636 5.143552356346833 26.968342789124925 -6.258604729871419 5.70010571072072 26.27617330736929 -5.647730498721989 6.279959312432612 26.002211919222784 -5.26983768403129 6.857048971502608 25.873416786320742 -7.807526597069332 5.256466600515314 26.308183714560048 -6.800370713355936 5.769873355783332 25.64819945003218 -6.346134659943102 6.309458943693024 25.564867400582855 -6.076765696247532 6.8216058705673435 25.64195115876758 -8.302072589866865 5.478037683264229 25.92998280812723 -7.537097602535762 5.878708912957519 25.299941312858994 -7.182668091718942 6.263727507435722 25.22234059927786 -6.954924726844826 6.695207003570598 25.33759414723481 
-9.68542565464526 4.878715030342118 27.450889033373265 -8.871874043811578 5.101994023712094 28.59356667699798 -7.804794144142572 5.397263745391972 29.318255682780986 -6.890866455613134 5.475798711781596 29.771456503888267 -6.155238564100024 5.2974016554260155 30.249085288217206 -7.290898236326395 5.200654223349806 27.995848177335244 -6.063129757268635 5.708378318184436 27.594855827917 -5.336870755837806 6.1926301519495635 27.29010208338684 -4.817018004061909 6.665265321433037 27.073790136524217 -7.420782711132567 5.135145769400319 26.950428172055236 -6.242274614403643 5.69436839457037 26.246706050627456 -5.652059375124863 6.295494577288466 26.00358131583885 -5.285884134052458 6.869045474209804 25.87960755560639 -7.801418098867554 5.261355179764672 26.32224776250261 -6.7996795885669545 5.753521407667184 25.641272092964588 -6.354394667404286 6.312044497824403 25.55235966085375 -6.090667636018249 6.825716096483732 25.647260289594943 -8.301725591811588 5.476462139060626 25.96256589174989 -7.54265256282729 5.888885685720142 25.32440745975346 -7.194261539096582 6.285540242002435 25.239989105524597 -6.957853912560297 6.69844180373497 25.361489129781035 
-9.7245907486452 4.934051404943295 27.519613381813866 -8.907888050726674 5.140149930935671 28.657033810777843 -7.841596645319177 5.40714848634408 29.361319600227006 -6.916585113115222 5.462367790459625 29.786572272780212 -6.168697299301188 5.3199770554678985 30.272408175990655 -7.319004224955367 5.20924215286005 28.015378739189124 -6.075982042179383 5.704235064103518 27.600529482089154 -5.352291062005095 6.198583412406765 27.320692647401415 -4.831549648864707 6.671576995966689 27.10386969562142 -7.448933204577744 5.160402239877744 26.97586658594203 -6.253357832588839 5.696253305314498 26.282942219470847 -5.649894362473065 6.287726530715657 26.002896400078015 -5.285884134052458 6.869045474209804 25.87960755560639 -7.81532503482884 5.273944487753086 26.334396743665472 -6.814873426774289 5.754296394931968 25.671423939812286 -6.349134479961176 6.29177275587225 25.552240083827538 -6.0939680534869485 6.807837743302155 25.634541904400347 -8.317588427396878 5.4967146948277295 25.975059217643867 -7.539029917690076 5.875825366718793 25.325321264014622 -7.1825317521756835 6.25913818951163 25.19269317069888 -6.9490738733519 6.688733471516136 25.289886527110436 
-9.689437086386391 4.920946169744451 27.509422158441225 -8.849133654225515 5.140365517019766 28.624694803387346 -7.793843612769414 5.403420118732499 29.339035810245708 -6.882734215060636 5.4461536963567285 29.795163610943575 -6.1589157730243365 5.261811795854105 30.252366985338945 -7.272788581836713 5.214910077169499 28.002675490525075 -6.050287910799007 5.712521893707099 27.589186779959615 -5.341819553388441 6.193805649448158 27.308627035628334 -4.817018004061909 6.665265321433037 27.073790136524217 -7.403513802568559 5.1493675683807005 26.957587664645434 -6.251845529530488 5.70497992929488 26.289317820027147 -5.65723000331595 6.296759266855831 26.021302551217563 -5.281717255197791 6.869999039662647 25.8852053216173 -7.792407142345368 5.267578415055295 26.342132674356552 -6.806675558659358 5.751604178831826 25.68414019510033 -6.349134479961176 6.29177275587225 25.552240083827538 -6.074518351190644 6.802138208100538 25.611525994662966 -8.295407715463629 5.490601890072383 25.983429595954988 -7.540032924844526 5.866827966012662 25.318953085054694 -7.200842319462027 6.2568639019187735 25.215004487293683 -6.957706769655479 6.686808458680921 25.300347777390424 
-9.713802940460434 4.898728600085698 27.479764527096858 -8.89547122302342 5.116076064744044 28.629309766504477 -7.811636766289351 5.398114547631723 29.33963535077181 -6.902012174934649 5.459307912090709 29.805121737287603 -6.1598415520970295 5.27992960104992 30.261297554937126 -7.290898236326395 5.200654223349806 27.995848177335244 -6.063129757268635 5.708378318184436 27.594855827917 -5.352291062005095 6.198583412406765 27.320692647401415 -4.843470370615124 6.665843531622021 27.085773108592026 -7.434850473758053 5.147765356280224 26.963137388193353 -6.2497382434142095 5.697201244596216 26.288571719430777 -5.635851726997117 6.283704625891856 25.997301026529666 -5.26983768403129 6.857048971502608 25.873416786320742 -7.808132577962941 5.262156298182805 26.341177157229648 -6.7865585029897675 5.746866569259441 25.660931472219456 -6.3511742015249935 6.299343914965156 25.552796945281635 -6.082178500770829 6.811387273714605 25.629793971187294 -8.303646774642418 5.48400827366505 25.9632061399181 -7.540032924844526 5.866827966012662 25.318953085054694 -7.199681211727387 6.26588108035589 25.221359735181387 -6.965901009031766 6.695903786075715 25.318723807465858 
-9.705448000754558 4.9244748799715 27.515656378548105 -8.86113008829504 5.127493820320017 28.62944349009452 -7.791422361408293 5.394768101221419 29.337636991910205 -6.884165282046891 5.436890267552502 29.78791886926389 -6.154626651112595 5.261868160816567 30.257827547312385 -7.2739720395582905 5.205846021908665 27.99581831584814 -6.061487657485837 5.717220292294327 27.60147422285623 -5.352291062005095 6.198583412406765 27.320692647401415 -4.82690955384012 6.670156452009838 27.085689770039703 -7.418645936169784 5.153043830343968 26.963677552330793 -6.2478138437105 5.695310376625909 26.264815596257154 -5.649894362473065 6.287726530715657 26.002896400078015 -5.2836623112037255 6.861250598296774 25.878959966126292 -7.786616152687869 5.257777475121432 26.316661436228856 -6.7994271971785984 5.759394274052268 25.672515524251075 -6.360092015165433 6.31337087295038 25.57009469986105 -6.090216434790407 6.80912488861218 25.640349204438944 -8.288992104912202 5.480462623452741 25.957924240302063 -7.539029917690076 5.875825366718793 25.325321264014622 -7.198518319296863 6.274902218739611 25.227720208554036 -6.970143042436135 6.69004116894524 25.33618922978682 
-9.709284457597347 4.90192740966838 27.49207038561802 -8.904615680446328 5.10438540416377 28.64009959405525 -7.821099892739715 5.376282425589932 29.34332772826315 -6.893699602760634 5.422270347419153 29.766295926836964 -6.166686612384193 5.238404952198954 30.22948070852218 -7.300996201301096 5.197131562679636 28.007369482164517 -6.075140020202824 5.719736062169868 27.583566711242135 -5.356564777550298 6.198047902636693 27.315212602525946 -4.833566666827646 6.6609513905878215 27.073874103749183 -7.4404225104733115 5.15181745482104 26.955768767288454 -6.2591975488231215 5.716611785719146 26.28329665473324 -5.662178600352114 6.300456821909085 26.01477541025062 -5.2836623112037255 6.861250598296774 25.878959966126292 -7.81532503482884 5.273944487753086 26.334396743665472 -6.806337307368708 5.770905637988998 25.666149889512194 -6.361588907125192 6.304520072975531 25.563773420698798 -6.092319053007689 6.81677507542319 25.640898708650045 -8.317588427396878 5.4967146948277295 25.975059217643867 -7.552113351691225 5.888459874514562 25.336638556383317 -7.198518319296863 6.274902218739611 25.227720208554036 -6.963922097648179 6.688423966880569 25.318259765123862 
-9.702695159328126 4.918683699664541 27.479250869769224 -8.892581980884227 5.117258969721503 28.635340590702995 -7.814715616817754 5.372226284162128 29.35093820341694 -6.902336624493846 5.43191242135441 29.789067499575083 -6.157990071713869 5.243705384348956 30.243442411800334 -7.295822816087715 5.187371102016805 27.98054863025788 -6.057698113631021 5.70744743780131 27.575808901767992 -5.351603969261557 6.196869258524146 27.296674270802153 -4.8458681254881935 6.674062261477295 27.086723213123044 -7.426353814642449 5.139191596065946 26.94305730479554 -6.258604729871419 5.70010571072072 26.27617330736929 -5.663943991933113 6.2917505841025285 26.008494556559985 -5.278692940214018 6.85967454156118 25.861442658578124 -7.793801840624657 5.2695546593726 26.30988640035947 -6.813592340902355 5.763115887564317 25.677768197728817 -6.347635713521609 6.3006140410416345 25.558551309326734 -6.0784211672034765 6.812670918032102 25.635594831472215 -8.317588427396878 5.4967146948277295 25.975059217643867 -7.539922178334095 5.892231693585301 25.33220235035427 -7.1865227441957815 6.278549655445598 25.22327980086333 -6.953979316513904 6.69945068749766 25.314191528134064 
-9.711064689540104 4.919377489999108 27.50009417345732 -8.871519431833171 5.096761969989386 28.625749092660396 -7.805456615727354 5.362747574454836 29.32815511187843 -6.899813372495099 5.423061911119841 29.787512214223472 -6.157064448343472 5.22561035566833 30.234523828573803 -7.286414410165368 5.184196713002191 27.993618755050495 -6.057698113631021 5.70744743780131 27.575808901767992 -5.3496844384275395 6.2056206139647205 27.303149505943612 -4.8458681254881935 6.674062261477295 27.086723213123044 -7.431698535509216 5.1488333781262074 26.96888593980592 -6.246300541115826 5.704033047994783 26.27118646261962 -5.657001970137686 6.299192172619098 25.99705784976975 -5.278692940214018 6.85967454156118 25.861442658578124 -7.800511286139805 5.270359192158262 26.328802287438624 -6.795449383255021 5.7659099454970555 25.655156002531697 -6.363628094431151 6.312094644052326 25.564329472600072 -6.0939680534869485 6.807837743302155 25.634541904400347 -8.317588427396878 5.4967146948277295 25.975059217643867 -7.538025303679497 5.884826695936895 25.331694813559285 -7.198518319296863 6.274902218739611 25.227720208554036 -6.963922097648179 6.688423966880569 25.318259765123862 
-9.704150209467889 4.8879786156798115 27.49345907797793 -8.88210281860714 5.096334825430975 28.64108923163929 -7.79799512621109 5.368114044525887 29.34304598003481 -6.887747347191629 5.428832274479273 29.80759027396535 -6.149583967166743 5.231575635665788 30.27506097448704 -7.287478567944692 5.2014887560702645 28.001591501577067 -6.057698113631021 5.70744743780131 27.575808901767992 -5.351603969261557 6.196869258524146 27.296674270802153 -4.831439134503331 6.669662508143425 27.08025491455722 -7.431698535509216 5.1488333781262074 26.96888593980592 -6.262054304205398 5.69327065887617 26.29356796037076 -5.659618765280902 6.276214776120369 26.007126627240545 -5.2742565729182616 6.8440988825868985 25.86015564951086 -7.806147759636967 5.2544806963313 26.340439620055676 -6.800712629552759 5.750580548991863 25.666176471264436 -6.357388156916502 6.294354501232595 25.539731250032485 -6.086300518298685 6.798591160335429 25.61626663600958 -8.30888013034621 5.477446358379975 25.98151633397628 -7.54659029890691 5.867997291346257 25.33705719861213 -7.200842319462027 6.2568639019187735 25.215004487293683 -6.96521924780521 6.679325194074691 25.311850941300044 
-9.697572253288604 4.904733990099383 27.480633454905455 -8.87008932201407 5.109217092670659 28.636342006170217 -7.805093743779304 5.396462315586853 29.38043147987477 -6.886316933469012 5.438096971016483 29.814841237626375 -6.147900815905408 5.240654096843506 30.282255419398314 -7.27923669941368 5.189252278304627 28.007802072046832 -6.063129757268635 5.708378318184436 27.594855827917 -5.354646119073091 6.206803255431101 27.32169259091188 -4.831439134503331 6.669662508143425 27.08025491455722 -7.426119878684046 5.14478477049811 26.976254644758217 -6.26415958375074 5.7010497100851945 26.294313263524376 -5.660014867633671 6.29268590066261 26.014091536120542 -5.262660134597252 6.847688905682663 25.855267101238475 -7.808132577962941 5.262156298182805 26.341177157229648 -6.813592340902355 5.763115887564317 25.677768197728817 -6.360092015165433 6.31337087295038 25.57009469986105 -6.092319053007689 6.81677507542319 25.640898708650045 -8.303646774642418 5.48400827366505 25.9632061399181 -7.553113398857015 5.879452831130637 25.33025995146055 -7.199681211727387 6.26588108035589 25.221359735181387 -6.951998046618605 6.691970889928086 25.313726626121696 
-9.69601434159646 4.904180941172701 27.522252461850307 -8.874242364853052 5.120672008663461 28.670994682761442 -7.805093743779304 5.396462315586853 29.38043147987477 -6.872087512555312 5.442662404671965 29.807987135213303 -6.1433094308300555 5.258143643473636 30.270049046477215 -7.271728645930719 5.197615387435407 27.99470352972585 -6.063791608085622 5.725442617935502 27.60252554506175 -5.354646119073091 6.206803255431101 27.32169259091188 -4.833950673565202 6.679803108847565 27.10482394233786 -7.4165581374046905 5.145156499690751 26.962792736910668 -6.272731903476279 5.684530391059312 26.299702794143553 -5.65466316743525 6.2725143560008005 26.013650318390965 -5.262660134597252 6.847688905682663 25.855267101238475 -7.784633100153616 5.250108865213031 26.315927289030245 -6.82212638629079 5.7465028812141234 25.683055276360406 -6.3764908889289975 6.2831557502985165 25.555803527052138 -6.100190271902688 6.802687248116523 25.621556716871652 -8.287070138471805 5.472917560792378 25.95728370260995 -7.54759053216027 5.858999634498979 25.33068946746427 -7.202001645462927 6.247850677626003 25.208654463984335 -6.974874476055025 6.689111302068672 25.29938833490553 
-9.681337803456966 4.910733375133428 27.481499987545206 -8.857453548576753 5.1316193801482255 28.638829551630668 -7.787471628822159 5.399378086286981 29.346648387589884 -6.868518509466079 5.450715046483276 29.788322190076304 -6.127394203664708 5.2719004525091355 30.270060030285034 -7.280302336912479 5.206551034240944 28.01577897650927 -6.061487657485837 5.717220292294327 27.60147422285623 -5.3473315453375 6.197406696298297 27.302153645428273 -4.82904101647572 6.661445176381238 27.079304625107472 -7.419715288055534 5.144093035436383 26.957050150693362 -6.258604729871419 5.70010571072072 26.27617330736929 -5.661780803590025 6.2839822675167305 26.007810374179332 -5.28144154548126 6.853456592818377 25.878312771344966 -7.785704633514851 5.266775709471916 26.323210510758692 -6.800370713355936 5.769873355783332 25.64819945003218 -6.352894496346518 6.320894937219459 25.558681169661515 -6.086910424672111 6.827005723220713 25.653077943469857 -8.285610614804646 5.491211778138355 25.97040730993393 -7.548214319498954 5.899076015663429 25.34890663160365 -7.202531082978733 6.294351844894892 25.258383750935266 -6.980008165936689 6.711515477883076 25.38496286083178 
-9.699577640894516 4.939114419886896 27.53832434662999 -8.862564560541324 5.170530960083127 28.68920869021608 -7.789945800099483 5.437977800366415 29.397231693139133 -6.871740516060008 5.470062580865734 29.82405120970945 -6.126892429833536 5.281669278757045 30.303868480391206 -7.29370836874232 5.228581630176149 28.03642489758922 -6.074343461196734 5.713080302433789 27.607154149270492 -5.368964113200148 6.194074211975258 27.320801875239948 -4.850521047848272 6.67548811062396 27.10491563798043 -7.439139420724213 5.1663852255473435 26.995637447108763 -6.294236251886499 5.68057572615539 26.317238822575945 -5.6774174443196115 6.260381651227963 26.02443581290669 -5.283384432120434 6.844714027126941 25.872071595894212 -7.80722701791139 5.2711645861901655 26.347736937708948 -6.843563413005381 5.742417697294545 25.69996205713918 -6.365516977695623 6.261589102051602 25.53797956814321 -6.0879484253034155 6.789663988681366 25.609918824029478 -8.301725591811588 5.476462139060626 25.96256589174989 -7.560774176683251 5.8462175990385985 25.328749238687102 -7.203159192689108 6.238841401673859 25.202309664343428 -6.954093702137633 6.667017840492262 25.269660017706702 
-9.692163252343475 4.926749546924443 27.5458553902844 -8.847296745664215 5.147622455523517 28.667492722961565 -7.775396553151229 5.414960780821251 29.374705607563605 -6.874271931780672 5.47893145025977 29.825612662822046 -6.142538349190473 5.285355120382663 30.286191433566092 -7.262171591604766 5.220803347823329 28.022598795517013 -6.048642306933894 5.721360607406458 27.595798912464804 -5.356564777550298 6.198047902636693 27.315212602525946 -4.833566666827646 6.6609513905878215 27.073874103749183 -7.408831571778586 5.15901351757513 26.98341660776435 -6.248223088234564 5.705928540250163 26.29495256690678 -5.665193712789501 6.29394611003798 26.03182204049788 -5.28144154548126 6.853456592818377 25.878312771344966 -7.799115929062467 5.268381979330719 26.361073603812052 -6.796157798625895 5.760662004144048 25.678265533406734 -6.361588907125192 6.304520072975531 25.563773420698798 -6.086750644147762 6.8151664142519115 25.62316536003372 -8.295407715463629 5.490601890072383 25.983429595954988 -7.55115079697995 5.88718332371174 25.36794056507487 -7.211207472122028 6.277677949080343 25.26357217870841 -6.970143042436135 6.69004116894524 25.33618922978682 
-9.70998500545373 4.947770596558864 27.560164216399144 -8.877103779469337 5.196454342846746 28.714318943323587 -7.797246379451133 5.4640082544125335 29.401463020996083 -6.871790206335342 5.505116250642693 29.814737759279158 -6.1280303021778595 5.307446388912833 30.261335222027327 -7.284274229039654 5.22540587678136 28.049501570596018 -6.05918504509305 5.708998977837058 27.600423486598846 -5.349251804174033 6.188658228781012 27.29567828222508 -4.8433437949004405 6.663924338889382 27.06216549511627 -7.432489079808833 5.171302126543569 27.009652254887964 -6.268209220321026 5.710731805212654 26.318861407600252 -5.652896949731134 6.281212643034268 26.019926078362055 -5.26983768403129 6.857048971502608 25.873416786320742 -7.798205286109652 5.2773924969509824 26.367638736600608 -6.819568430353919 5.764146291826908 25.69574826976933 -6.367290200961896 6.305843805956776 25.58152066864828 -6.111808479870761 6.822494860540324 25.663966829626684 -8.295407715463629 5.490601890072383 25.983429595954988 -7.566261411501831 5.881806719493357 25.366518383214544 -7.212368141533823 6.26864849888979 25.257202032727214 -6.970143042436135 6.69004116894524 25.33618922978682 
-9.663134284734936 4.973701554775899 27.56361899051568 -8.800237020364532 5.181416480617245 28.670035869426428 -7.734286433772205 5.442762192889671 29.360760423647037 -6.848532198731037 5.492336341133057 29.810461099619346 -6.122297695312929 5.299159699494596 30.291664505530107 -7.2317184333726585 5.2303326130546735 28.01676173611993 -6.025789279795427 5.708132678070595 27.56900001467088 -5.351603969261557 6.196869258524146 27.296674270802153 -4.847992208827447 6.665344902611733 27.08033665845415 -7.396796264700183 5.180075701549132 26.985721063650878 -6.256797530459655 5.6894154822833976 26.30033581045644 -5.673902468659874 6.277788021418591 26.036993249439732 -5.288354961227521 6.846281979008635 25.889597220561907 -7.787356899098694 5.289170759398402 26.363501950099202 -6.8126437662950705 5.7526288670561145 25.702121123616493 -6.372447124385234 6.2907310361762185 25.592396346274583 -6.083529629001377 6.797690131142958 25.64642375315507 -8.303759930058684 5.508317661895354 26.00961725138686 -7.564362199947716 5.874392540216772 25.366004513263846 -7.211596727403539 6.252204645702044 25.250360437949833 -6.960458665918805 6.680232004105296 25.348645822292934 
-9.66504029438844 4.964670753634735 27.514873970927376 -8.839748295661595 5.198530326830684 28.64407468087272 -7.776739451092333 5.461335829962225 29.337222330768228 -6.865686454159395 5.504275348125761 29.793499315923643 -6.12633276026197 5.31653883148297 30.268531012140567 -7.256906581553727 5.237396217642743 28.01061773556938 -6.042565167937498 5.703376125990923 27.5691019647818 -5.349251804174033 6.188658228781012 27.29567828222508 -4.847992208827447 6.665344902611733 27.08033665845415 -7.397058890948969 5.17445343739435 26.952539634228092 -6.244784797782186 5.712759052419574 26.27756217467822 -5.649894362473065 6.287726530715657 26.002896400078015 -5.257969465031296 6.844116537151197 25.861645946498303 -7.779159996842634 5.291644400657765 26.318140505861194 -6.794160978872726 5.774725747416791 25.661494808018357 -6.362131499324201 6.32094789664039 25.570650285995818 -6.11226766089689 6.839106223306335 25.670890878364656 -8.273259776398755 5.496772712416719 25.93319854189075 -7.551111701464705 5.897470860753565 25.34302254045703 -7.217642992995406 6.289093257009218 25.256936644984346 -6.987717019079972 6.713838743734259 25.372021257788262 
-9.72267652354569 4.959485074575044 27.463087068544652 -8.886307264133107 5.200696847476582 28.59534433691758 -7.832275512719302 5.484794979227024 29.327344116480944 -6.930185779442074 5.547751868629355 29.816225024252464 -6.180402093289392 5.356914154665745 30.30602439171179 -7.314069887153294 5.249811357442949 27.986728266314955 -6.073501576972705 5.728583036239162 27.590185838482256 -5.367048453855495 6.20283288598442 27.327287867023813 -4.8481212140003 6.667263453945817 27.10396152922897 -7.451032155003727 5.185603270090122 26.9269517357445 -6.266695144093993 5.7340923328511115 26.25423425044275 -5.645123452691321 6.30293013984214 25.99214726522413 -5.258243046425938 6.86064237988207 25.86852454367836 -7.8139089837760185 5.290421610078537 26.28467302772338 -6.825366247934258 5.8001908909045445 25.64823693555381 -6.369428089644303 6.348826978323611 25.57133872547837 -6.122902740038194 6.861155387616911 25.688983375505902 -8.321320385661867 5.524046758647978 25.917667987307635 -7.560447129204843 5.9175995918785445 25.305455615190546 -7.220790473652789 6.297487438181514 25.226461326587646 -6.971509244439837 6.723240542772935 25.349964754357885 
-9.711298019429027 4.979286349797413 27.50133613272737 -8.830275564295247 5.19453465597759 28.589336034586275 -7.773438902726337 5.459664083798299 29.309965795110188 -6.895579069061836 5.520929093979075 29.790605178782396 -6.151859823264886 5.315594805874705 30.263489279441142 -7.269236867613909 5.220039153296806 27.952439526532356 -6.076775786769769 5.710892296234858 27.576952444764736 -5.378206136759654 6.194713075272596 27.333884686765888 -4.842851532009273 6.663789937060918 27.110240465337533 -7.423967694711957 5.177168995467556 26.909097685015023 -6.289074235036413 5.7049224201425375 26.258210431546562 -5.685431391642561 6.2774224717529865 25.995949746620006 -5.294738485021631 6.853128966939251 25.88465884874425 -7.795934887928669 5.290396988156931 26.287357947333398 -6.836458120466109 5.765923804131181 25.64081854789429 -6.374856858870193 6.296973174837427 25.539180506065982 -6.0939680534869485 6.807837743302155 25.634541904400347 -8.294384208401073 5.513791728429937 25.933809570993926 -7.561521954172532 5.89831385336618 25.323969428306217 -7.198518319296863 6.274902218739611 25.227720208554036 -6.954924726844826 6.695207003570598 25.33759414723481 
-9.716623363360807 4.983696601751535 27.49283706170639 -8.854931862802887 5.21091031627272 28.589496590782986 -7.801304551516827 5.485146681350788 29.312997013236156 -6.914855945956287 5.534116115772907 29.80054971688569 -6.179471569329854 5.338741538991251 30.29706221898495 -7.273316336339332 5.21253188159678 27.971255174830137 -6.082221447639192 5.711828021516167 27.596012357485858 -5.373230065365233 6.193534146979528 27.315320437988984 -4.850245327207485 6.658545014105286 27.09757036927825 -7.4208628122176705 5.152479958276213 26.90073547898168 -6.279632691055408 5.685535530718741 26.263516665039408 -5.671386955340876 6.273412970750885 25.990365048363337 -5.261860137673766 6.826660284520685 25.84919835094056 -7.800939782497766 5.26883975667961 26.26603359612133 -6.828858706724188 5.738078256674486 25.640293873086343 -6.3624086656438035 6.284240534415948 25.52767643422908 -6.078271666334687 6.800854042419005 25.605731555089594 -8.312660540061323 5.504809897922067 25.924144574237452 -7.574709581249295 5.885532273961337 25.322018960770272 -7.199681211727387 6.26588108035589 25.221359735181387 -6.958209259001997 6.693590761521026 25.331648125186376 
-9.739233639101958 4.970492529951806 27.511911691396012 -8.864251351502586 5.2296340867541184 28.619295930990962 -7.811929191595076 5.512837228741344 29.34447454558872 -6.918491310679869 5.561156567160173 29.810918403235753 -6.204189921052333 5.370294821975213 30.31122532639499 -7.290114623601748 5.233698650985962 27.986085928327977 -6.080586668852632 5.7206759035036425 27.602631678976206 -5.37131806252711 6.202292624571891 27.321801768244534 -4.850521047848272 6.67548811062396 27.10491563798043 -7.443403297533554 5.1736797180055705 26.933457713095397 -6.2766299547483895 5.702994362308884 26.276265613048064 -5.653825403532603 6.286794969577175 25.997310672217967 -5.2651442237014265 6.853479784404262 25.879803732252558 -7.806749118843402 5.278650969583372 26.291463841725157 -6.819059409663767 5.763495153009163 25.641340060765238 -6.357929568606035 6.310766581175721 25.546595736481304 -6.092771860360168 6.833369568808259 25.6478098349005 -8.319827647585196 5.505812561322711 25.94307417860724 -7.559629232299975 5.89091272734669 25.32346582414651 -7.198518319296863 6.274902218739611 25.227720208554036 -6.963124823859531 6.704319843995393 25.356005044003386 
-9.712582899658095 5.015881904629802 27.523551935053263 -8.845932932825331 5.233159912496313 28.654962509708664 -7.779402997852968 5.497555128662069 29.3546051294643 -6.9013701149242745 5.5492526200230445 29.827954883677407 -6.168160425213645 5.335031221715104 30.309317483367884 -7.275968407027435 5.266856900747165 28.02662328431015 -6.071200334942644 5.720365157462727 27.58913887807301 -5.363993447160455 6.192898344377118 27.30225423675869 -4.840948942654388 6.655714381606577 27.061219336154995 -7.425082475346097 5.196886681107003 26.9472733383308 -6.296628966828094 5.707790731430665 26.300158216318778 -5.672645034962386 6.275602209910528 26.01366711766356 -5.273726698872486 6.83957408628642 25.86094986418986 -7.812737717097217 5.314183424377744 26.330782144884537 -6.8432150527041 5.761733690492062 25.681926292658424 -6.364575849266087 6.286829345154359 25.551145480709398 -6.077971161721557 6.796092856773297 25.628693017993747 -8.327484581291667 5.532705590039431 25.975811204348545 -7.563317324802267 5.893703147740397 25.34746795033863 -7.202932051461331 6.268872091567921 25.245165243359434 -6.95915725976419 6.68933488958242 25.355064901890604 
-9.726588697027967 5.038175842929778 27.585826106158905 -8.87279470017642 5.283331893173415 28.70782077512023 -7.802324653709107 5.537207403236941 29.37401411673552 -6.929375484956943 5.572239947260442 29.86081568810789 -6.1839539958834475 5.384157713086461 30.31673350474512 -7.271879942173687 5.274357330326086 28.00775853948511 -6.068058641764066 5.7276400092631485 27.57113393744365 -5.368258105668117 6.192356353029686 27.296773473778963 -4.85251031806625 6.6648445975773685 27.07490503727897 -7.433591234363808 5.205502027928223 26.967363186300368 -6.28566324703623 5.6971082796112364 26.31183534362289 -5.6637626218361365 6.272839503986138 26.025792933848916 -5.2670895049343445 6.8447435690856455 25.87357359669719 -7.804649346093533 5.3114162770358355 26.34412744943222 -6.82212638629079 5.7465028812141234 25.683055276360406 -6.357811755742656 6.275409824987385 25.557354181404385 -6.095614640460489 6.798904095475134 25.628189876721333 -8.313207897440419 5.518434281576652 25.996589890701447 -7.567257509230713 5.872795237907579 25.360135279888233 -7.210269533036898 6.25663650948336 25.22703182792118 -6.948395572558533 6.6721748699337295 25.283031109613116 
-9.759201952381863 5.026161167056148 27.584119253853885 -8.855745787071474 5.263654333100874 28.65646304357871 -7.807315542139379 5.523102744870943 29.3576936279234 -6.938564829981152 5.5850285164368305 29.85521645041987 -6.1918734367189066 5.406137222279467 30.318931108087504 -7.312013018281689 5.291169451055905 28.042684092472737 -6.084054450217792 5.716228984587381 27.594812988836033 -5.376392899517227 6.188927986386426 27.30783865183393 -4.860029043662455 6.661523703752333 27.08585276056063 -7.457266304041622 5.2178296282957115 26.993586873367732 -6.300106946627545 5.700957753188602 26.31758942665161 -5.677827575727083 6.276857663545166 26.03140412155252 -5.287815277378565 6.841766190119033 25.890412307433586 -7.83718707824552 5.317268932139113 26.349499284578645 -6.8504835134618105 5.753934162415372 25.69357037652657 -6.356318545198258 6.284247874707734 25.563660302478343 -6.0661870831651 6.799643676095553 25.623947194190084 -8.337313341958719 5.532103279367881 25.988849390575492 -7.562464611590574 5.866979172536025 25.365491195225214 -7.196493485525316 6.257464566579726 25.25179817365154 -6.940336031216736 6.674689700613609 25.325706508988475 
-9.698574530504889 5.046943751666888 27.575144038399323 -8.794895599367536 5.261933858929299 28.626817291915607 -7.761113185140646 5.505966733785301 29.325041765379826 -6.893793363479881 5.557684901364328 29.813952240939212 -6.177672548665639 5.40557450532525 30.308727888162004 -7.2561360291292365 5.2704562139231195 28.00086464823334 -6.05835667732493 5.724501659602802 27.58346938029815 -5.36590704699781 6.1841467538307775 27.29577753296625 -4.859752673288888 6.644592564046125 27.078515114193195 -7.405426775628359 5.20600881851098 26.956069000746474 -6.277555856335218 5.716611968581178 26.308335205670467 -5.69406632872414 6.288654386566572 26.037710134236253 -5.306351274250016 6.849528484504995 25.88955431554831 -7.794731898732465 5.314159742741314 26.33343884828012 -6.824110581752734 5.754052434490785 25.683654582413393 -6.356318545198258 6.284247874707734 25.563660302478343 -6.07962216846289 6.787167707638011 25.622345827936606 -8.288086022457556 5.52795197002057 25.954661286850783 -7.54659029890691 5.867997291346257 25.33705719861213 -7.179334311785327 6.2507337931075 25.223091708295915 -6.937426652731286 6.671474999680676 25.30186838167564 
-9.75460773605415 5.050888763110919 27.572163856717538 -8.88730822445107 5.305214471084759 28.660313430389593 -7.823365150744611 5.561829456747344 29.35564924998289 -6.948063152426224 5.605347266223694 29.824092056192622 -6.188920629755363 5.414471964596103 30.29943608877726 -7.29331886945845 5.285654296625497 28.01000983523254 -6.086353940118469 5.724447376818094 27.595859188926667 -5.38137343348799 6.190101075587648 27.3263956065005 -4.864690646149761 6.66294300022896 27.104049674000336 -7.436753890049007 5.204421733407652 26.961610182271944 -6.2836996204229765 5.6952078299265505 26.288035032890125 -5.660351942375266 6.2628927097640466 26.001801478685294 -5.269032000727618 6.8360106475149225 25.867347878450644 -7.816535903244291 5.3038169584708745 26.31839193482948 -6.81742939196382 5.736668214664406 25.658750621726817 -6.354164294971748 6.281667279162937 25.540190024605845 -6.079920452199877 6.791931702447268 25.599394548188847 -8.307100850823403 5.509801897768614 25.93844004811998 -7.551218914479022 5.872050059409764 25.329752610995634 -7.193254907071175 6.254487355182254 25.228000779198858 -6.945605443497279 6.6805633365683414 25.320239215874825 
-9.759439806871695 5.0165795172219765 27.57698742408203 -8.87293895128604 5.257956796398548 28.656398682707994 -7.82403810223468 5.527278602440737 29.36559642496505 -6.949173953115119 5.588490100510149 29.842318993720355 -6.220037553432161 5.414265460020939 30.315597013222888 -7.306823692332962 5.28131385085857 28.01579145328128 -6.085689926341563 5.707381665684862 27.588187347253204 -5.378303491302101 6.180173078776446 27.301355948680364 -4.860029043662455 6.661523703752333 27.08585276056063 -7.464941037150791 5.203911030808017 26.972905116021295 -6.312560357438396 5.702893816147481 26.299510047498316 -5.702521758942557 6.274926864847806 26.018591917005196 -5.294451699270879 6.83659106045442 25.87777079920589 -7.845256464932266 5.320028122620007 26.336130216030902 -6.852656887850302 5.75559235461042 25.662838351107748 -6.3583376992829805 6.269118220778256 25.526568655391443 -6.075718947907855 6.776658617073269 25.598298707361895 -8.359470345106073 5.538209518224575 25.98044512707544 -7.577515580486483 5.871904565420944 25.339131195833822 -7.204093818013888 6.259849108682601 25.2387993061379 -6.955546985506243 6.669527388954215 25.32430422468725 
-9.704698267195962 5.022648264662324 27.545315380075916 -8.812745465104829 5.246712046151424 28.619511706867947 -7.777806059530553 5.510137016261959 29.33292568428091 -6.927324157735431 5.566378293815933 29.830791112576577 -6.197929707049421 5.391724160309646 30.303187884694214 -7.27532010902865 5.273514134074911 28.002005161967208 -6.071200334942644 5.720365157462727 27.58913887807301 -5.38563484205329 6.189558145632179 27.320907485514752 -4.874470674626338 6.6659209452054995 27.09232253854431 -7.429262425031234 5.212659821987113 26.949030599479244 -6.307311876786087 5.69903730250141 26.306310420506392 -5.706011517642622 6.257512520616639 26.006041230541225 -5.3030140284481435 6.8226848954358426 25.858899821546974 -7.794113807286861 5.308412208783064 26.30044616872021 -6.854278892638628 5.727461499128839 25.674537718336996 -6.3705224500099185 6.251491240474676 25.525948064511976 -6.075108844618647 6.748354249672042 25.561639703912668 -8.308296711209588 5.526504050938696 25.94563564620699 -7.5794691807393475 5.869011589512698 25.364579453730954 -7.212753814412378 6.243185425553366 25.2440001276502 -6.950641114074971 6.6588368346133535 25.299994886884463 
-9.706224687863951 5.049740037882043 27.5604847790018 -8.818245829412046 5.29089758145532 28.63761563839973 -7.782880701594218 5.555063308323383 29.351709528098286 -6.929523109937968 5.602788457486743 29.84847885980057 -6.206130043086714 5.40149972941856 30.326156040993197 -7.284982972179787 5.299850373750761 28.03109177904856 -6.070540001570985 5.703307159920764 27.581472893147442 -5.378303491302101 6.180173078776446 27.301355948680364 -4.871916930717292 6.655779652460893 27.0677400656869 -7.4226473905314085 5.217593434682729 26.963039774702473 -6.288662764386992 5.679638922904734 26.299066595737727 -5.679170954270145 6.251683393827836 26.01816397863332 -5.280626759617792 6.8324043121121765 25.87223175889675 -7.802816525311022 5.3169169599895305 26.320095275924697 -6.838842612910657 5.7325770624174535 25.675628474983274 -6.3593026887108755 6.266575379588172 25.55105292924888 -6.077819084618848 6.78429474070497 25.598846407368537 -8.302004129943784 5.540677290126123 25.966507049681056 -7.566261411501831 5.881806719493357 25.366518383214544 -7.199588013814067 6.255864688314926 25.24591471786441 -6.943622478239932 6.6730817440490755 25.319770630067886 
-9.742946919534859 5.080433058890323 27.617718867820695 -8.846363485260039 5.32198411653672 28.675893174281068 -7.792165654084101 5.5646890386067565 29.37452503692846 -6.937132328336149 5.594358181075343 29.862513473542904 -6.210963247241189 5.429605655201819 30.36367852316167 -7.298492436569716 5.295509857252322 28.03688552867873 -6.085689926341563 5.707381665684862 27.588187347253204 -5.3930579018793185 6.184410463266218 27.307933398568256 -4.876585566867634 6.657196972731811 27.085928731967016 -7.45936318037195 5.22573075280506 26.994474130866553 -6.318156421640767 5.7038449169678875 26.317698024934803 -5.691486226360768 6.264394915218056 26.030044759568614 -5.297203623931178 6.830360685829442 25.894652421129514 -7.845932490767363 5.3257949273600325 26.369217798125916 -6.863954813761332 5.741269667289983 25.691878771498708 -6.369725042511312 6.271729068605587 25.562011821205562 -6.083076073015121 6.7811116679028105 25.63951836149462 -8.35392123762949 5.54322670743168 25.994788783905328 -7.5785620326467225 5.852591056771639 25.35768161647686 -7.195727113371693 6.241030524593717 25.24496116106098 -6.939660871779634 6.658121079940068 25.318834937346534 
-9.741895922563879 5.034101240806666 27.588239769033542 -8.843117747847694 5.286085171882279 28.658947961930192 -7.803123367458605 5.55845047348849 29.353680287730988 -6.936036017049025 5.6112287999926265 29.844286176477468 -6.213244849036884 5.456093313226547 30.347615065064915 -7.284982972179787 5.299850373750761 28.03109177904856 -6.071200334942644 5.720365157462727 27.58913887807301 -5.378743145620833 6.197140926520156 27.308833783321294 -4.86214740238261 6.652805976709599 27.07946470513616 -7.44854654084017 5.2148675518373295 27.00673379049119 -6.284159847974476 5.705847974229738 26.31822701796495 -5.65859158644122 6.2715870379564045 26.008067771359883 -5.2670895049343445 6.8447435690856455 25.87357359669719 -7.822364394687816 5.313671319055895 26.343897776670243 -6.818865515204584 5.7477715197474675 25.68880099370362 -6.340327441953649 6.272780016014689 25.557879087145903 -6.065738264073172 6.783078733846475 25.6170546359836 -8.321434157920585 5.511816693235161 25.97633955000622 -7.553998690041775 5.858406154044376 25.34685010059524 -7.181792585314997 6.237275774042696 25.240040276138394 -6.927741323973178 6.661676535425085 25.314303147114966 
-9.72022205966289 5.045359965292704 27.565816762563685 -8.831815818664335 5.295974846799315 28.650850549771825 -7.785312073322032 5.563735932449675 29.35309804665362 -6.923985863645103 5.617106482772164 29.864475822716134 -6.200249776899439 5.461563187523291 30.36717538977237 -7.284982972179787 5.299850373750761 28.03109177904856 -6.059999197345689 5.715660872255647 27.576856274293807 -5.356126895617147 6.1810815660063065 27.30773693966487 -4.835534825892204 6.637223880751254 27.08375952050407 -7.426966504742844 5.210434084938491 26.981377137802248 -6.269280060342631 5.691367900370117 26.28230182047566 -5.660351942375266 6.2628927097640466 26.001801478685294 -5.273986646712911 6.837577430545817 25.88486467036809 -7.807548813223632 5.310075525653502 26.33829895232079 -6.814171913597829 5.737937358185851 25.66448934053031 -6.3423685584171325 6.2803526376111725 25.558439631322248 -6.071284192636154 6.784668797584993 25.63476930266238 -8.298884927767032 5.5164140336867575 25.958665590921576 -7.541794607191371 5.862184575913212 25.342408977358357 -7.181792585314997 6.237275774042696 25.240040276138394 -6.94585769339103 6.659717895169158 25.33674815331993 
-9.721486765480995 5.024182011009666 27.587182468131402 -8.845404974690355 5.294457061364956 28.66016114981683 -7.7778846596477935 5.5691730199514895 29.368005060573264 -6.908300482073562 5.630960827676047 29.864878194190442 -6.184295406891908 5.4701365825946375 30.36421414623036 -7.312408984903524 5.287928007225701 28.07006492936676 -6.089186488477666 5.714325488330851 27.639756269661092 -5.36675127883797 6.185122153763925 27.36890706470181 -4.847341027387442 6.650158509806406 27.144741383364952 -7.456052210099174 5.206618973926076 27.019354244286674 -6.303710350176143 5.69999810193717 26.31194682358288 -5.6936513198790175 6.272167888474209 26.03073666401646 -5.299716361490457 6.8547060562988325 25.902203312134077 -7.828016488887763 5.297795974817475 26.355557564125657 -6.849769752162881 5.7375580109314095 25.686622389288885 -6.350087336997834 6.266535552467985 25.539074897572004 -6.061850652319008 6.772578853739609 25.593024165111537 -8.344010253946339 5.507211423906441 25.994043806750202 -7.5625584997035675 5.8415616262190975 25.35221346358948 -7.196120155459983 6.215601007917296 25.231777320719253 -6.9360759413759006 6.6383734974131015 25.288155089705757 
-9.721486765480995 5.024182011009666 27.587182468131402 -8.82591908691766 5.291771951367974 28.659005239492522 -7.775448300403692 5.560494335166863 29.366610599006993 -6.908300482073562 5.630960827676047 29.864878194190442 -6.194217661530774 5.470813872763547 30.379969228701494 -7.283101295599758 5.28836982605687 28.057326266557507 -6.061144459092083 5.71439236611091 27.627315624776823 -5.351969197586141 6.180873384729931 27.36228086793116 -4.849586615333516 6.643328530168809 27.162005545098303 -7.419311526427624 5.1985005779518545 26.98786868781011 -6.275444841337914 5.708827441704025 26.307584339876442 -5.665930734457984 6.280613706108671 26.026485550853494 -5.285877225965392 6.850509020880975 25.896647659071515 -7.80036634304112 5.298295288202074 26.34508770747419 -6.829380427051659 5.738705994357902 25.694699359797035 -6.343865907494164 6.271520460337013 25.55213867958493 -6.053517697438544 6.77008247282392 25.605434019737455 -8.292841608654093 5.495555458248197 25.959207283176607 -7.535255702812139 5.850723049017588 25.349195253124012 -7.181792585314997 6.237275774042696 25.240040276138394 -6.925760329531258 6.654197488088026 25.31383518212742 
-9.73802806907214 4.987076251520577 27.603518445595743 -8.87908736256895 5.247490451264005 28.673293864713205 -7.801596222958634 5.542846717549427 29.378266369869497 -6.916015504808965 5.617984906902 29.87596897515034 -6.169430510984636 5.439091541875642 30.365732195728334 -7.315441137878302 5.263054222394494 28.080972392471022 -6.0794528419189655 5.711176476579396 27.652105357785647 -5.369363447249677 6.178054789340961 27.386490904106893 -4.849586615333516 6.643328530168809 27.162005545098303 -7.43878274135306 5.195016099828583 27.012334641577393 -6.2852403772708625 5.725362022839947 26.327270634831272 -5.668100006693747 6.288388749585305 26.027178607732942 -5.285877225965392 6.850509020880975 25.896647659071515 -7.805090186136704 5.291435778438229 26.36329992502691 -6.83606000209225 5.777751790202887 25.703456924179243 -6.368146319489273 6.308304600038909 25.58309717821805 -6.091497941366756 6.811713858245844 25.641735354611654 -8.297333796531507 5.498156165318887 25.984073543589517 -7.573839459855141 5.873969866821133 25.378286307369024 -7.219878046842552 6.261004746445207 25.268779687226953 -6.9617581340504255 6.671133141750588 25.342231890291426 
-9.750178891999171 4.933811746706738 27.656899771127392 -8.903573094102052 5.157651809555304 28.746280952804465 -7.799220456233996 5.4475326969562365 29.420088698164694 -6.899362591969293 5.520428400355715 29.87300958824919 -6.177115490898567 5.355392323528795 30.39299179914764 -7.331304620766268 5.213153374826545 28.11710556872951 -6.099429211255541 5.699097343118491 27.670297251855256 -5.388436372868115 6.181779142661288 27.387649006610037 -4.8639329797619455 6.64583807169192 27.144855984820335 -7.478711687731617 5.158804118051235 27.073889030683855 -6.318496653405699 5.700940210185067 26.34271119542802 -5.707726444796333 6.276184402478497 26.036348107487278 -5.290294227414253 6.8375388325234 25.883356079250525 -7.846697376429297 5.272555846823471 26.431041074975226 -6.87176300517091 5.755750364245671 25.741900826928195 -6.403936031818621 6.297268510949423 25.59711484216448 -6.107410074391532 6.795352022744678 25.63293585425369 -8.348631635082299 5.497547391600994 26.07788009157451 -7.583210359148222 5.861465726331557 25.41359373027875 -7.21408476124927 6.238734910360903 25.267341506302223 -6.959776665053716 6.663646555280886 25.341761414494645 
-9.73499316835143 4.870423120829516 27.646321919511486 -8.898461445753659 5.12904506956188 28.772253122850625 -7.811573718065073 5.431142316168587 29.454300497359107 -6.892278499294127 5.508892304795098 29.90560849164894 -6.172061621323325 5.324994535173593 30.4102552626711 -7.340708865723449 5.188928781935109 28.14811261062302 -6.104211361707122 5.682923345909451 27.68172757040922 -5.385360179493345 6.171847070155649 27.36254963044664 -4.875853716740821 6.6401012146934 27.126732877748715 -7.48095508618109 5.14365871448489 27.09139443596835 -6.3111182502138075 5.689297710103013 26.348767418697435 -5.6936513198790175 6.272167888474209 26.03073666401646 -5.285043991170367 6.819453362740458 25.85895497765103 -7.843593291663219 5.248126522124153 26.422950788030448 -6.874284429824577 5.738076378817761 25.729189840046686 -6.394399333602183 6.266813789268826 25.57292660560523 -6.11232435398153 6.768562346743759 25.613891513742278 -8.345471371970666 5.473210217705089 26.06996571119443 -7.577612865249695 5.851288785719822 25.389024523996305 -7.236337976371315 6.2512933872736305 25.290721666810214 -6.979928570240369 6.669181917973725 25.364730127905577 
-9.752239839295914 4.830942576808733 27.698321414339453 -8.919818883482725 5.061426246995592 28.830265242185664 -7.8145864869064185 5.376710179626879 29.511954416014287 -6.883981964269385 5.44394511139983 29.93862566075451 -6.170776376911257 5.253555810587672 30.427691326657246 -7.345993047762436 5.1722536175489 28.160178260829557 -6.1096773955874 5.683842502588287 27.70087885999663 -5.387984490564096 6.164779167528775 27.380137309525857 -4.861530578593104 6.637603370602817 27.14389059743359 -7.4775712073456 5.124444997119323 27.11631601711562 -6.318198474706355 5.681497216484606 26.360603354077238 -5.6936513198790175 6.272167888474209 26.03073666401646 -5.280358891470764 6.834412228945304 25.848329800272392 -7.848949823083442 5.246931739670347 26.474414824477318 -6.873357828065294 5.727580815987087 25.753657725618506 -6.414999148976805 6.246735020228136 25.582735268499817 -6.106289302518436 6.750428069775824 25.58929145211983 -8.351075163246698 5.455839227392321 26.11454904461706 -7.597459393788515 5.829309330286584 25.43028044702988 -7.235923226530428 6.20936870530011 25.27064352679879 -6.983289124658249 6.6351399606062955 25.314151337215314 
-9.637303449502244 4.745248846448501 27.694002638787442 -8.823857423916365 4.982925205053847 28.847969260187384 -7.731367787089613 5.288816631105513 29.524683276977754 -6.818169582750591 5.384848849105333 29.966155178346316 -6.130319024386752 5.205893480746175 30.451697177215554 -7.226658162701655 5.105243837648412 28.131191337827314 -6.064836900550994 5.656025859213322 27.697469206466913 -5.373189318106768 6.160538678530573 27.373505624453966 -4.876007884805785 6.64200222001921 27.150403767921336 -7.382070206733537 5.063419124626442 27.093860746188387 -6.283195443242394 5.647525150589151 26.371771180105817 -5.684353908014153 6.2529266074649685 26.035904914615305 -5.293891955392156 6.822080944956672 25.846976948300508 -7.758918618550399 5.172968309941267 26.47293059358576 -6.859442546603462 5.682827242687014 25.782679687391365 -6.425887420023279 6.2329014729883525 25.611430674329068 -6.12690433985626 6.730602306736658 25.59905486339145 -8.290089177278944 5.391937203263516 26.132325161872462 -7.59266590409125 5.81310359561157 25.460632381705057 -7.2626439449044335 6.215827254578678 25.311541498160736 -7.0041389959142935 6.657227320266025 25.34397065279772 
-9.651149293463893 4.7066235384383495 27.790828611265677 -8.858048746099772 4.974976965310124 28.920813300702743 -7.782753488672583 5.322235317723077 29.623282951488314 -6.8245788747221 5.400646881911808 30.02481051722438 -6.112108364825764 5.226207892424552 30.513612411585154 -7.275210770506716 5.10325074128042 28.23168561406274 -6.073655898541948 5.663817954996093 27.7683687318669 -5.361076083240506 6.1484278939193295 27.43362906937903 -4.837065518979236 6.615128169610468 27.16536937294635 -7.409724151136337 5.050714083534015 27.18856033385688 -6.270899852299355 5.642622341877924 26.414846063809485 -5.673482478802565 6.23993275267457 26.07165831444766 -5.259363194952513 6.802374621030081 25.84168403356734 -7.788305870103591 5.161201735667773 26.56659499728607 -6.852191193817006 5.677176172248339 25.820567039063302 -6.4443846025434395 6.232967203202889 25.63559749612766 -6.134816611706711 6.744577422166683 25.59438077744616 -8.321955679165793 5.381324409461182 26.226448203518295 -7.627671213281515 5.811132565483432 25.514028877803515 -7.306534281324854 6.224463410719575 25.35164149126624 -7.044195055200806 6.656644778876378 25.32865464751144 
-9.653201575650588 4.7146271704690985 27.791834156935614 -8.858048746099772 4.974976965310124 28.920813300702743 -7.780300175258635 5.313500028352395 29.62181059091801 -6.814506247138344 5.400221088141788 30.009129802005805 -6.099753594433171 5.261999969191392 30.52133292717148 -7.289043835375447 5.0954594523924 28.265067169629834 -6.078407620157875 5.647596467899329 27.779820716048558 -5.378510757156276 6.145569299934663 27.457926919877014 -4.853796530702972 6.612670620382959 27.189176243053712 -7.426772850741181 5.042027952728645 27.214925781589642 -6.295894349860234 5.631737499687765 26.450027488020233 -5.690588802707719 6.237389894640739 26.094378691795477 -5.294694812422217 6.806032384354317 25.887106567344674 -7.783878286344315 5.148101842980722 26.56754343485242 -6.871702937952484 5.665450491348167 25.837030532196863 -6.441745693114984 6.208940144265916 25.628120271081247 -6.151232535118773 6.709474669382848 25.603057182239464 -8.295691291486829 5.363529194227784 26.20300450213383 -7.6078299131903275 5.797354989463288 25.484313865617178 -7.300116734747653 6.223096536061726 25.333595322455164 -7.064419659122873 6.6621717742762305 25.351638727760264 
-9.680040149375726 4.717199862251213 27.813206679747676 -8.91687323315466 5.029689938460144 28.955519989869643 -7.805101310322292 5.36925813272423 29.617165562185807 -6.836405100298252 5.462365398154214 30.014757576851185 -6.110662643827494 5.306290810962029 30.47679650881981 -7.320909189305514 5.103210317397287 28.279261834606505 -6.109655210749391 5.672903781235421 27.80131185935712 -5.376598485499554 6.154333823792076 27.46443556178539 -4.820272687310674 6.604333415251103 27.181508768252172 -7.4488443701015585 5.040786141806522 27.207124799196613 -6.286704173346431 5.631736245846095 26.437355491870793 -5.681479557901973 6.237067194926859 26.082165757655872 -5.273685816899954 6.792522649816567 25.863399454738172 -7.805091120697088 5.146786197408437 26.559173060804426 -6.880716584261417 5.68457424556538 25.831251424394562 -6.456350665148959 6.229249156612099 25.64027246914579 -6.156828441188917 6.711034350422387 25.620797633101386 -8.301422040731111 5.358557729176039 26.188650492377434 -7.635346258972 5.82579081398287 25.477748273372118 -7.327518342357975 6.251549273418687 25.3269559206131 -7.072943629242693 6.67616460320666 25.31564650683134 
-9.67289863022166 4.685773791047581 27.806422092537115 -8.873144454911696 5.006485529234108 28.91399777939427 -7.771911173917727 5.386319701192121 29.58378371917874 -6.807584331704003 5.491619805032217 29.95423446059677 -6.104945289233943 5.323170368666563 30.43781087581081 -7.297728048187296 5.077957099584946 28.271433056753633 -6.106635559827732 5.647484406281955 27.792451243758418 -5.391450482874192 6.1585908266943505 27.47113752561416 -4.85167268416554 6.62138908248034 27.195584970339592 -7.4331821919479 5.016791432550232 27.22004116835098 -6.302315254288946 5.6073546940128205 26.45473836070993 -5.691909850585238 6.212200814855401 26.08111222685202 -5.292189925382112 6.78172112830865 25.879565742608456 -7.799549979400881 5.116964676154466 26.552773789129024 -6.88146571604558 5.63997720908916 25.83611938903887 -6.450395907181658 6.192534623863479 25.63333362961716 -6.1312882803611854 6.687353246310428 25.57321020669963 -8.332710342102718 5.336472541359921 26.212529075983802 -7.663810805726868 5.797181319284964 25.499594047810934 -7.344870497104788 6.228131754422196 25.312753753817486 -7.081811889898538 6.669328344538541 25.296239239028548 
-9.600823752269823 4.685676680071113 27.806022604379404 -8.791317846599101 4.975171276389524 28.93543671359407 -7.702189881045401 5.3284093713945735 29.592969338237673 -6.771597344745466 5.414013756340471 29.988196593772475 -6.077779436536648 5.252617120366677 30.460007330350955 -7.224338941086042 5.062646783278401 28.2286658493405 -6.066247644376299 5.636135581377399 27.79105122774754 -5.378510757156276 6.145569299934663 27.457926919877014 -4.858322392911289 6.612200319993878 27.183748215695314 -7.361397655620202 5.011451233334487 27.18795664365572 -6.26410972510161 5.599713208796865 26.430381143399813 -5.695350888364155 6.222124715824663 26.105183663781258 -5.313226111378849 6.795227635241228 25.903305296313366 -7.734993548973636 5.121905287667613 26.548681057314106 -6.860668556402868 5.638733593707975 25.84215623105021 -6.443395325422397 6.195039349266422 25.64477924167834 -6.143338189867486 6.695497012620958 25.6077252146414 -8.267328412436648 5.334484939784719 26.20911431418114 -7.616392249090739 5.780467125031642 25.489781434493192 -7.3213650056387864 6.214586902374246 25.320400583724677 -7.052025535931776 6.654057689315279 25.285842130220203 
-9.622988342973214 4.729784477631886 27.86542759129851 -8.85853417880658 5.005944740598855 29.00959203887534 -7.761473542593598 5.324963996257148 29.657547019226293 -6.844250142873009 5.393670072775573 30.08170633384731 -6.130095966460965 5.236553908375046 30.55264898989214 -7.252711514829445 5.0941653714123944 28.29096299226399 -6.066934380265612 5.653261974847452 27.798802691172146 -5.363670682276771 6.141321022556734 27.451234584263638 -4.853796530702972 6.612670620382959 27.189176243053712 -7.3968062325304755 5.033860753954586 27.259949961430657 -6.262175728066486 5.588958518888117 26.45466904890774 -5.688164825272283 6.210644586678128 26.111044886411534 -5.2993766027801295 6.791048520570019 25.897749555004882 -7.769930279873361 5.127615723313365 26.611686309569862 -6.8393672088055135 5.623523753446721 25.843215106945948 -6.424598846257755 6.187337985049445 25.646357463134922 -6.119746480424719 6.7026612507052175 25.598291528337697 -8.287463764323242 5.320379126647574 26.259165517300033 -7.63528953772589 5.767369141001048 25.53767482693181 -7.316325298153485 6.198689984046974 25.350536523377095 -7.062620683015735 6.649806198805213 25.32128742059522 
-9.629200635709218 4.722306832051041 27.88548769903183 -8.874687247844735 5.019322300544154 29.02439416133713 -7.766398469508885 5.342463612758803 29.660514307262286 -6.8214278730564155 5.423891319852246 30.042439451661743 -6.1262912704863215 5.226836479982161 30.524052770841454 -7.2343883522056736 5.108405883685967 28.297640918088135 -6.0523459263912125 5.666305660501239 27.799677117090408 -5.361754680829053 6.150079317665816 27.457737293956228 -4.85167268416554 6.62138908248034 27.195584970339592 -7.380403621314406 5.039127316309016 27.260306008674647 -6.270891791168669 5.624761870251688 26.51120875734357 -5.673537555674495 6.2174527674229205 26.135023338107757 -5.279440280952848 6.7965305556854405 25.904008081727824 -7.746619972632315 5.12117231127109 26.619200616918118 -6.848107230440468 5.648498266953125 25.868976937574857 -6.446409586048083 6.200073183565049 25.670062621578218 -6.139441756875746 6.713059505277922 25.59834650093001 -8.274565112364925 5.324463791662913 26.254386367742367 -7.638167278033884 5.791314303922017 25.545198933473422 -7.334233170548512 6.2173258685197395 25.35651683589507 -7.094435532400937 6.672575755388118 25.332204995099705 
-9.651413556877008 4.7594619434812495 27.902253679764982 -8.87161941009201 5.03554084607387 29.00533326935379 -7.7753911857601805 5.355259077673741 29.65440594369254 -6.835758294855141 5.4192858895082585 30.04943773114052 -6.1425301813193744 5.258571795363959 30.549538452665658 -7.240156775213908 5.1159839353733645 28.29313347236574 -6.054676636198192 5.674589072337882 27.800783008261753 -5.364123959282906 6.158339784829159 27.458772866463203 -4.8540794753825605 6.629639996037041 27.196561288170873 -7.370445842161375 5.042453250633478 27.249266317854456 -6.261496850760442 5.611307510789441 26.493351097565583 -5.677471041475775 6.216559135997857 26.12946084411852 -5.281378401319136 6.787802527770957 25.897771297045352 -7.750676761464142 5.136691329414909 26.620825086462027 -6.839798738394612 5.645782131091698 25.881733884857745 -6.4163026529344505 6.1847463466038635 25.658915558661178 -6.122987012885502 6.684862972743118 25.585655331112765 -8.270005296424506 5.346208382902023 26.27606340639038 -7.6305540539831265 5.788828448998502 25.558444712846118 -7.326637920315578 6.214948009570796 25.36961338801381 -7.078525079389664 6.661188720570955 25.326745174349167 
-9.660905663683753 4.7895056931758395 27.903016035337057 -8.869573090638655 5.079297453099581 29.002215581227624 -7.7636619718198885 5.396259208813 29.665407519799054 -6.835397059447331 5.446795041972641 30.065670990586916 -6.134769150782767 5.276809861423512 30.569541816215654 -7.23025693779091 5.1425345564271465 28.293682356781208 -6.045275426986834 5.674248445687126 27.78712634296127 -5.357240849573228 6.165945363920548 27.446629209269453 -4.847300127549773 6.6369634463576315 27.18471453900213 -7.375082826953635 5.055421476701275 27.248541202476485 -6.250807712938666 5.620014688419799 26.487026672607858 -5.66836627509379 6.216230982093232 26.11721766350708 -5.295225275890754 6.7919843538051445 25.903329832244005 -7.7560446892719135 5.140780270711822 26.61328517752006 -6.844076629776297 5.633290830819145 25.867665991378637 -6.422548666693257 6.179745000354745 25.645767352521908 -6.119272936630042 6.686133625462208 25.59141579551339 -8.27382797305402 5.333597040046123 26.260991354645455 -7.622009058578541 5.780231354780587 25.53957025661072 -7.318265511837893 6.206134229785027 25.351037972173085 -7.072224838333032 6.659573130200437 25.30876794549392 
-9.628088060830866 4.791927192518631 27.897127876747554 -8.824598575606762 5.059993139372361 29.000158114597077 -7.730978780664496 5.378459618792619 29.641746735361256 -6.8016103798208585 5.438105083559725 30.048400890743654 -6.094338792070125 5.249119967644046 30.520772027993267 -7.212762548387337 5.128174847668648 28.25384052264412 -6.031671338705703 5.66131259234364 27.77361740792497 -5.357240849573228 6.165945363920548 27.446629209269453 -4.876308534206245 6.645791201876559 27.197813787043025 -7.3477131973773036 5.047085944440043 27.230247625793922 -6.254454881271309 5.619128065419407 26.481445204203656 -5.6705441020431415 6.224031533823703 26.117934978813864 -5.288322063839642 6.799178170937412 25.892036642418983 -7.72811824993505 5.141372125921958 26.602506929027477 -6.839798738394612 5.645782131091698 25.881733884857745 -6.4163026529344505 6.1847463466038635 25.658915558661178 -6.126938415657725 6.695307915727622 25.609685264649652 -8.262150363164036 5.354448441832976 26.26352297155798 -7.629577004485045 5.797850592627849 25.56485218461962 -7.324693792375348 6.207497160489837 25.369108131968982 -7.092460446474862 6.665098454155257 25.331736011420514 
-9.656184755547883 4.824054469548375 27.89827688037278 -8.88263479088923 5.108901267397679 28.99793000099227 -7.776214069205825 5.408350808104619 29.653412767010987 -6.839419863992825 5.4464508370665214 30.05998972615799 -6.09869417184248 5.249134859978866 30.515327587725032 -7.251774573212198 5.1573288126647165 28.268793160257907 -6.05821441498744 5.67006360785517 27.792899756392277 -5.357240849573228 6.165945363920548 27.446629209269453 -4.866329159402688 6.640896763641855 27.185820692551772 -7.401455744053656 5.0701335096470315 27.242706133876595 -6.281387193701742 5.618962590338217 26.49238655407567 -5.682489028756522 6.220243451232111 26.122891701393424 -5.274482751347017 6.7949935062411555 25.88648449444445 -7.773057970604747 5.152124144744708 26.619890383426767 -6.846091194344305 5.640894136702956 25.868321196166463 -6.415712249752958 6.168320376079056 25.65202080632055 -6.126459717460918 6.6787765956115335 25.602805931116468 -8.284734135824696 5.360662045602103 26.255360371175332 -7.622009058578541 5.780231354780587 25.53957025661072 -7.325811775915068 6.1984513175482645 25.362724851468474 -7.0917343997305595 6.648499619632642 25.32484909810317 
-9.672311834836561 4.820398255213198 27.861875238602412 -8.85722129428929 5.098210149517559 28.93170915259981 -7.753622884637553 5.394794521158369 29.553862890655232 -6.821707274077116 5.451825979616662 29.97042251793216 -6.111664170841562 5.2614010904515 30.47821826913693 -7.264842835063052 5.159790753608216 28.250016927139402 -6.052978840398284 5.658832220872867 27.742349099134376 -5.375903699689381 6.152674522186001 27.440307677179128 -4.863923789831802 6.632649348284678 27.184848157565902 -7.403584165940909 5.078105672413592 27.24366204150546 -6.288869589007608 5.630630175494274 26.48635389996348 -5.682489028756522 6.220243451232111 26.122891701393424 -5.274482751347017 6.7949935062411555 25.88648449444445 -7.784492212373014 5.179497454515432 26.61476404724115 -6.846842029025912 5.657312709028905 25.875321978200244 -6.426813050951592 6.189847571116087 25.669908507666037 -6.119272936630042 6.686133625462208 25.59141579551339 -8.281519527573472 5.3750128910739985 26.237627948658748 -7.624885226969512 5.8041815711441 25.547094372469612 -7.318265511837893 6.206134229785027 25.351037972173085 -7.076550570460437 6.653713143989376 25.326276335908243 
-9.67358015776991 4.857066668283482 27.884434266931542 -8.863606092173415 5.118072709316141 28.967972457961835 -7.762567886150188 5.4066517610048725 29.610195286516173 -6.819736944792262 5.453336405220053 30.003119632359684 -6.114432390918357 5.265173579205466 30.476942320548478 -7.263648672209864 5.168871362123252 28.25692228768127 -6.066579022635034 5.671761647204434 27.755828518724236 -5.3690192691798835 6.160281219145412 27.428169223537175 -4.854606884833624 6.629852788062965 27.148361873247662 -7.408232725729236 5.088459123778864 27.212111790468843 -6.286937158368729 5.628815521862593 26.462461819871404 -5.681237106774664 6.218117872727627 26.09952437464653 -5.273685816899954 6.792522649816567 25.863399454738172 -7.788104897256534 5.189341189100527 26.58310516997858 -6.84915488822308 5.6590455865194045 25.84444099361025 -6.424598846257755 6.187337985049445 25.646357463134922 -6.121367939876349 6.693760291073201 25.591971039291405 -8.305279164096913 5.397994878845145 26.236742633652824 -7.6248918944019906 5.814541070535438 25.521956591718364 -7.301992752646661 6.220473957688295 25.35882548459948 -7.046169975142056 6.6641223697611816 25.32912252072613 
-9.659508774820164 4.844741158344205 27.82885894177643 -8.85952855550292 5.106649459096228 28.93299167818678 -7.770462111147376 5.398952886669766 29.56193428174942 -6.83101444750646 5.464626200853568 29.964915593286005 -6.0989725410655105 5.269240118124806 30.442908164582928 -7.276695637683631 5.171317796229477 28.23813137718041 -6.062788398479101 5.662007480963363 27.730022692404074 -5.364051365922676 6.159125601241742 27.409544410061912 -4.861666759621678 6.639491882173437 27.167565126441165 -7.419247549457658 5.099450172815337 27.19994346338285 -6.295894349860234 5.631737499687765 26.450027488020233 -5.690163896573801 6.2208975816722525 26.08738814442194 -5.278640527789849 6.794060057390576 25.880905983877735 -7.797473974332732 5.208936335642948 26.577149485873957 -6.85743495045181 5.661756444248747 25.831682777452944 -6.415948925393046 6.203736650042567 25.64114822737369 -6.118122631546948 6.711565856320207 25.604616798417155 -8.314185777578288 5.417418308362421 26.230376751377623 -7.6248918944019906 5.814541070535438 25.521956591718364 -7.301992752646661 6.220473957688295 25.35882548459948 -7.056759276812086 6.659862038630287 25.364623458814535 
-9.691713219918947 4.861411555096997 27.848997545322195 -8.889420605498962 5.125065256951303 28.961204370451767 -7.788392365112604 5.423618202973573 29.612189531929236 -6.84847844791552 5.479433928550843 30.007830105138208 -6.1250919574675535 5.296273954396247 30.48106402980286 -7.297512626761083 5.18831309851938 28.24478605010408 -6.090000085099308 5.687887266428126 27.756983798669808 -5.378866671672264 6.163374639650087 27.416205524530177 -4.859263475896429 6.631250405053606 27.166596627147445 -7.445568887276284 5.116828341254972 27.22489767040001 -6.3130204001088766 5.653987604344031 26.486987438525556 -5.688415292794783 6.229597615487772 26.09366866025703 -5.285574126871288 6.805428023277827 25.875167445420917 -7.824493502558437 5.217412334813095 26.594504022551327 -6.862167536315032 5.671561908612998 25.85614898252577 -6.417413771273841 6.194900900381953 25.634842102364804 -6.121367939876349 6.693760291073201 25.591971039291405 -8.32902790480051 5.420990810518041 26.235844621314733 -7.623912554555389 5.823566439058899 25.52836434174115 -7.301992752646661 6.220473957688295 25.35882548459948 -7.039781392316177 6.652706960907355 25.335682378111755 
-9.709771811966855 4.8825778729220835 27.863682634424205 -8.881702246991836 5.124306919278533 28.939563347865406 -7.7758257079524675 5.412445544600398 29.56167729035067 -6.846398937539792 5.478249443118147 29.98076060834982 -6.110534549770537 5.318514939312453 30.45602196078121 -7.30097084178509 5.187524403116339 28.23903739492097 -6.0763872944903525 5.674938375536963 27.74349283139836 -5.3807771114038765 6.154613012866606 27.409705463382405 -4.86378706842778 6.630769291751325 27.161159851232217 -7.457628724449333 5.118838078687786 27.206012693465972 -6.30334768055734 5.6433960013372575 26.44398261102387 -5.688415292794783 6.229597615487772 26.09366866025703 -5.2877919284640535 6.8132174770406255 25.87581768941305 -7.826512360616219 5.225165980842776 26.595296023587018 -6.85617307554851 5.670573794899823 25.838028973090523 -6.415948925393046 6.203736650042567 25.64114822737369 -6.108171034414563 6.717973306692579 25.623386059208553 -8.345109142766892 5.441378484308575 26.248642685511296 -7.6219905082330905 5.816104457312897 25.527811981110617 -7.293641728032986 6.211664800549244 25.340277275015346 -7.0365353785312745 6.654335284681349 25.341624084756432 
-9.684890932987544 4.887901325755525 27.84325376399815 -8.86660927730168 5.138441899289439 28.940747075291107 -7.762781019456744 5.435182815544383 29.56384802765041 -6.8342911916481635 5.519262502203231 29.991588588878557 -6.112372005159637 5.35497309502948 30.47410032408157 -7.30097084178509 5.187524403116339 28.23903739492097 -6.078707646005434 5.6832025122600465 27.744581194378195 -5.371384991409125 6.168532307833091 27.429196857142582 -4.849305739338723 6.6263711271568875 27.154636940162845 -7.441263727489109 5.124118402934521 27.20643068511518 -6.305476038256286 5.651219244340213 26.44477121742668 -5.6923368710327145 6.2286872441587215 26.0880984861177 -5.275903641607793 6.800308487479393 25.86405023999901 -7.821797982796081 5.232137753405427 26.57695017300076 -6.870445378972866 5.674273589136345 25.843381963894082 -6.4179987908969975 6.211329699083563 25.641734477930633 -6.106337356204727 6.715145950344873 25.599899811334954 -8.339870750382575 5.448047659841082 26.230158467563694 -7.623912554555389 5.823566439058899 25.52836434174115 -7.301992752646661 6.220473957688295 25.35882548459948 -7.0428082285308315 6.655941619974412 25.359606040244252 
-9.712092978918898 4.881049938992745 27.85749229430413 -8.871222417076451 5.155333022158001 28.943301418817633 -7.76849406137589 5.445515150525581 29.592764347389917 -6.827709134128067 5.510700230603293 29.995682275371326 -6.119690146444175 5.341202471770194 30.485128420367943 -7.302061585801345 5.204930835540466 28.247125849681385 -6.0923206387305715 5.696155927355306 27.75807178134727 -5.371384991409125 6.168532307833091 27.429196857142582 -4.851832764423099 6.636489028437681 27.17927884575689 -7.443385295750322 5.132081003707157 27.20737063431538 -6.318509061836407 5.663812138516307 26.457016752001106 -5.706875301761163 6.249197218992814 26.10074412167662 -5.290010789780755 6.8210077988744 25.87646832925678 -7.826512360616219 5.225165980842776 26.595296023587018 -6.869185766544079 5.683100248600512 25.849738495356345 -6.416531968375027 6.220171497131994 25.648045027925605 -6.122069710817418 6.722033805046123 25.628674894846803 -8.36192283947172 5.452595723983043 26.254814441442473 -7.637191867734177 5.810707429253643 25.52646086167155 -7.301992752646661 6.220473957688295 25.35882548459948 -7.0365353785312745 6.654335284681349 25.341624084756432 
-9.684627003327773 4.897461778440651 27.85044751565185 -8.843164685230656 5.161364315221704 28.92764267347085 -7.740479216669328 5.448315232306562 29.543026394363295 -6.801812054858588 5.521291989884648 29.920632494637243 -6.072429909480303 5.392608627719216 30.37855468947985 -7.29451776528534 5.2133283125426715 28.233886117255857 -6.069980539048405 5.699995623208113 27.7387019394781 -5.366414910812725 6.167370745719663 27.410567913060707 -4.866329159402688 6.640896763641855 27.185820692551772 -7.435886919405429 5.140378753776639 27.194655593931945 -6.2984040240882235 5.659035480284984 26.432889128533443 -5.685403122727958 6.236154376513062 26.076591624921388 -5.273965084794896 6.809033888801484 25.870277769956388 -7.814156769009146 5.240383058989824 26.564433699452117 -6.8651899788432 5.689699403412272 25.832259140651043 -6.416531968375027 6.220171497131994 25.648045027925605 -6.125794145161382 6.7207596817637905 25.62289846302399 -8.331960275621006 5.456266104230888 26.217627624248077 -7.631507150349428 5.826046128884657 25.515125702399626 -7.295580386041541 6.219107033710538 25.340774512759083 -7.038513527237911 6.66181782789384 25.342095566725842 
-9.709916065604451 4.904482682557201 27.839361008855594 -8.868788354181792 5.161864501413861 28.916911121630076 -7.759763393362483 5.4612262525873385 29.552541215954054 -6.814589995761401 5.526020526115931 29.93484437527113 -6.102907021858391 5.356702045004282 30.403572364337386 -7.30324592609081 5.195830822580458 28.240208094161392 -6.0923206387305715 5.696155927355306 27.75807178134727 -5.3690192691798835 6.160281219145412 27.428169223537175 -4.84477832698225 6.626847402723079 27.160067751607382 -7.446579566122796 5.131060544877226 27.20163175486846 -6.309096570413927 5.650298838708833 26.439167046221435 -5.689324134259828 6.235240450026005 26.071023154636023 -5.289726858503995 6.804486061161645 25.86958490723655 -7.824727571606445 5.230856883749173 26.571137630024733 -6.875721615481586 5.680638686413787 25.838319882810925 -6.412277097462479 6.210048046350194 25.623922141771207 -6.09705238930925 6.71486179799226 25.587969638528094 -8.326986104041394 5.452095072567112 26.225386801269142 -7.641036202973855 5.825629435129387 25.527566898681204 -7.295580386041541 6.219107033710538 25.340774512759083 -7.030268216538063 6.652730634614426 25.323659698669115 
-9.709916065604451 4.904482682557201 27.839361008855594 -8.875188754942837 5.18181072511175 28.95318840846275 -7.762452560722625 5.497633750785258 29.570134264178474 -6.8325904867411 5.583792914258767 29.94297001453465 -6.10364367300111 5.438002921082742 30.420152986839476 -7.3031523613785545 5.222347851896153 28.25521971594361 -6.0754253225631105 5.700920899155474 27.757881192332672 -5.376953290247839 6.172139343424088 27.422710125788512 -4.873756567764458 6.63565599060568 27.1731290798451 -7.4444356094191155 5.149032121511272 27.214996250013964 -6.306112493335709 5.667791162746299 26.45195853967507 -5.699504015681485 6.240164456863115 26.082234933201516 -5.280611436919795 6.803885054327272 25.857661084404597 -7.822906491005785 5.248921556396078 26.58434744759873 -6.875216927668965 5.705898845102585 25.85167004085868 -6.420049993962357 6.218923571991635 25.64232120878555 -6.129036846146586 6.702941187169233 25.610244324196053 -8.326986104041394 5.452095072567112 26.225386801269142 -7.634371904706258 5.849998585389794 25.52263671756483 -7.296390636658076 6.2355959528049745 25.347655913619914 -7.039781392316177 6.652706960907355 25.335682378111755 
-9.693419797398711 4.91047193226274 27.84006380480084 -8.85074834105876 5.177125883200174 28.924138654690942 -7.750714265118328 5.479266545044659 29.545685496855796 -6.806081439249368 5.5514204494033645 29.902685213538557 -6.088200778690605 5.391032634317757 30.35791316514923 -7.287241508292134 5.218427302316723 28.248136416811867 -6.073103822295579 5.692650849143438 27.756793280917385 -5.3838466725762375 6.164533408778969 27.43484387485025 -4.866329159402688 6.640896763641855 27.185820692551772 -7.429141530769865 5.145321273064277 27.208725582664275 -6.306112493335709 5.667791162746299 26.45195853967507 -5.7016759470363905 6.2479530172626285 26.0829415520093 -5.289726858503995 6.804486061161645 25.86958490723655 -7.822906491005785 5.248921556396078 26.58434744759873 -6.873205068187139 5.698298492187734 25.851025656926257 -6.414326099631565 6.217636230216239 25.624505486661437 -6.121843088481285 6.710291199562373 25.5988468035539 -8.33463595374093 5.454706955141547 26.211687091749784 -7.647646488024352 5.83713673152783 25.52072757124214 -7.309597450058964 6.222859523716064 25.345748383262663 -7.061362428809997 6.658920729492749 25.327700812906002 
-9.709656834153881 4.914051984958103 27.846544242581135 -8.859110054719737 5.189792349796358 28.917254699694606 -7.753169914081193 5.487995979128298 29.547129477901294 -6.806081439249368 5.5514204494033645 29.902685213538557 -6.096330062855301 5.400822223202647 30.380878158873717 -7.3066173905216125 5.221552999036993 28.249468708418554 -6.090682221417848 5.705022944415612 27.76473032045793 -5.376953290247839 6.172139343424088 27.422710125788512 -4.873756567764458 6.63565599060568 27.1731290798451 -7.4540686102070515 5.148704438069557 27.228674978275418 -6.3277242436159415 5.663820806737213 26.469710872736627 -5.706445493272391 6.23269438004318 26.09374837890717 -5.303269534649906 6.792146362126021 25.868238267372718 -7.8108731889382526 5.244030074130244 26.57276769332993 -6.883745614285895 5.689237855430823 25.85710275885768 -6.429788807709039 6.2126627262350445 25.623452962414383 -6.116274278760642 6.708735362240489 25.581141413932638 -8.32966988566751 5.450542035319446 26.219458171069125 -7.642960861490291 5.833091711681331 25.528120775767555 -7.3146014516551325 6.228698291885455 25.34036097203202 -7.043133747934601 6.660872362615483 25.305218352703676 
-9.709656834153881 4.914051984958103 27.846544242581135 -8.869127726233236 5.199043342335683 28.940152130482524 -7.761107866406405 5.4794242550682535 29.561334712937473 -6.830422792468423 5.5473508448301345 29.925220698654762 -6.096330062855301 5.400822223202647 30.380878158873717 -7.3031523613785545 5.222347851896153 28.25521971594361 -6.082905827269567 5.695829042551315 27.74445350161966 -5.378866671672264 6.163374639650087 27.416205524530177 -4.8613846161560925 6.622530687349977 27.16019130824978 -7.4444356094191155 5.149032121511272 27.214996250013964 -6.315045758143583 5.670702725246131 26.43950840928754 -5.7016759470363905 6.2479530172626285 26.0829415520093 -5.305774565182469 6.816454689858484 25.87577291669661 -7.823817851900587 5.23988736109231 26.577739746459937 -6.869933172987572 5.69953170259096 25.856742895231264 -6.416531968375027 6.220171497131994 25.648045027925605 -6.09409330218703 6.7022006857316665 25.58831602828976 -8.34182425239523 5.455675764815972 26.230849392019383 -7.652370792925848 5.830833528099673 25.53849088524274 -7.309597450058964 6.222859523716064 25.345748383262663 -7.045459637301609 6.647534462361353 25.32224059826282 
-9.709656834153881 4.914051984958103 27.846544242581135 -8.847677178774589 5.193210046856765 28.905080064324366 -7.756744389224731 5.487256362470916 29.541231571979328 -6.813622707515847 5.542990590661463 29.916705899710777 -6.096330062855301 5.400822223202647 30.380878158873717 -7.3031523613785545 5.222347851896153 28.25521971594361 -6.090682221417848 5.705022944415612 27.76473032045793 -5.3838466725762375 6.164533408778969 27.43484387485025 -4.859263475896429 6.631250405053606 27.166596627147445 -7.450869385213851 5.149725797064318 27.23441997273237 -6.3255929487903435 5.65598975892117 26.468918290302092 -5.706445493272391 6.23269438004318 26.09374837890717 -5.289726858503995 6.804486061161645 25.86958490723655 -7.838792107831134 5.24349579081855 26.583505102892538 -6.8887419174131415 5.693170599928348 25.850025141701103 -6.421514292555115 6.21008289853671 25.63601603444531 -6.123464192806656 6.701387800529485 25.592526730321893 -8.354716608763137 5.451628992215569 26.235623899224255 -7.653340969152151 5.821796697523051 25.532072888906484 -7.310721152490214 6.213814147944811 25.339364307791442 -7.042423458245474 6.644297664504674 25.29834919686646 
-9.693154243981455 4.920039328811995 27.847247421351568 -8.850084509323672 5.186699814911953 28.931460403418818 -7.744275214577945 5.475230835840027 29.553261651310255 -6.813622707515847 5.542990590661463 29.916705899710777 -6.086676207362408 5.387960758870073 30.385826692735286 -7.3031523613785545 5.222347851896153 28.25521971594361 -6.0754253225631105 5.700920899155474 27.757881192332672 -5.366414910812725 6.167370745719663 27.410567913060707 -4.861666759621678 6.639491882173437 27.167565126441165 -7.4444356094191155 5.149032121511272 27.214996250013964 -6.320638528150897 5.671640148157164 26.45780522130609 -5.699504015681485 6.240164456863115 26.082234933201516 -5.2963673680586085 6.799335663207365 25.856958527830226 -7.822906491005785 5.248921556396078 26.58434744759873 -6.875216927668965 5.705898845102585 25.85167004085868 -6.430377200190997 6.2290952376744295 25.63034215952581 -6.1199916573151985 6.707458579510341 25.57537871252159 -8.326986104041394 5.452095072567112 26.225386801269142 -7.635349708584162 5.840963062016185 25.51622480714022 -7.29946235279461 6.233994011177752 25.341770573254507 -7.049410868467057 6.6624858909042075 25.323178027633816 
-9.720122356195782 4.922778575728585 27.868702121196108 -8.852395483159155 5.195147577901752 28.932734944482387 -7.753169914081193 5.487995979128298 29.547129477901294 -6.811072164264782 5.534081856599356 29.915122130540006 -6.0785558664325805 5.378177473180234 30.362859553544506 -7.313789324031815 5.2429805163813565 28.250219953533957 -6.082905827269567 5.695829042551315 27.74445350161966 -5.362134249913827 6.167884077231932 27.416043092436794 -4.847181965155254 6.635087460007093 27.16103643098611 -7.459737563829241 5.152744980083247 27.221270147275433 -6.333043055532973 5.667661959779707 26.46286664636482 -5.713611947956654 6.244176682328438 26.087881055175387 -5.3035569532947315 6.808665876809067 25.875122322508677 -7.837885473910392 5.252535821747654 26.59011836857134 -6.885477321775606 5.694407449014096 25.85574228105611 -6.412277097462479 6.210048046350194 25.623922141771207 -6.120219596888152 6.7191982461323265 25.605171659164338 -8.354716608763137 5.451628992215569 26.235623899224255 -7.6457268849822215 5.829677724288057 25.520178625562583 -7.309597450058964 6.222859523716064 25.345748383262663 -7.047434517270872 6.655009751176614 25.322709061936806 
-9.733294030280634 4.956685283193319 27.903044932848026 -8.888325369472865 5.1964315943825765 28.974031515897302 -7.776839703129611 5.493099045270087 29.576769221846973 -6.82895380957366 5.556650526727667 29.932507744641818 -6.103565679556336 5.3924035056947615 30.39486477517399 -7.31269804516661 5.225555575539208 28.242124578645512 -6.085224630068889 5.704094655592864 27.74553699940672 -5.376953290247839 6.172139343424088 27.422710125788512 -4.854606884833624 6.629852788062965 27.148361873247662 -7.459737563829241 5.152744980083247 27.221270147275433 -6.3221276424255315 5.66288643993369 26.451401530673785 -5.720561159198209 6.236703659323647 26.09940108893937 -5.287509671264749 6.796699170776902 25.86893441578593 -7.8457540091966145 5.270142521956111 26.616695480148795 -6.8777331682359755 5.688234019533112 25.838965362278554 -6.421514292555115 6.21008289853671 25.63601603444531 -6.116274278760642 6.708735362240489 25.581141413932638 -8.350254787126064 5.473475816641548 26.25736354094888 -7.642960861490291 5.833091711681331 25.528120775767555 -7.305062399034184 6.218876703182309 25.352943278532337 -7.053715015011092 6.656619150399416 25.34068306181145 
-9.717789368909449 4.924314714394424 27.874892684113878 -8.853059521867577 5.185570619270588 28.92541384139156 -7.738589687610205 5.464881838273074 29.52439983195581 -6.811072164264782 5.534081856599356 29.915122130540006 -6.084874823656542 5.351566664909653 30.367838435941923 -7.304338631386903 5.213241361980257 28.24829689614535 -6.074746907705209 5.6837930161521655 27.750140621085492 -5.364051365922676 6.159125601241742 27.409544410061912 -4.847181965155254 6.635087460007093 27.16103643098611 -7.451941125892971 5.140733956793683 27.22772961120104 -6.336011360984729 5.650151453213451 26.45005234731338 -5.720561159198209 6.236703659323647 26.09940108893937 -5.3085361093085455 6.810215388624421 25.892655622440326 -7.852300373598579 5.245079403149463 26.62183439697169 -6.88798553095374 5.676741154354563 25.84302492603216 -6.432012936190235 6.215200661901753 25.646999457571823 -6.106337356204727 6.715145950344873 25.599899811334954 -8.371094033513009 5.461204628825781 26.27472237979805 -7.653340969152151 5.821796697523051 25.532072888906484 -7.317144670627376 6.21517983541139 25.357421650596976 -7.050474313974204 6.65825256388921 25.34663025755554 
-9.695492014048611 4.918506405587991 27.84106542592658 -8.853059521867577 5.185570619270588 28.92541384139156 -7.761107866406405 5.4794242550682535 29.561334712937473 -6.812149166925465 5.552283446600443 29.92398569323297 -6.0857754798553385 5.369757971120989 30.37682954094056 -7.287241508292134 5.218427302316723 28.248136416811867 -6.073103822295579 5.692650849143438 27.756793280917385 -5.376953290247839 6.172139343424088 27.422710125788512 -4.876159494459275 6.643898887672472 27.174097397873034 -7.451941125892971 5.140733956793683 27.22772961120104 -6.319998570122054 5.655061114881645 26.450612662383037 -5.699078927433588 6.223674683502353 26.07524743100027 -5.2963673680586085 6.799335663207365 25.856958527830226 -7.830555384075967 5.240676029486043 26.596882043606268 -6.8744643664563005 5.689466807085019 25.84467021884315 -6.427740860497232 6.205076010424935 25.62286946372368 -6.117896329445599 6.6998359823030285 25.57482593666951 -8.34182425239523 5.455675764815972 26.230849392019383 -7.641036202973855 5.825629435129387 25.527566898681204 -7.312660524124555 6.221255799447444 25.339862374939933 -7.048697177063589 6.645901172695942 25.316300786157942 
-9.69575743296479 4.908940454565779 27.833889293542253 -8.868132651473871 5.1714369424484365 28.924226976462684 -7.761107866406405 5.4794242550682535 29.561334712937473 -6.817141610576574 5.534934493447769 29.936432536948367 -6.108168242977639 5.37488570781147 30.407100137977093 -7.3031523613785545 5.222347851896153 28.25521971594361 -6.067661357828309 5.691731573977062 27.737618284187153 -5.376953290247839 6.172139343424088 27.422710125788512 -4.87148921988095 6.642492025364137 27.15584547789535 -7.459737563829241 5.152744980083247 27.221270147275433 -6.319998570122054 5.655061114881645 26.450612662383037 -5.701249153603655 6.2314597811504635 26.075953915197616 -5.284762952164352 6.802941241370866 25.852079432608292 -7.837885473910392 5.252535821747654 26.59011836857134 -6.879217390029838 5.699304758160374 25.869169212173777 -6.421514292555115 6.21008289853671 25.63601603444531 -6.111688280580454 6.704974890425462 25.587821751402693 -8.342546721845551 5.446491505092803 26.224222696683718 -7.641036202973855 5.825629435129387 25.527566898681204 -7.312660524124555 6.221255799447444 25.339862374939933 -7.048697177063589 6.645901172695942 25.316300786157942 
-9.685850960183716 4.881129328601586 27.79745712530869 -8.866479194722862 5.153425325278826 28.91563567403931 -7.757307157007583 5.452497930984656 29.55109233744414 -6.817141610576574 5.534934493447769 29.936432536948367 -6.086907667331733 5.370473925402788 30.403531191436695 -7.299068839555042 5.229944103185116 28.236219191588408 -6.069980539048405 5.699995623208113 27.7387019394781 -5.379317203248052 6.1803888866269485 27.423733339717927 -4.87148921988095 6.642492025364137 27.15584547789535 -7.446560680683372 5.156999446321706 27.215937038206725 -6.318509061836407 5.663812138516307 26.457016752001106 -5.713611947956654 6.244176682328438 26.087881055175387 -5.301340406044704 6.800877933768449 25.874472125904052 -7.8320475003915675 5.242705252790264 26.56436904630895 -6.881467725472643 5.701000048729792 25.838247912747352 -6.412277097462479 6.210048046350194 25.623922141771207 -6.107964870658132 6.706244900042382 25.593580156871404 -8.350186400619814 5.449100997136455 26.210513141412232 -7.639089150309063 5.8285231507175554 25.501884435232792 -7.303178687133309 6.221491085912216 25.327703842561096 -7.047434517270872 6.655009751176614 25.322709061936806 
-9.671726154416715 4.885590610194777 27.792013417038188 -8.806604627225516 5.163247719127964 28.88990194114706 -7.724994022712086 5.462311121588513 29.543743995077243 -6.799813047704562 5.5228758245503595 29.953319550442487 -6.087139592568578 5.352967121204456 30.421237829355814 -7.287241508292134 5.218427302316723 28.248136416811867 -6.077067832481824 5.692060108602947 27.75122875741807 -5.366414910812725 6.167370745719663 27.410567913060707 -4.861666759621678 6.639491882173437 27.167565126441165 -7.4444356094191155 5.149032121511272 27.214996250013964 -6.319998570122054 5.655061114881645 26.450612662383037 -5.699504015681485 6.240164456863115 26.082234933201516 -5.289726858503995 6.804486061161645 25.86958490723655 -7.823817851900587 5.23988736109231 26.577739746459937 -6.8744643664563005 5.689466807085019 25.84467021884315 -6.420049993962357 6.218923571991635 25.64232120878555 -6.106337356204727 6.715145950344873 25.599899811334954 -8.335359765043073 5.445527141885334 26.205065827265056 -7.631507150349428 5.826046128884657 25.515125702399626 -7.295580386041541 6.219107033710538 25.340774512759083 -7.030268216538063 6.652730634614426 25.323659698669115 
-9.647114324248435 4.898225623171165 27.81448695509108 -8.835672587632073 5.191254078473758 28.92532190476268 -7.7406957919689985 5.4759620136194425 29.559155020787163 -6.8191899952389665 5.536162795229769 29.96346304887409 -6.089771199081392 5.362064595792361 30.42300585531479 -7.271339480513519 5.2145090317460445 28.241057048556705 -6.060176865514055 5.69682125220241 27.751035854461847 -5.369469484359413 6.1772977070675354 27.435700209210196 -4.881121245907679 6.662295653489212 27.19975885183224 -7.417063547627165 5.140598517202766 27.196726586275073 -6.311058219009763 5.652145085449375 26.46306440042832 -5.704701259958589 6.241402960139115 26.100033925721547 -5.3035569532947315 6.808665876809067 25.875122322508677 -7.7938912072274835 5.232676056175311 26.566217452960487 -6.858929972528523 5.69459081388754 25.845668031387195 -6.412277097462479 6.210048046350194 25.623922141771207 -6.115802250515858 6.692214229071014 25.57427360703578 -8.312887126026686 5.439343506467568 26.213310904132808 -7.6334276010842945 5.833504172601413 25.515674969516837 -7.311536774584014 6.230303495278598 25.346245806846625 -7.055075535562428 6.657309885993896 25.309733176163338 
-9.689461863787281 4.916284813866971 27.81377580655506 -8.855372890781736 5.194016661746194 28.92669001240177 -7.761107866406405 5.4794242550682535 29.561334712937473 -6.819579848992281 5.508659560282157 29.9472912826616 -6.089694307228422 5.316553021827062 30.397738483826583 -7.294410939276607 5.239850250223932 28.248902999723374 -6.081263148429111 5.7046921697168 27.75111203397035 -5.376953290247839 6.172139343424088 27.422710125788512 -4.873891076056961 6.650729995374288 27.156810202134025 -7.452224735633602 5.161042058418644 27.208542914494654 -6.318509061836407 5.663812138516307 26.457016752001106 -5.699504015681485 6.240164456863115 26.082234933201516 -5.286979145186394 6.8107232687607135 25.852726825060344 -7.829123021198447 5.243993374049118 26.57019208268039 -6.883469175366352 5.686807672105134 25.855099273631986 -6.410229430348733 6.202460683224666 25.623339275524017 -6.119746480424719 6.7026612507052175 25.598291528337697 -8.347517336436324 5.450663314468599 26.216452801103216 -7.6457268849822215 5.829677724288057 25.520178625562583 -7.32362087434248 6.226613833235262 25.35072450729852 -7.08034683926413 6.673578073287815 25.357119890169503 
-9.687626011324445 4.915611717881418 27.855715411236094 -8.85074834105876 5.177125883200174 28.924138654690942 -7.741816741280125 5.466499936716425 29.551812219538274 -6.796711623808593 5.503476436246226 29.917456972756266 -6.094043422410292 5.3165351385071915 30.392271305726876 -7.262607585380573 5.231992162640771 28.23474467954276 -6.0530945887709535 5.704752615841744 27.738516764609596 -5.364498527907973 6.176132132711319 27.417066476218963 -4.86378706842778 6.630769291751325 27.161159851232217 -7.428061997716824 5.154306386873913 27.21541016370349 -6.3114255709335145 5.671630792922386 26.445127830273698 -5.699504015681485 6.240164456863115 26.082234933201516 -5.289726858503995 6.804486061161645 25.86958490723655 -7.822906491005785 5.248921556396078 26.58434744759873 -6.863927392935057 5.6985280978207085 25.83861541164633 -6.408761334310027 6.211296014776169 25.629645646565418 -6.118122631546948 6.711565856320207 25.604616798417155 -8.340592912834216 5.438865892363231 26.22353100534996 -7.6344036896361 5.824474937656972 25.509267794503316 -7.312660524124555 6.221255799447444 25.339862374939933 -7.06765503635854 6.66053326612957 25.345686037319506 
-9.694691371480173 4.9472297191716965 27.862633434546346 -8.860097421088971 5.195953416692726 28.954369394614613 -7.75108725342882 5.4761239861885915 29.574815311496483 -6.820662314656591 5.526867408263295 29.95617080793635 -6.101252937790346 5.308089637456504 30.406265814664096 -7.295602785706159 5.2307412091478795 28.24197489647016 -6.065343522941059 5.683468552176934 27.73653522568338 -5.378866671672264 6.163374639650087 27.416205524530177 -4.873891076056961 6.650729995374288 27.156810202134025 -7.452224735633602 5.161042058418644 27.208542914494654 -6.317870848471328 5.647236646315365 26.449824322223616 -5.70299164853124 6.222758380621467 26.069677500300887 -5.288911521609921 6.8019964699397 25.846503095530185 -7.834958184044216 5.253823489200035 26.595949230701738 -6.879719432561537 5.674036668756717 25.85580538785627 -6.41946336222382 6.20249148678126 25.635428828071305 -6.116274278760642 6.708735362240489 25.581141413932638 -8.346341278685255 5.458201815170127 26.255975273315954 -7.659989867203882 5.822949495853101 25.550398225364212 -7.320207284213251 6.213579317712667 25.351539952417127 -7.050673491997063 6.653375013042845 25.316770343591656 
-9.67899206903502 4.924490802647396 27.84176498731732 -8.826356845277884 5.172450339356025 28.895148142061565 -7.715753102173928 5.452707960573986 29.52079103677504 -6.800214806052472 5.495396488231088 29.937163038859385 -6.095997078638727 5.289920993182325 30.402722273803647 -7.2650076917427535 5.2138026430212365 28.220919422986995 -6.067661357828309 5.691731573977062 27.737618284187153 -5.362134249913827 6.167884077231932 27.416043092436794 -4.859410299747712 6.646324887071275 27.15029125066176 -7.4444356094191155 5.149032121511272 27.214996250013964 -6.312283521450258 5.646314647967302 26.431539715523137 -5.715353243978246 6.235466076358596 26.08159469841275 -5.300797411431319 6.814900949035113 25.858252327146495 -7.837885473910392 5.252535821747654 26.59011836857134 -6.884724456815101 5.6779752526631455 25.848737493623595 -6.429963855967679 6.207606619056897 25.646413531113026 -6.116026912193079 6.7039343073892175 25.604062384128348 -8.353998063591161 5.460820587365707 26.24226259881242 -7.653340969152151 5.821796697523051 25.532072888906484 -7.317144670627376 6.21517983541139 25.357421650596976 -7.060001219553294 6.6582302403508775 25.35867465261165 
-9.660416387132846 4.922431977746178 27.841461804139744 -8.835672587632073 5.191254078473758 28.92532190476268 -7.757533483146051 5.480160169699242 29.567235155279235 -6.820662314656591 5.526867408263295 29.95617080793635 -6.1021665554908 5.326284367058442 30.415273914567706 -7.256279252711054 5.231277695598234 28.214615695162674 -6.0530945887709535 5.704752615841744 27.738516764609596 -5.371976530911935 6.1709776791423145 27.40408435352423 -4.87148921988095 6.642492025364137 27.15584547789535 -7.421646462789773 5.153611884333967 27.196013743904803 -6.296906942298853 5.667779945447865 26.43928780898384 -5.699504015681485 6.240164456863115 26.082234933201516 -5.289726858503995 6.804486061161645 25.86958490723655 -7.801215737595089 5.24451972084418 26.55946352416063 -6.849659439595077 5.694818485592713 25.833264009033954 -6.4179987908969975 6.211329699083563 25.641734477930633 -6.120219596888152 6.7191982461323265 25.605171659164338 -8.317859736372412 5.443508008312303 26.205549338211785 -7.631507150349428 5.826046128884657 25.515125702399626 -7.310721152490214 6.213814147944811 25.339364307791442 -7.059388457366957 6.65144457324194 25.327232711150895 
-9.678446379171149 4.943631606442585 27.856137799374995 -8.833361354888643 5.182808111532233 28.924047309835817 -7.739360179724421 5.457770404783186 29.5503637236491 -6.800214806052472 5.495396488231088 29.937163038859385 -6.095997078638727 5.289920993182325 30.402722273803647 -7.289247563599825 5.230025335244498 28.221821788224837 -6.067661357828309 5.691731573977062 27.737618284187153 -5.378866671672264 6.163374639650087 27.416205524530177 -4.876159494459275 6.643898887672472 27.174097397873034 -7.4305085678108735 5.156629460177311 27.182885869733717 -6.2984040240882235 5.659035480284984 26.432889128533443 -5.701249153603655 6.2314597811504635 26.075953915197616 -5.284762952164352 6.802941241370866 25.852079432608292 -7.81525976225511 5.257163021229171 26.57182680199782 -6.866450509778009 5.680874275880724 25.82590796696722 -6.410229430348733 6.202460683224666 25.623339275524017 -6.118122631546948 6.711565856320207 25.604616798417155 -8.31835014021418 5.4694890694674845 26.21948600798444 -7.639113205547196 5.818168008742651 25.527013594139984 -7.310721152490214 6.213814147944811 25.339364307791442 -7.052999427907336 6.640027558684712 25.333797632487872 
-9.661930135464488 4.949606019524216 27.856835552105647 -8.837986002751594 5.1997013499098275 28.926597481866125 -7.74785399030949 5.474498317042731 29.547375784291486 -6.8067889621999305 5.503940685676895 29.933073156508314 -6.088700934041125 5.303669507305765 30.39176833038645 -7.2650076917427535 5.2138026430212365 28.220919422986995 -6.054744873644313 5.695898985056866 27.731870657907166 -5.366414910812725 6.167370745719663 27.410567913060707 -4.8570080859787055 6.638088332711522 27.14932634478534 -7.428061997716824 5.154306386873913 27.21541016370349 -6.305476038256286 5.651219244340213 26.44477121742668 -5.704273158663566 6.22490358992368 26.09303831985441 -5.287509671264749 6.796699170776902 25.86893441578593 -7.81374372134715 5.255135812604411 26.604327216459186 -6.879719432561537 5.674036668756717 25.85580538785627 -6.41946336222382 6.20249148678126 25.635428828071305 -6.11255504787968 6.710011759917708 25.58691017101394 -8.318590810307285 5.458661497173584 26.24571070856824 -7.647674884514936 5.8267851613323405 25.545884075252086 -7.318265511837893 6.206134229785027 25.351037972173085 -7.066935942951064 6.643934845609378 25.33879584293873 
-9.687355996135668 4.925180705295845 27.862898389250862 -8.8537221419356 5.1759976437465784 28.918099050320894 -7.742935560026257 5.457041557199269 29.54447525409634 -6.818497502281119 5.490463182935481 29.93841777943282 -6.098624260413525 5.299004619593102 30.40449362764977 -7.2808956662184485 5.217718011603729 28.227983888963276 -6.067661357828309 5.691731573977062 27.737618284187153 -5.364051365922676 6.159125601241742 27.409544410061912 -4.873606855381054 6.633767118471938 27.149438996596253 -7.4444356094191155 5.149032121511272 27.214996250013964 -6.303982390676581 5.659964379054225 26.451169803620747 -5.699504015681485 6.240164456863115 26.082234933201516 -5.305774565182469 6.816454689858484 25.87577291669661 -7.829645284676263 5.249714542739691 26.60349508156136 -6.871194681710717 5.6906989611583665 25.850381808622608 -6.4179987908969975 6.211329699083563 25.641734477930633 -6.121843088481285 6.710291199562373 25.5988468035539 -8.332210890873826 5.445429236126649 26.243861252433515 -7.639113205547196 5.818168008742651 25.527013594139984 -7.317144670627376 6.21517983541139 25.357421650596976 -7.06765503635854 6.66053326612957 25.345686037319506 
-9.660693859567766 4.912872642356963 27.83428403811059 -8.834030481759926 5.173240657721319 28.916732299283677 -7.740479216669328 5.448315232306562 29.543026394363295 -6.801687485496729 5.4861213893098215 29.92988860111818 -6.102967278701993 5.298987890702799 30.399035867149944 -7.26380873706811 5.222895667730185 28.227829320374592 -6.0530945887709535 5.704752615841744 27.738516764609596 -5.359531679865974 6.174967679215546 27.39845010115842 -4.873891076056961 6.650729995374288 27.156810202134025 -7.428061997716824 5.154306386873913 27.21541016370349 -6.318509061836407 5.663812138516307 26.457016752001106 -5.699504015681485 6.240164456863115 26.082234933201516 -5.289726858503995 6.804486061161645 25.86958490723655 -7.826711319059229 5.250996040917759 26.609321681915365 -6.869185766544079 5.683100248600512 25.849738495356345 -6.415948925393046 6.203736650042567 25.64114822737369 -6.10423959753561 6.707514514844367 25.599344611250043 -8.346341278685255 5.458201815170127 26.255975273315954 -7.650450440283888 5.823369612204762 25.537939167286517 -7.329236622469702 6.211483813764941 25.361903492137632 -7.065678739736354 6.653051285404789 25.345214688402137 
-9.663043869198216 4.911349017247035 27.828114825618826 -8.83700982001337 5.172117092196272 28.910699472434715 -7.744052251099766 5.447586869349329 29.537144122963277 -6.805706876469784 5.485755259130555 29.924211512367183 -6.087203642683336 5.295246961228971 30.416667077001573 -7.2574816086474625 5.222185605656564 28.20770599168181 -6.050966136391062 5.686131307778572 27.706087519056844 -5.366414910812725 6.167370745719663 27.410567913060707 -4.876007884805785 6.64200222001921 27.150403767921336 -7.407454479587834 5.140924936736338 27.18308062242894 -6.302486315027943 5.668712831467217 26.457573273390775 -5.704701259958589 6.241402960139115 26.100033925721547 -5.289726858503995 6.804486061161645 25.86958490723655 -7.792970420645527 5.241698594701516 26.57281404134343 -6.855652989611629 5.695819325848514 25.85137971680576 -6.408761334310027 6.211296014776169 25.629645646565418 -6.11255504787968 6.710011759917708 25.58691017101394 -8.310931829731194 5.431720156516936 26.212618660101345 -7.639113205547196 5.818168008742651 25.527013594139984 -7.331175906103879 6.2189312888032715 25.36240395507429 -7.081601460930359 6.6644493093499735 25.35069130628027 
-9.689461863787281 4.916284813866971 27.81377580655506 -8.868788354181792 5.161864501413861 28.916911121630076 -7.762781019456744 5.435182815544383 29.56384802765041 -6.847493563121744 5.496465779203566 29.989658223984446 -6.106983584847346 5.29120644633297 30.44520958005169 -7.294410939276607 5.239850250223932 28.248902999723374 -6.0605758265868825 5.699665975951869 27.725108858959914 -5.371976530911935 6.1709776791423145 27.40408435352423 -4.871206843793985 6.625533028679292 27.148474661752193 -7.443360703013146 5.158023201417962 27.22168668296966 -6.296906942298853 5.667779945447865 26.43928780898384 -5.7016759470363905 6.2479530172626285 26.0829415520093 -5.291945107467123 6.812273821153243 25.87023579508692 -7.829645284676263 5.249714542739691 26.60349508156136 -6.871194681710717 5.6906989611583665 25.850381808622608 -6.432012936190235 6.215200661901753 25.646999457571823 -6.135727960733877 6.714339585754921 25.604115970267614 -8.349019495113277 5.45664563084385 26.250031119592073 -7.652370792925848 5.830833528099673 25.53849088524274 -7.330057811237827 6.227986677164794 25.368798011106016 -7.085934209669389 6.65857800026737 25.36823115572249 
-9.70562795048064 5.0045890027749 27.87881277763654 -8.85038500997805 5.245355873847557 28.93358818751874 -7.741450829764379 5.469652451261744 29.522720001524817 -6.829238671431831 5.49398007247368 29.925631290765274 -6.109475069290045 5.312537314961923 30.42626498454574 -7.281703968700725 5.238410416235082 28.208605426430935 -6.069696609782685 5.685734607408812 27.705055734273923 -5.373890789929407 6.16221698540337 27.397584541531636 -4.87148921988095 6.642492025364137 27.15584547789535 -7.447120797406716 5.171645858467761 27.163302047272847 -6.3055556253628495 5.673610576081865 26.40177174310679 -5.69081107784964 6.256338559345865 26.077019291568543 -5.290010789780755 6.8210077988744 25.87646832925678 -7.822955857274098 5.254265269515049 26.52521991297326 -6.844388902532275 5.723687536576161 25.772576845773497 -6.408951154715112 6.246714936384186 25.61881529229149 -6.118593715042089 6.728108944920086 25.61150129731715 -8.34723402013412 5.461493908154169 26.19022739621138 -7.640020566128716 5.829842570315459 25.470370992295987 -7.296765797665456 6.220124090819111 25.309676969816774 -7.048697177063589 6.645901172695942 25.316300786157942 
-9.68127643882694 4.956650063212201 27.743746672879634 -8.83736384028631 5.168276028744369 28.837923949882946 -7.7602630553832475 5.4273067000741895 29.49998902578414 -6.859058544061432 5.4801942754287065 29.93522840945814 -6.1249859910350954 5.276082368236352 30.386400139234034 -7.288965072894173 5.233318892916547 28.194375173994157 -6.08656275362308 5.680971973141694 27.705217039562378 -5.388702149567497 6.166465359270353 27.40423579681074 -4.88837978284989 6.655137685101007 27.163332720738385 -7.461324002444264 5.1843626763796475 27.176237333993885 -6.330754058440261 5.66870470571235 26.413817526102015 -5.715353243978246 6.235466076358596 26.08159469841275 -5.281990065480902 6.790649129810077 25.852260113443123 -7.823142018584825 5.280075003723473 26.539215552837177 -6.870703560429116 5.690161874956374 25.795678074593962 -6.402893237760886 6.2150654667683956 25.588924820215208 -6.089677179284985 6.710480529226787 25.546854358180305 -8.348458600162013 5.478299551648733 26.19753897086272 -7.653302725401056 5.832153673078606 25.50692816646914 -7.32362087434248 6.226613833235262 25.35072450729852 -7.045459637301609 6.647534462361353 25.32224059826282 
-9.677427738035659 4.911834700732362 27.759304944031243 -8.830002636387912 5.1617675124824975 28.88182170286286 -7.750493515692213 5.451620566756461 29.52956044806905 -6.846054842932263 5.498324230994734 29.934153823276414 -6.110944006481646 5.320947538140152 30.401314485324807 -7.273360186043072 5.22610433212467 28.214761933738743 -6.079096249858326 5.6860518767040995 27.718634146713576 -5.3960529478260195 6.175874284456063 27.423893468706343 -4.895176291330309 6.647815814703383 27.17518500713336 -7.448980336029919 5.1593111962010925 27.18338555220535 -6.316736548545708 5.67547942798139 26.43830809008549 -5.710121430143919 6.26160776061686 26.100467599195735 -5.29579752841846 6.825061896367019 25.91713199404754 -7.840263961826597 5.245520416311954 26.550994614040082 -6.870641211555904 5.729437542093809 25.81406476068353 -6.416725802814628 6.255606258813673 25.637201593845575 -6.11743406095162 6.7535818796406755 25.624728993144714 -8.358526921793345 5.442524747010609 26.190179887153693 -7.647627718970046 5.821967634231184 25.482232466262086 -7.297891750336165 6.211087089867281 25.303302653899614 -7.045459637301609 6.647534462361353 25.32224059826282 
-9.61622125993805 4.925326407859858 27.707175756283753 -8.773989438168451 5.167346931590095 28.846747044462496 -7.708912304423504 5.450988819258481 29.5616248318117 -6.816929218461554 5.507171098149164 30.008466396215596 -6.114196975092238 5.282742057944199 30.459236716897408 -7.2518325091388345 5.237876947858465 28.254725566215825 -6.050774450118261 5.69648717409208 27.73743317514186 -5.357611474755248 6.183728131477216 27.404948413082113 -4.876579592815597 6.675945519401756 27.165151614305486 -7.422687085298797 5.170561794669997 27.203634285003286 -6.30780350466819 5.672557669913124 26.45075345852792 -5.696005799234176 6.257583650739428 26.094810778364753 -5.27424385761247 6.825554413517499 25.877160407186217 -7.795599821687934 5.26049739280078 26.547745426659247 -6.861920584830009 5.690932541170824 25.837976109026915 -6.393286234791867 6.216258162780951 25.630695220905245 -6.100976651406276 6.725322664853974 25.611999068347554 -8.305482661757257 5.449200183972637 26.167995239769667 -7.639089150309063 5.8285231507175554 25.501884435232792 -7.309597450058964 6.222859523716064 25.345748383262663 -7.045459637301609 6.647534462361353 25.32224059826282 
-9.64273209591723 4.937590685079787 27.735560317990462 -8.804546831253449 5.206869655809434 28.886742392123196 -7.73312493169072 5.481393246402199 29.574071849482607 -6.839282955442839 5.501872488904005 30.004064482489746 -6.1036697796970545 5.297187980900755 30.480454137102072 -7.247789396515845 5.245472685205285 28.235751918456646 -6.062223593890806 5.690813205160917 27.71846152685501 -5.374338266607953 6.179221276129082 27.405103442215882 -4.886385848872093 6.678931686689923 27.153414630320793 -7.423769678235699 5.161574650682968 27.196950171240868 -6.30780350466819 5.672557669913124 26.45075345852792 -5.6892604670622 6.262603384805929 26.10766276461921 -5.258991443395185 6.844622276638906 25.908644764112758 -7.802728055351087 5.246547672256862 26.527018641209875 -6.864392083084343 5.712550813259089 25.84368095173405 -6.382577656669217 6.2250575911969745 25.624945439552725 -6.097243958303847 6.726594282629666 25.6177799327402 -8.317116537378102 5.4283867641128625 26.16544922577863 -7.644746277927971 5.823549871446123 25.488099174659787 -7.311886168391042 6.214829685398822 25.308251238433584 -7.063960463621827 6.650495299219027 25.29034593946642 
-9.627070895065902 4.931874247199997 27.764801015855173 -8.786469561253822 5.200726072151853 28.915101763798198 -7.706243095207547 5.473888476270225 29.579433248571313 -6.812333386204007 5.4970505239352905 29.97981188061795 -6.090859444404647 5.259522643596854 30.419882125149414 -7.238215427746097 5.242261388171455 28.248805603482047 -6.047000324137811 5.686721130495132 27.711644116930295 -5.374338266607953 6.179221276129082 27.405103442215882 -4.874025041052309 6.665785637308954 27.140493752266455 -7.411685052633133 5.15957425785742 27.215821054706108 -6.2932800780572515 5.668702143554036 26.444907653929597 -5.678151876348714 6.252023777135009 26.11909053686665 -5.24786659324133 6.83417907954141 25.919948670930737 -7.786264726788632 5.240911877199772 26.553711001201975 -6.851385160993387 5.699996525346262 25.831954549988822 -6.388282186020042 6.226339627241075 25.64274121913801 -6.094459132158271 6.72564085781661 25.64793311316119 -8.30377460347175 5.430767287153182 26.193490218812585 -7.651388040598193 5.824700294802041 25.50638345216307 -7.33120733665791 6.228995607310571 25.33763584209504 -7.0733236699564594 6.655356608123592 25.332227110489917 
-9.629450083005777 4.9303496471610755 27.758683665580033 -8.781159436114905 5.208356527541986 28.894815476248944 -7.725547925155931 5.486832174706762 29.588992928078195 -6.870111106904928 5.52921769183803 30.035877601333123 -6.136416737878588 5.305354389817043 30.47191281801342 -7.208729652641083 5.242714606562351 28.235808090632037 -6.0605758265868825 5.699665975951869 27.725108858959914 -5.38915299714399 6.183477361807301 27.411760441556453 -4.89318584000387 6.671619503727551 27.16526311874114 -7.398524414688436 5.16382418549691 27.210485482462776 -6.302217978071461 5.671624642313867 26.432471768062577 -5.681897225652434 6.253561696664604 26.089156782191967 -5.253767474979371 6.826526423063822 25.884233104908116 -7.78534102806701 5.249933819045468 26.560307843839993 -6.857654044629492 5.6951249270749935 25.818570741911852 -6.394535758240588 6.22135225287401 25.629629720212293 -6.102805393053297 6.728153098392237 25.635502389154603 -8.316638051258675 5.426718852243848 26.198245050661964 -7.649475013148423 5.817247753303837 25.505839307834226 -7.334598258175399 6.23198369396241 25.361606869519218 -7.07206792730135 6.664478851639096 25.338651415512757 
-9.643803052622708 4.916351502105357 27.756979367632628 -8.789244517063388 5.183880706010971 28.864813199367447 -7.726117755378183 5.452859461444371 29.536414102561107 -6.876555762140678 5.4950370784407125 29.978110035903338 -6.126163164888424 5.276743778650236 30.41308904422961 -7.213236268593513 5.236117389024821 28.195777518964146 -6.056790523561952 5.689895741656004 27.699322983729054 -5.3910627868283525 6.174707530878899 27.40525483634479 -4.888213287867312 6.653224408030159 27.139633804984374 -7.393223951253511 5.154149711951307 27.184434307041723 -6.302217978071461 5.671624642313867 26.432471768062577 -5.701204853792957 6.258829967151236 26.112618839882924 -5.270323556459945 6.824474403554851 25.90665577728106 -7.779565317850012 5.240125998041652 26.534626917578294 -6.84839314080968 5.695371349555729 25.8062229561501 -6.393969864529869 6.204928432585985 25.622735735821298 -6.106071983531285 6.710334504581358 25.62282834805344 -8.311424250252667 5.433381876261953 26.17981123586805 -7.644746277927971 5.823549871446123 25.488099174659787 -7.33120733665791 6.228995607310571 25.33763584209504 -7.089237427200453 6.666748459297952 25.337691173316486 
-9.641224968532374 4.910508839444076 27.72033371856853 -8.794311728904514 5.160554461757724 28.84082834138587 -7.724783125251933 5.434690359743872 29.527640831068275 -6.858248801088598 5.4999871130927955 29.976851743298205 -6.1049146720940675 5.272368152645873 30.40948919927205 -7.226814955684957 5.231736159714101 28.20166496078784 -6.06454045979742 5.69907125949903 27.719540934613796 -5.391515518176583 6.191723456502462 27.412779862638523 -4.899984899688006 6.664303797409849 27.177123574323467 -7.4020942459254675 5.1571641990522465 27.17132279647826 -6.296637271988468 5.670692552010877 26.414207361030083 -5.678885604326226 6.260106568247634 26.072079929698532 -5.248827286564398 6.824970433830495 25.866730576507898 -7.77194598222483 5.24835430409989 26.52214799964141 -6.8374075272360715 5.69041898156908 25.795154231760208 -6.380532896928448 6.217468662340615 25.624368456901006 -6.0889045325739986 6.724083623099281 25.63020530099997 -8.288744891262809 5.4380215243727745 26.161891719705213 -7.644746277927971 5.823549871446123 25.488099174659787 -7.314133259978889 6.226852806505923 25.338565626135537 -7.070810309455073 6.673605156653383 25.345080917769703 
-9.669080246176994 4.911145754588997 27.738259893044425 -8.834626698343548 5.178632027130844 28.884368046906506 -7.759763393362483 5.4612262525873385 29.552541215954054 -6.879107975778716 5.503957924209934 29.979707655059272 -6.127863973126373 5.267643414693076 30.405860943424837 -7.260830986473354 5.2478886579435935 28.216940196129233 -6.091055811675767 5.7078697505927405 27.738767183722857 -5.401614888039825 6.17948937501057 27.41740236058388 -4.895468376779772 6.664800159694844 27.182570837316508 -7.432628726119342 5.164587691874283 27.183818068468554 -6.3146140557629815 5.66765796088706 26.43752914547708 -5.681897225652434 6.253561696664604 26.089156782191967 -5.264586445979259 6.82042984869365 25.866043450381362 -7.824400071752333 5.2509469584491235 26.551854612774193 -6.8563869666015576 5.703954506533586 25.824939560128314 -6.38201349875233 6.208637355453183 25.618056310461764 -6.100512444482361 6.7087837270601485 25.60511510889302 -8.331917575467745 5.431952804558108 26.170872345416484 -7.65607894811645 5.828765427225462 25.499013596833677 -7.328156147749524 6.230610898963861 25.343538182586705 -7.075296730600735 6.662833631783929 25.33269484948684 
-9.683171121353649 4.923618316404829 27.793677208020586 -8.867475538738601 5.181013367256525 28.931549149832353 -7.7749601558542425 5.449561924563997 29.585187419888754 -6.853148405728841 5.482147169238661 29.97365958587002 -6.120123370803869 5.285864663344093 30.425783447472163 -7.301683148321031 5.234750697917117 28.23465362960014 -6.077455275557436 5.69490766968949 27.725282704372997 -5.388702149567497 6.166465359270353 27.40423579681074 -4.8904931121004065 6.6464036447213175 27.15692049902742 -7.461075566160495 5.164058188687251 27.19539442046927 -6.336872351528742 5.680274929900687 26.462453916222888 -5.707950254822585 6.253813693196775 26.09976233786676 -5.288073691921241 6.82974507710728 25.882705289827168 -7.831139603255503 5.251740965564584 26.570976974760992 -6.865657912532362 5.7037146787399235 25.837307856551316 -6.417787553473683 6.225267134899783 25.64696182199038 -6.11277130945964 6.721749585726734 25.61672809212369 -8.335359765043073 5.445527141885334 26.205065827265056 -7.6457268849822215 5.829677724288057 25.520178625562583 -7.307659678352477 6.2154163884697855 25.34525148896829 -7.059388457366957 6.65144457324194 25.327232711150895 
-9.674542891387855 4.932481777680036 27.779756124801658 -8.835377077122223 5.175539959312353 28.88096085710513 -7.7480421204127135 5.442900265222267 29.52811760284558 -6.8571534856966885 5.481773028728519 29.967958162035703 -6.109250909952197 5.272354682985616 30.404040127230967 -7.278237276663581 5.239210144898505 28.214371670901865 -6.070364771246279 5.702842072749196 27.712778479332975 -5.386791632691712 6.175232281737011 27.410741525710772 -4.892894807340782 6.654641177882144 27.157885527992217 -7.444713487738346 5.16933483151305 27.19582951076176 -6.315241506420898 5.684235680541242 26.444723162740118 -5.706662628799015 6.251646397816012 26.076373144449505 -5.273167741548289 6.8065478266543025 25.84720406127665 -7.837545776612093 5.272643322878618 26.5708358491706 -6.859652952584154 5.702713627823162 25.81920067411023 -6.413530167415032 6.215141291110708 25.622830563169096 -6.114400309608309 6.712840119670117 25.610392848125503 -8.355150654781689 5.453276201226924 26.20274427365844 -7.651388040598193 5.824700294802041 25.50638345216307 -7.321683991131798 6.219169795887209 25.350227957251832 -7.063703918484524 6.64557015586904 25.344743843851965 
-9.691791438312867 4.897831897395855 27.757586665140135 -8.848015050743825 5.146522316903175 28.874613395865047 -7.777459952307994 5.428299566969972 29.537143693640708 -6.872991715662548 5.503120766505918 29.958331523884237 -6.094043422410292 5.3165351385071915 30.392271305726876 -7.27309193765319 5.229396811911763 28.187334648011202 -6.079472717220069 5.688910339314275 27.692722712634797 -5.398525703276651 6.169553378840239 27.392260060959874 -4.895004229662171 6.645907303753226 27.15147767653731 -7.4535601995747225 5.1723506462084705 27.182687085223375 -6.322045479532152 5.679337097619671 26.431499333760538 -5.702746072902455 6.252571306987568 26.08196249346416 -5.273965084794896 6.809033888801484 25.870277769956388 -7.8446536285040365 5.258673168695415 26.550062611948455 -6.864648782281476 5.706675354262408 25.81218629919576 -6.410017573091874 6.216394773748047 25.62857094717762 -6.11787444730718 6.706755124674133 25.62756060220391 -8.369983238942487 5.456855480202578 26.20818997699301 -7.663696750511243 5.820878108013446 25.51088597426967 -7.315255299426994 6.217804156383607 25.332175429358255 -7.057415958695686 6.643969265075077 25.3267651120848 
-9.64801350338225 4.903319488922965 27.70139896410381 -8.827399525375737 5.137680180160876 28.83627537529673 -7.742130227731215 5.405002574000831 29.48321353805871 -6.847512353119569 5.489036684201479 29.926869116823166 -6.084277164915983 5.361381611688032 30.401767812105135 -7.272604033037867 5.209709780836669 28.147687732230995 -6.069851510850053 5.675375755096785 27.67372390618604 -5.38753228047667 6.147789090252243 27.372630404004074 -4.887924728689667 6.636265755771175 27.132269482759312 -7.42759034257002 5.149273860369812 27.124370583327043 -6.323035690748896 5.659963470416167 26.394778885165998 -5.706239469912592 6.2351532697481336 26.069384395358004 -5.2877919284640535 6.8132174770406255 25.87581768941305 -7.8100266702595045 5.258388000961044 26.520264415682753 -6.858180900228797 5.691647068827713 25.78902732665221 -6.413530167415032 6.215141291110708 25.622830563169096 -6.11277130945964 6.721749585726734 25.61672809212369 -8.327903482409727 5.4553781405849024 26.159732069455174 -7.633431324463754 5.818345657189201 25.47720530088384 -7.303178687133309 6.221491085912216 25.327703842561096 -7.050474313974204 6.65825256388921 25.34663025755554 
-9.688376890878898 4.92066640133522 27.742337957421995 -8.903436776244442 5.182281373768535 28.972847307621382 -7.8493815239405595 5.530051012612223 29.868507034674483 -6.866141609761134 5.7415027378496895 30.339784564961924 -5.8756367975245904 5.776764144538077 30.258026488752215 -7.287370913060137 5.196246291508405 28.146649830683472 -6.093772093235714 5.662668731943545 27.686372111778923 -5.396314873251883 6.1314284661799014 27.378258323959695 -4.877543673094144 6.599385019861322 27.12928092702431 -7.4310606371352135 5.142616783404139 27.085267821385553 -6.313637469240201 5.646450944000518 26.37697232580126 -5.715353243978246 6.235466076358596 26.08159469841275 -5.3157410724529575 6.819566713453448 25.910862759538265 -7.8056898756483895 5.250586784745736 26.462211949554753 -6.855446053279964 5.6894061728726815 25.765243930958682 -6.421302388405896 6.224013679920626 25.641221103220133 -6.14553766943963 6.738156886322721 25.67584979746645 -8.335513582958997 5.457981020539176 26.14604066075297 -7.635330241368282 5.810649925662822 25.43932864024443 -7.290358772865097 6.218758536678122 25.291667739822916 -7.046169975142056 6.6641223697611816 25.32912252072613 
-9.777134087266301 4.67993799801844 27.501000089096635 -9.005311118856499 4.838945365499371 28.635647135411254 -7.893329855155356 5.07764295271899 29.272533633539148 -6.954234077217872 5.176614331923176 29.658512398448547 -6.1764874746137 5.046395977722973 30.054580153926754 -7.400967763216971 4.969162485980209 27.810195543281413 -6.222446204227752 5.424962430916938 27.330633855832197 -5.495174500591298 5.854411195922085 27.015147281112167 -4.9330745682610475 6.2849842060546095 26.751494404535393 -7.545968265546547 4.994230349558793 26.868690773939413 -6.4008271648823545 5.534886917665738 26.18892376020872 -5.771736632089558 6.131348311112924 25.92835160456792 -5.326872513540625 6.739029747838343 25.790355705959264 -7.926737611772142 5.178900382148144 26.32392202784293 -6.907716496055599 5.617764330625153 25.613212346772038 -6.446215131279117 6.158564652200351 25.517629520685798 -6.147253067925754 6.699008861285651 25.5790125017216 -8.445029048502949 5.447797541668159 26.08565044034546 -7.662569793449066 5.783308008893 25.342684098182307 -7.3110776770331505 6.178372043149898 25.23374815806064 -7.051216861675986 6.627696113453018 25.3034997805577 
-9.837771386490259 4.604429374012734 27.432119837644088 -9.090026849815377 4.713217821496701 28.57412341629398 -7.980662256834326 4.943606817807115 29.212647142804425 -7.039502822541222 5.037870281099664 29.57618999120085 -6.267305045484348 4.903158021628827 29.913789418579018 -7.483030133187596 4.851145797669416 27.70070580609366 -6.268266517016547 5.300704588763958 27.04151357836445 -5.5869636629261175 5.733035601510624 26.680086446100436 -5.039965229204945 6.12198197993529 26.368995776889005 -7.638238827294158 4.9099253796997155 26.782802056922513 -6.452435326247305 5.499899374453891 26.06360706050534 -5.843884666445052 6.094957020485756 25.851424148373635 -5.41555591293511 6.665106763164369 25.747034604388837 -8.023677939222274 5.11679303925709 26.295771256481878 -6.996101405583505 5.628874734508935 25.577836057607954 -6.51853598665516 6.163718789294208 25.454214759060765 -6.1806836278812405 6.683168118301141 25.494035721328657 -8.559143050830617 5.427533743629401 26.109196581012593 -7.741777060548709 5.784324821002976 25.372830528978785 -7.358820428777837 6.159020618587123 25.22168836699601 -7.056222555561245 6.568801315127277 25.208918150207566 
-9.936723712072634 4.503142625217508 27.29735773090018 -9.22208756841773 4.619935276311936 28.44331372733653 -8.094793697377984 4.7923490813456775 29.001461926824494 -7.155071065624979 4.887583403015213 29.32409514708863 -6.383358442000758 4.756544735875981 29.6530786910992 -7.671943651315539 4.687778884931647 27.568943522410763 -6.3890149065696 5.1373738204453705 26.751507285502512 -5.7386923091405295 5.598577017477578 26.42465516399747 -5.232854897686777 6.030678592962375 26.179713782475623 -7.818820189220769 4.792634578295832 26.67332032555322 -6.610053582578963 5.380600274286158 25.965981056378492 -5.976874442372904 5.987743075939893 25.774846119533713 -5.5366251529970665 6.556711775458417 25.68890835059064 -8.176182154969108 5.046759289993697 26.188341221540643 -7.124623277925348 5.578690091939249 25.52572691189199 -6.6107089214782215 6.113219990765278 25.411363563848894 -6.228672851946023 6.61074186002775 25.412053903532094 -8.658464676275305 5.400693229613151 26.02413889739776 -7.818779347904104 5.776430571489061 25.34308084761705 -7.405354731309761 6.1458074231936894 25.188051545333145 -7.066346280475293 6.5383540285833615 25.178100021651215 
-10.039487518544716 4.48240098610606 27.167703467658075 -9.343386914475838 4.5289682247923135 28.294120284621933 -8.247438568909285 4.682323694511301 28.878073343075993 -7.288516021992012 4.776358576925875 29.183972236813126 -6.516813149287656 4.700705543435766 29.52900027669137 -7.871839869025346 4.591126829148676 27.545514005429844 -6.585806908635127 5.028299718621576 26.71599159559882 -5.945524036817408 5.519358616459979 26.38551245047747 -5.475821157242417 5.980403179689591 26.147457869284004 -8.015417293326703 4.703056246521041 26.63997825928385 -6.7689818389017455 5.304076220964001 25.911486963872093 -6.10688989198342 5.930231223943713 25.72390554886251 -5.686771811734189 6.491324004392206 25.677804868139503 -8.343611919507026 4.9720508957302805 26.142267114759512 -7.236249552397604 5.517033095776853 25.46761726427739 -6.669484627249458 6.063843389306527 25.31645033911269 -6.296462348548529 6.553543398113189 25.329111415375124 -8.799148943521809 5.339537828883711 25.966549568964037 -7.892567713903408 5.744502831924806 25.305847738323113 -7.436924774602261 6.112441473143975 25.14280325415051 -7.083227004606808 6.493770689460713 25.127676982120157 
-10.45447186205682 4.579327108769295 27.158651202831212 -9.85431703016796 4.556522005521277 28.302229928351416 -8.711019405023558 4.653325006113453 28.838654815112488 -7.715719000139834 4.760540142447764 29.0778921601557 -6.894964952070091 4.669265889733687 29.36471611213442 -8.332865674609867 4.474645090528133 27.595590870673856 -7.028926389493944 5.001806635361445 26.746116629399765 -6.361196440118421 5.531684486877149 26.435944255614753 -5.882191114757939 5.9948337168700325 26.226451808357414 -8.525019491112316 4.663198643541431 26.691169466871138 -7.1538241524499835 5.278573963818885 25.888657067004164 -6.453132760551483 5.915551010247654 25.711084324984498 -5.971519512224073 6.427322723594696 25.65938319420613 -8.830232367439859 5.00704276125113 26.18165657957233 -7.553040668007292 5.554622428054012 25.43169411468421 -6.924949122150767 6.1060212050204505 25.30498797313222 -6.489617729805156 6.564300377762385 25.326375655429405 -9.17949251804715 5.410472313007935 25.95722762523406 -8.048804942349012 5.825809481866451 25.256459541631212 -7.4926803905925405 6.185847775816515 25.10460492858365 -7.055200735472737 6.521397798221501 25.106587468359837 
-10.368282991470988 4.494327457977599 26.798263960167994 -9.765888487236078 4.47060202707977 27.88508992249167 -8.65793473727481 4.579901590489002 28.408324771312707 -7.711330451391258 4.658112989533364 28.6829615107151 -6.939877141219613 4.531223950699512 28.990907899388908 -8.291475943603123 4.346294755367555 27.169310554724547 -6.979976682379868 4.912076567094273 26.46930008199339 -6.345745711516137 5.455053976651761 26.23772447748117 -5.882792308434144 5.937014605440088 26.097524901151566 -8.443261311886943 4.544148297113037 26.282677389814527 -7.15328095603751 5.2108716676832065 25.68508759602747 -6.460466106079075 5.826426240285651 25.550598420790273 -5.966543341166169 6.341488425312608 25.501561989301788 -8.745972322030484 4.893309785266369 25.807291383957054 -7.545464240180187 5.4763636969357465 25.227430392846202 -6.9050138142472886 6.03874207479036 25.14209657654828 -6.447564858539873 6.495160621260068 25.155104867466044 -9.107218302015081 5.333060757267983 25.67300711758717 -8.047151846734348 5.773496707965744 25.10493355157443 -7.488193385770483 6.14706291932419 24.975618328077864 -7.064659957396051 6.498950503314262 24.96668442240788 
-10.37828898336583 4.560693745405439 26.86480075605701 -9.770641537328297 4.474551324113021 27.915833510428314 -8.656129659583154 4.526370618182525 28.37758329846506 -7.721423416542793 4.5992807863796665 28.632148548636383 -6.954005844417322 4.508034611265769 28.95743687743691 -8.290104107085948 4.364221543769027 27.182725239919137 -7.003219349691115 4.942855039493846 26.531383212352907 -6.350554462695371 5.480986663893796 26.26922155686569 -5.879674005632538 5.943681926951569 26.080409427442827 -8.478525330379785 4.5665855828236985 26.35872413622043 -7.167358902484614 5.248148672658546 25.764504337803288 -6.4571566513756125 5.885919896639766 25.63657915970021 -5.976685083994399 6.396890478540788 25.585824172320457 -8.776655891137922 4.921589091275585 25.896982905987034 -7.567643846275886 5.515706836815806 25.32455023786521 -6.914767493064702 6.110892598379593 25.26990425033806 -6.464686807684573 6.580462261797729 25.32360096656708 -9.123515945516733 5.370288129463322 25.73158341603351 -8.045415132363187 5.790507817066388 25.1492657242912 -7.474962321081031 6.189041894281299 25.05123869425947 -7.0681045319164815 6.571341115870755 25.108054595356727 
-10.341808523078644 4.6072920910334565 26.820493749877855 -9.71585556389724 4.522865142846911 27.8343420740145 -8.62528045829222 4.543418484467366 28.308206009445506 -7.708968539729821 4.5648259046138975 28.60070762220873 -6.978503433044149 4.4727379491244665 28.96025310690976 -8.292474810944706 4.412164066549343 27.1744773852965 -6.956816517580266 4.9723687077093945 26.510664520476112 -6.294788701438235 5.509402650137867 26.290507267024925 -5.830544806743862 5.974768419409633 26.1426372792007 -8.47123746589903 4.605069365991519 26.329980450724182 -7.106984714399532 5.2516026852473985 25.701349084919062 -6.412261969416242 5.892176093865319 25.63330064221876 -5.940979610158092 6.414097694994322 25.623853758357736 -8.758853574586636 4.96007434891662 25.854853313010523 -7.528521897238796 5.52457101016123 25.25430771062228 -6.886260460693962 6.122375370350937 25.241897772287967 -6.448553803680585 6.6108335042960515 25.337850460035437 -9.119800967864457 5.402211215255764 25.687447197339814 -8.039662380065357 5.806803591661811 25.10619394993253 -7.48123099733564 6.2003414333601725 25.04437242899904 -7.078697423580337 6.576807837613868 25.11875861035993 
-10.34572618838701 4.641632447837825 26.835983226526434 -9.717908927040716 4.530864927410676 27.835374468060127 -8.624632892226126 4.552668775940112 28.315275060185893 -7.72426207887334 4.5775886906734655 28.614985672239595 -6.986867686015379 4.4814521653506025 28.982103362155147 -8.32619814639245 4.452660880315404 27.2021293441715 -6.97519065532122 4.993962573984527 26.547856782933106 -6.311833314631641 5.531377178828112 26.327013066569556 -5.829379932626538 5.999895668327746 26.15588768107678 -8.473873329586153 4.638217479771843 26.34460769457651 -7.13436364824938 5.272928253888195 25.74972894418343 -6.4199775167013495 5.900859080961515 25.651704518563577 -5.952241032703598 6.421984600720952 25.63644111097339 -8.770053789847063 4.97570371423167 25.87520404630742 -7.545307366117877 5.541282127303773 25.291446933120497 -6.895555884556038 6.122221830425189 25.253942395366607 -6.43477460121071 6.606924643667858 25.332805108162002 -9.11673335080401 5.4146877398951485 25.70279165344468 -8.03364017922822 5.820889948929646 25.126475136044682 -7.453545278577629 6.193036583757222 25.034874860861436 -7.045593672818531 6.584044170889719 25.09804248162888 
-10.388116852260218 4.685033727207382 26.889661420947157 -9.7604388443516 4.565152054018165 27.884748531443574 -8.658836836977656 4.577340054123198 28.33748322235511 -7.725547598854882 4.595011637385458 28.62325283026963 -6.997022561405025 4.5113123033439715 28.984645312462877 -8.32249439573361 4.477062495136293 27.190997109846183 -6.984161978136705 5.018850416841197 26.574595249377847 -6.321643997825364 5.547821106008696 26.346806425506394 -5.8546043166776505 6.022550044150767 26.204417905987714 -8.469321333123043 4.670918812476862 26.340045841901738 -7.117910762249442 5.283678280576913 25.727688375556664 -6.417782672006675 5.898583963163495 25.62831806481337 -5.953886064965978 6.413217565295198 25.630215123365033 -8.750093568705646 5.013881127945549 25.871829933954874 -7.5182907590270736 5.535824139528192 25.25051959433927 -6.875650849345037 6.117227587862413 25.231250605326753 -6.43477460121071 6.606924643667858 25.332805108162002 -9.094461509887728 5.454857711121241 25.705459540174836 -8.011055340258169 5.834316408512631 25.116197536140387 -7.463385600763566 6.207420591029575 25.051771552588054 -7.049884970583582 6.578220737918315 25.115390957692245 
-10.423903442547413 4.638267207722709 26.72165727841417 -9.822802802100234 4.531158441235557 27.766620373045136 -8.706419718915352 4.547049024079357 28.232508495842435 -7.765532759898244 4.592123656859111 28.496025360062088 -6.992890584707377 4.493012271971604 28.77756285596078 -8.376294476982748 4.471228693774721 27.055823275713944 -7.005576518385371 4.971290921741885 26.458064062887885 -6.338050146558678 5.520616679679045 26.307670867799974 -5.8632018770094785 6.006294091016099 26.209816413022665 -8.479143920946761 4.659972749327495 26.14861385687827 -7.150108935623884 5.274414062045693 25.552165708283933 -6.464705144621032 5.895717070421902 25.522908955041988 -6.000101877013979 6.406142619223133 25.580429802126165 -8.771009228267477 5.019935725170365 25.692389609082866 -7.544798298751363 5.538850605157179 25.11171291368974 -6.898707647757813 6.118142900078852 25.1617616477462 -6.463223406510947 6.589378171597461 25.329855612751263 -9.129061818612204 5.448707593051439 25.549159485778407 -8.028956513124607 5.831269928155062 24.98237659724773 -7.46860840346938 6.208322089333959 24.952846903679937 -7.078697423580337 6.576807837613868 25.11875861035993 
-10.483982663697217 4.644664427779749 26.788589446775806 -9.83315999717076 4.513703393582378 27.731644663557454 -8.725893465495231 4.525664988869145 28.183477384046288 -7.771315158695226 4.567904142102315 28.441387879632096 -7.027272577363762 4.469147860243811 28.74310446461324 -8.366523347557008 4.437305098352214 27.02093743679059 -7.0062658421699 4.943573787360495 26.414877568900557 -6.353349498321905 5.505180509542275 26.277087113230248 -5.891133111503792 5.997625654063772 26.21419844048636 -8.48032024471665 4.642042460591219 26.135598546093558 -7.1352983351399875 5.226562485126631 25.49802964616652 -6.461704578627793 5.8411826643910185 25.45038402994833 -6.010427835978693 6.3658429430018915 25.495200157688597 -8.759248493571835 5.0058604856012145 25.67502291135646 -7.50685013138321 5.493142263573067 25.072575768638863 -6.870537030083803 6.084048230011824 25.085297541562397 -6.449495470609878 6.576688878572384 25.240419365819363 -9.118611659334984 5.450787078180647 25.538845570687904 -8.005363459713777 5.804433299236607 24.954667043627733 -7.444178113347835 6.173997489783447 24.924651319923584 -7.05166776122516 6.553397523721065 25.071574737877008 
-10.497926072879253 4.601932855183055 26.807506529632356 -9.831760475889693 4.45541717391385 27.733434599914922 -8.682633561310949 4.412720041086885 28.123414438393127 -7.7423493478421 4.402590688237332 28.360137909594275 -6.991457651468052 4.2683770251873145 28.62462414734376 -8.348172162174352 4.346637848788376 26.968250835985447 -7.000379294495721 4.848586830979907 26.346130640984292 -6.347579797824547 5.418319447619921 26.215874310578783 -5.863065890720905 5.903377819382265 26.160240120716832 -8.503971158633748 4.568612386044418 26.077561990087766 -7.133722894510762 5.156355799570467 25.406389285802025 -6.435409464857442 5.789331671284248 25.38650942743 -5.959130221639525 6.304819398755415 25.468864838499883 -8.775169276002599 4.947741311538727 25.605215538732722 -7.543934034087746 5.493375570091585 25.02960059581588 -6.956452259626133 6.118833781874813 25.11345684536511 -6.554963859865481 6.620395732209265 25.346309161692133 -9.120580006088549 5.412450614433008 25.50998139289781 -7.994425930429411 5.825573744818493 24.925765298863777 -7.4486102635422355 6.230270565153361 24.945212803674067 -7.066561345406691 6.638296025581493 25.17187251150281 
-10.348622292034198 4.447515032563956 26.43010586276783 -9.707734070177713 4.261267958884141 27.32500400754559 -8.589317074573103 4.177897015153953 27.706249661023357 -7.647069137010567 4.107529989543746 27.88086359829422 -6.933274347986196 3.8889251941279577 28.09460037792572 -8.234563758214403 4.189607120258308 26.505265599931782 -6.9364787414829125 4.649589939938136 25.932139046816392 -6.278489222680634 5.133980917400875 25.77139842310793 -5.7985847443154315 5.587415176138332 25.66652415264992 -8.349138489721398 4.465144777896978 25.60594037366538 -7.0302864046780895 4.98379691676698 24.9716970573587 -6.348146975712274 5.53950143195244 24.92167632309898 -5.864578573295609 6.019536323096558 24.970893391596967 -8.606537022349675 4.877974562680658 25.17711491228049 -7.44861827311886 5.393652167949648 24.660657386822663 -6.88048208929662 5.973369075989679 24.79249004573924 -6.49451844728817 6.444895587512952 25.0227020522194 -8.951593411737939 5.379519101633874 25.122493891002524 -7.891373789407879 5.805424700061294 24.719445319321792 -7.391631710311572 6.214267111010545 24.841203792936223 -7.020907736477216 6.585715536698575 25.09055059909747 
-10.331569451583945 4.465023426159366 26.444236680539696 -9.699276129558767 4.25787424051302 27.34191077573413 -8.565021077726362 4.128715245921675 27.653543829060858 -7.639158018933148 4.008904498525875 27.775620324108388 -6.974077907273685 3.7053141632798896 27.98748114488665 -8.165718901038716 4.101832440844333 26.264678957633986 -6.889491368086906 4.556858164637814 25.74232489513094 -6.256739833968127 5.059490911395999 25.61481836003058 -5.798731093301819 5.51587230886808 25.534552566891882 -8.330461653830492 4.379969574901228 25.464194884540827 -6.992238523514807 4.90032806075459 24.77661697676409 -6.3171683443265 5.4799059188999095 24.764362862196187 -5.863964725830638 5.973397102626772 24.87617211721352 -8.615457194467796 4.811429739013028 25.08419618031292 -7.436925418162753 5.329942861191844 24.53338522671361 -6.843144727356284 5.9341612994426765 24.67544499486508 -6.437429078316803 6.39771462133687 24.912983432415523 -8.973067684121801 5.331001430080445 25.07806961759947 -7.913517838320191 5.768005529033864 24.68536977161476 -7.408409990918905 6.175498748370474 24.789692054375745 -7.041397179755471 6.528588673850268 25.02653933654843 
-10.280600815915545 4.4982038826882125 26.387527428540096 -9.678168208496292 4.24132342502047 27.301382552342652 -8.600603498427096 4.046927927328101 27.63819163961511 -7.657162094324583 3.8847885269846345 27.67411551762322 -6.972403789188282 3.5882004595926307 27.783234004843635 -8.152622619369803 4.03975524842028 26.063461938366213 -6.91523205464562 4.515426935919701 25.62224677207902 -6.260630378924593 5.022409509969181 25.4860142989753 -5.781102963275259 5.465236694283589 25.436503159990426 -8.350926588442867 4.361182819864312 25.346485220684894 -6.993921116521299 4.8326140664835116 24.57499632810734 -6.302792186748422 5.441649089171776 24.59008275871337 -5.861740589529154 5.9360043843575205 24.787769720292847 -8.63263057053031 4.7976834783388 25.00399020230543 -7.4440474261261995 5.278505532390399 24.378090225250943 -6.820168459854513 5.859846370174227 24.464314186278912 -6.418866365600045 6.280122961359108 24.68232781784436 -8.976654806591764 5.327437640278095 25.031124268223685 -7.899104815995432 5.729022475168801 24.539613175521524 -7.359761179529247 6.1434730160199855 24.546319778226138 -6.957868089681794 6.478110320054066 24.67751946510119 
-10.423250918028097 4.465287908466736 26.37932533102905 -9.83525515203496 4.20351034693076 27.280006056934326 -8.763081368576792 4.008036561185654 27.618860912219738 -7.810123860836 3.7963850647870436 27.615313757016978 -7.122429807093731 3.438452497931034 27.70077981368609 -8.307408822245364 4.006944736531147 26.00178817787667 -7.075947291000086 4.525445637061638 25.491379106044775 -6.396186473117926 5.001652069572639 25.33589512908815 -5.890032546136489 5.445736940313664 25.284740244853946 -8.490660168022442 4.372661378619008 25.259425176945104 -7.141930571231101 4.8630152741262105 24.485868429885723 -6.444861853908761 5.439597016712048 24.50331269391132 -5.988574371415829 5.906971590866714 24.720340093215405 -8.765731592905302 4.861505552457747 24.916288252751915 -7.5521137549873 5.3523482353383915 24.26156731003156 -6.974510632471619 5.931789419367293 24.37977620440809 -6.596921144173571 6.350177203550165 24.66674540559854 -9.090176719096979 5.380587077130467 24.903121803479582 -8.034430440623067 5.806314126494017 24.422404091027694 -7.502100925515974 6.199855788911013 24.442159687219853 -7.108326835793406 6.50998103727026 24.608738600761086 
-10.286617002237183 4.50817019539471 26.03949029433252 -9.682209110774243 4.252629035466005 26.88082876856095 -8.598942016927102 4.04358338863724 27.14018658262021 -7.685413653921117 3.770191117869388 27.1097210333599 -7.0158257746989 3.315667073935263 27.059901511041808 -8.152662265104924 4.011552548594631 25.50987494986726 -6.966063069903226 4.5943948862023865 25.05264316454595 -6.304400966443464 5.075546294909267 24.90048834753726 -5.787449798981122 5.51814569994282 24.788743989931376 -8.346384170263516 4.368740689353743 24.807692229040903 -7.043178135133376 4.937414845602374 24.09346251985716 -6.36224169995126 5.524193490938192 24.140256995682247 -5.910813583402533 6.011674937299938 24.37041700144444 -8.652873204600368 4.825311635396489 24.498816301586253 -7.4511896796791355 5.341824997562361 23.813026816043436 -6.8772933357350885 5.912754852053762 23.94712887308783 -6.492207728387609 6.332012016919067 24.234020737168315 -8.994007911475483 5.345508267768916 24.534419501862953 -7.912083947527315 5.746813901343106 23.995406092765855 -7.357245635796488 6.128497289147335 23.994095337042626 -6.945868929333978 6.428812538670717 24.122647360594833 
-10.294649346673008 4.556459441680895 26.096421301792684 -9.679307330700912 4.293890359245606 26.876871870534174 -8.565641143882754 4.076639511457693 27.056762855733968 -7.6615690566257095 3.8017353535141223 26.95789226005099 -6.984478851969225 3.358155763448748 26.881201582558756 -8.215422270977912 4.055898486868234 25.6021411997149 -7.001800718403394 4.669739951913275 25.08374953746569 -6.308450397729923 5.169864003151253 24.887483991792397 -5.786420616966733 5.611095560997976 24.759340051937887 -8.393669769203285 4.430015492277846 24.87304512991197 -7.05894444054523 4.9986705986859885 24.09484912027792 -6.377979039384949 5.625426560888923 24.160104980384396 -5.9679714974367295 6.165193201194155 24.468414596547852 -8.683319104713902 4.896873261735539 24.53934665876059 -7.46926727689686 5.438203903314499 23.854089420796956 -6.893021438579736 6.01894222620053 23.994504522523183 -6.5410031990764494 6.47625094476494 24.342953992624437 -9.00012493770367 5.408455701569841 24.520459627936727 -7.928073363509884 5.82319720605895 24.00019369965864 -7.364617387563194 6.196480068165372 23.9819729347731 -6.942277769133842 6.490065810071469 24.099536573662 
-10.261627048944412 4.581215927195402 26.115704773813544 -9.622112699768724 4.322467290354109 26.86996596463892 -8.53351917796069 4.127906815202871 27.048801626051482 -7.623774038020441 3.8524344584766523 26.930868405191497 -6.953470172181459 3.403156296583968 26.870394624061944 -8.134699252441303 4.100298139315196 25.5329919666595 -6.911862676766959 4.73827164600018 25.003189861268183 -6.228148647632761 5.252763034444977 24.831709095845564 -5.723599100089885 5.703390049852921 24.70926214852911 -8.327623107700521 4.481800112848809 24.848336346266652 -6.981843866374558 5.068355287245394 24.027938089206696 -6.31032494149739 5.707324423742884 24.1395066709422 -5.91904694282645 6.2522671506462855 24.468068001211222 -8.637315447115812 4.944541045593278 24.537038901552243 -7.407649765973278 5.486926686178139 23.831272275669498 -6.847635049088448 6.083610220808043 24.005283443312546 -6.501047966693106 6.543112763407484 24.370063604391323 -8.974062903483816 5.453403126798635 24.54030779550357 -7.913744806537696 5.863530779165299 24.02271203745098 -7.3704526796775856 6.232789788318882 24.019217693959714 -6.960736227684911 6.530392352531376 24.14076254946361 
-10.238887753298682 4.688331987522454 26.08386699658204 -9.616452849393209 4.402340694478434 26.899566239742438 -8.49456224075148 4.187419460737184 27.09247026710051 -7.559056977343937 3.9035605083444254 26.979322585097655 -6.890511858070962 3.494325225258083 26.990034484904115 -8.117022637781771 4.1737600976678335 25.57837900289744 -6.907965055915029 4.795732231660274 25.0924465245351 -6.229340579057658 5.294405499703963 24.924558484132028 -5.724249932030494 5.737295903317046 24.794964710552257 -8.31030659502784 4.564387933073167 24.89946617620436 -6.990680536938426 5.151898886579026 24.160468164955482 -6.313059048192648 5.801095908073208 24.27720761810963 -5.906962749991669 6.336010173193732 24.596585604234473 -8.625996085874194 5.057712494291521 24.59346406063188 -7.417386968980827 5.576618833101633 23.940845230166598 -6.846444360182774 6.172623530954194 24.127973442438638 -6.500357088595407 6.632168534075669 24.48853129064304 -8.954280632907002 5.5517752042606325 24.572973503145267 -7.913518024905552 5.970069880563669 24.106902788235583 -7.378150861961075 6.360138201478741 24.149616539685162 -6.992071249159332 6.656241154660557 24.303796008210632 
-10.282703840593703 4.672547720013619 26.17025821489203 -9.6190574575568 4.40745677937774 26.93501592971879 -8.503698456878071 4.1953697737480855 27.113120611305106 -7.566764822181989 3.945006083045405 27.01976883287824 -6.881905521715075 3.5560871472155062 27.037015301688257 -8.097869889915769 4.191137450047475 25.594221291517805 -6.882618624260496 4.836540733642078 25.10255432846526 -6.214691872689612 5.355073195669762 24.951049445819386 -5.707286923357516 5.806170158172558 24.827048179781944 -8.314280279316923 4.567770059493191 24.925766262613262 -6.953727502333571 5.174978728348867 24.130861088568487 -6.2877571545462345 5.825443236634594 24.281012355720733 -5.883947311320515 6.360708908571864 24.64597331197225 -8.63117214132414 5.025878935754488 24.632401185446074 -7.37649873236356 5.57222124881394 23.876749329946836 -6.813727283696282 6.18412516258146 24.086757038963892 -6.455969758647213 6.621249521423365 24.459564640325144 -8.977693756566836 5.5294568059759905 24.649326945781016 -7.889291970577517 5.936517353226178 24.08049601584363 -7.3351616047154495 6.321280753442305 24.101684560737763 -6.933307180122418 6.625320064586591 24.264521402006444 
-10.302510227976388 4.728456071969883 26.245097890154344 -9.626702363008286 4.435681905602888 26.976006451264592 -8.49413146833522 4.210139281815357 27.140238265814496 -7.563269836070288 3.950362934271457 27.058390341650714 -6.869231936144739 3.577802297574017 27.068339539526196 -8.103345685640535 4.20866460920038 25.62506197648211 -6.884346376197552 4.846730054728687 25.13143238787054 -6.2173084207629055 5.372754734355437 24.98002499305749 -5.709149153334432 5.824039877160083 24.855663481375167 -8.320130201134539 4.58571927870254 24.956093598276134 -6.964532419590726 5.184969876139517 24.170364833036555 -6.283097818193445 5.835333054986493 24.29238266824363 -5.8817738559143535 6.387542800081326 24.634864791733353 -8.62971982737158 5.052659325063144 24.650967247597432 -7.394073990134143 5.5938641308953265 23.90947483268229 -6.835693118113091 6.201572180508963 24.106788231734463 -6.495597387148833 6.662746952212421 24.48435560275947 -8.976469372958682 5.556967711261522 24.668254493223852 -7.888480207818401 5.945454851992657 24.0865525182485 -7.342712784845556 6.339280544750605 24.095058824387664 -6.944974672267434 6.647266162739228 24.25108509392955 
-10.221488975506931 4.717247168093797 26.234244515106674 -9.560658195639292 4.441657652467643 27.010156018468447 -8.435305868887935 4.235208105883895 27.165425388414654 -7.507316618835866 3.969425634270123 27.04331006507523 -6.841379786734192 3.591299077053747 27.090349759152282 -8.006577383255555 4.206403829115686 25.62325064891134 -6.778918985942612 4.8689890810165215 25.10945468733114 -6.101692154651608 5.384865240466188 24.923066013512834 -5.592747175147074 5.825232187296257 24.776445083345372 -8.204760399914452 4.597341013858556 24.946553017018914 -6.843940704795412 5.253558936094467 24.182700824602577 -6.178826241738417 5.920375923750994 24.308412375040394 -5.804300920246857 6.471577132440824 24.652908567101587 -8.530165042004192 5.067269842522547 24.647592113423112 -7.27941684528337 5.617139450850245 23.921863421990697 -6.736271034127125 6.225434786670098 24.116093971402055 -6.415137242625024 6.682517815123774 24.507451651089227 -8.896056741847385 5.560656628165552 24.649201669073374 -7.849815904078126 5.9754657020767254 24.12366012717203 -7.361717668979116 6.368696285007692 24.159034264636407 -7.016310032573415 6.682651489026688 24.356338475758978 
-10.186410636583451 4.686533996345971 26.133887648864558 -9.536917297849131 4.412752322239568 26.92878093810486 -8.414469450751758 4.191108959183886 27.078520042156864 -7.507108817431746 3.944351529626496 27.029406461250346 -6.816756186916046 3.5847496305839663 27.096598029139063 -7.988348411827077 4.213165429631754 25.569040328710816 -6.759710792948563 4.883777364526099 25.12192589146821 -6.098366692274254 5.4175364097714285 24.99302284530838 -5.594162452394708 5.861440793011161 24.884281934094126 -8.17897388476218 4.6026401070863745 24.875348002045257 -6.819468224379433 5.2973045451503875 24.220638470960655 -6.175291153363391 5.9786166718901805 24.38983537119897 -5.792497006515713 6.531589369828987 24.769791440603083 -8.48918873961073 5.068055086339227 24.571922653878346 -7.233965806290816 5.6448165630581535 23.909152033033006 -6.699834332524855 6.27871227196164 24.178860721328302 -6.382485936953341 6.744634126955311 24.61766983003775 -8.85889887028694 5.563146399047923 24.596517115629737 -7.785331101235442 5.9812063369566175 24.07716132015055 -7.2970200366433815 6.397722093239191 24.15546603364943 -6.971254561434521 6.723220643411464 24.40435233174747 
-10.121419714651099 4.620768899056831 25.91946661938178 -9.495516560388598 4.341367567417178 26.74517023295197 -8.393671827715597 4.133589945824695 26.951343285304368 -7.482498401724708 3.885877586950293 26.919107540015748 -6.797325282853754 3.5244869610086362 27.038271680047067 -7.9336413199539315 4.184375665254901 25.44176770970613 -6.722211747091714 4.84349276127087 25.059008623077464 -6.0465230325414225 5.37110451025414 24.955438031934296 -5.547035864543184 5.8238199484808115 24.869531351043314 -8.104255907152014 4.573750842540387 24.760403688263768 -6.757667673414883 5.275832184908417 24.134927076120448 -6.12945720225636 5.957056666119228 24.382878374681205 -5.770138324242914 6.504491870061895 24.771842291718727 -8.406082582343299 5.036264154693096 24.43982434282803 -7.151469989191834 5.641994110408103 23.81526329305225 -6.6586603781816915 6.27046017424336 24.142281233493964 -6.37281426210828 6.728422592775505 24.599797130538796 -8.773093966784659 5.528458370160513 24.46252410371694 -7.719526306771609 5.982512340880095 23.971873936073074 -7.256738015546552 6.396527915633298 24.118857187165965 -6.9619387650567 6.723348425298811 24.392942329439954 
-9.955265268943998 4.513157494203067 25.57099048831995 -9.384865163833728 4.2265106989982115 26.42665723855314 -8.326166780970286 4.105635958428751 26.701400042600685 -7.4200247487655 4.031157538300915 26.753888137039265 -6.814891880166063 3.8587559682095907 27.00412971208293 -7.62629794755528 4.108819896705551 25.16935175133769 -6.215415598919865 4.63419489097478 24.788657870477675 -5.464328281025012 5.073790824868419 24.71085401956217 -4.921663263259837 5.463627047324999 24.652679854300793 -7.723986236511454 4.498269514498567 24.477658137442106 -6.209434717333305 5.150485840599347 23.88619156520597 -5.615953094302805 5.828980365513854 24.152338492514954 -5.3544877538617595 6.378990368000264 24.588799138737496 -8.03290950983086 4.992505199519594 24.169835960377757 -6.679694116663132 5.623473578285163 23.598497984541627 -6.309019861106849 6.251028596013416 23.958674391913554 -6.189872174381165 6.7163150071693805 24.47504517604646 -8.462752089716721 5.512572060002923 24.188216032417788 -7.317731989795661 6.007133949548077 23.759128262226398 -6.977079008574965 6.485698802301192 23.981947740004376 -6.843905771029631 6.849824747097445 24.32093204773522 
-9.58263806556345 4.3509387493739125 24.115737728000028 -8.941460653497234 4.162570042748008 25.067259218241798 -8.035319261090732 4.517020819518045 25.713145279984797 -7.2610925883994115 5.100219811521225 25.92101090216869 -6.722652513668173 5.6326616591874075 26.12263581445497 -7.3036159811064785 4.169967076832049 24.47502095637969 -5.9929692860141985 4.734609711637329 24.544914046764905 -5.200120433912327 5.171464737322276 24.58754341382942 -4.6444288052361395 5.579504632611422 24.64547416697263 -7.336992544676286 4.49459607887932 23.64020959342453 -5.89040149865405 5.245052539842982 23.484432905263095 -5.266540489919456 5.992163666982609 23.762977136903327 -5.0081205937153666 6.585058311810768 24.131871101374045 -7.5374270635047385 4.9516065329499455 23.110904664207848 -6.292405865259623 5.7559039901168525 23.077746893030017 -5.96564782372198 6.477259940877881 23.470307990453563 -5.984285147097419 7.013977689717302 23.98203535804509 -7.844980211480222 5.413735590268808 22.877205694028117 -6.803205317760195 6.070416924691713 22.811486003207225 -6.5057150630760825 6.567505399434873 23.079233108342663 -6.457020504727981 6.949509943480021 23.437782904912865 
-9.35892377310524 4.314625421682584 23.257035688066875 -8.76839021271754 4.157211493384087 24.380348708902513 -7.946181511114118 4.501835261480182 25.25561534582756 -7.03721209273281 5.032372183479288 25.395549289932738 -6.2900184738413625 5.399981767334111 25.169171442829246 -7.210976766545887 4.290986636814269 24.22951346435962 -5.90978178743997 4.87158660931469 24.467725471113095 -5.1691807494456326 5.321484734670569 24.647889264795452 -4.635564972416906 5.684624291050495 24.741549378604812 -7.1887933740302055 4.636715046986353 23.352173825056607 -5.747854319651654 5.475391327237225 23.430043553436 -5.140197510256309 6.185318121994065 23.735800006454244 -4.931777576888152 6.771782092401326 24.067730404924234 -7.352870147588945 5.0920039496964185 22.781633983363495 -6.086919219404244 5.953683440402769 22.923401133033302 -5.84340484601904 6.610842610824747 23.38707063518354 -5.931183578346884 7.072111088504622 23.870849855306794 -7.635584034606481 5.545053710008965 22.465573763739386 -6.570774339232059 6.199133451964651 22.517953325572442 -6.298941948397464 6.647509530655775 22.847058604231975 -6.296428478044706 6.986631252213619 23.250251570412455 
-8.84667744392419 4.278086226279847 22.747847397313123 -8.12934438405291 4.202541814925991 23.872752812079142 -7.326908656435056 4.6178022775283445 24.611880993453926 -6.669888634118923 5.253071141518454 24.791245873540344 -6.198108541904536 5.788904628279206 24.677950881771586 -6.612522577881187 4.572952910532772 23.83056111503202 -5.341275047333324 5.166609490205861 24.136581236723245 -4.611649885126717 5.635373589702873 24.3684254116708 -4.121134818566005 5.996051114402067 24.557814142810248 -6.487919201291623 4.842817581858242 22.971543361275046 -5.03315876977212 5.773633474893091 23.100378886996083 -4.954467848969236 6.627134536526974 23.516360999761986 -5.279339753848793 7.257764005596068 23.967828315438663 -6.62466447877134 5.231206805882399 22.370513041105482 -5.426506932475507 6.184377481517646 22.550590253660168 -5.588852186760287 6.926831129736013 23.118002862776553 -6.01928216960884 7.353376712787113 23.64933575516506 -6.930789366264315 5.609810904415056 22.020832826912137 -5.945231247508793 6.392205582461603 22.128205314564365 -5.950840616294681 6.951697721078638 22.53583948142438 -6.215029562413816 7.338904370161909 22.991530749038432 
-8.472402143465223 4.514854756731411 22.125367937988926 -7.754871172641778 4.375597029365055 23.23584794442643 -6.985496716246104 4.842503310048342 24.15377776820866 -6.394111697955538 5.557191468165685 24.584848771986568 -5.97363646245203 6.2216716070537 24.69777888502112 -6.284533595420579 4.736651028790377 23.537361599473613 -5.148687128065924 5.5053413372640865 24.40137117987345 -4.5042912819136065 6.003616820805509 24.847230844248156 -4.04395936848111 6.355836561578868 25.119470077102243 -6.162458113165055 5.080264792170547 22.740851698010676 -4.840815627674347 6.129120028209865 23.37276983912009 -4.875158602658694 6.906228097909243 23.910600691827984 -5.3438354535166654 7.3733973601107685 24.347361005560927 -6.317422725240281 5.508205195567261 22.161484952719277 -5.227532373759438 6.5871933026202845 22.823972852698123 -5.500812204219606 7.2112070595157025 23.467566630363454 -5.9962522355944605 7.403337548584762 23.86362938489913 -6.615190944379152 5.916010665069612 21.76194679155902 -5.695207305153465 6.821093944629671 22.30767493026596 -5.813649119483681 7.355603853684068 22.901410762419232 -6.155828456979297 7.579254148570345 23.337244524137468 
-8.361919062787873 4.647635844668026 22.017950609032955 -7.652350078754132 4.461722072572747 23.173603433421913 -6.8869212195316445 4.884971322326493 24.057214900135428 -6.3019837767509115 5.558213473517421 24.484752893935323 -5.936467813925583 6.215234855979427 24.707596980226768 -6.1505772303438695 4.805058011592744 23.479355470166325 -5.0204856460443805 5.533639357628042 24.40177086038198 -4.396704790670733 6.014938314976948 24.956558413228652 -3.986599248544481 6.368687891490904 25.36683863895606 -5.990138788806632 5.212001954970638 22.74260305196066 -4.731695155006421 6.245814376650718 23.520305245621984 -4.8000747203430345 6.9679548827664854 24.0721149003109 -5.284860775422941 7.369911904840777 24.48778025023222 -6.1241393719461445 5.683976197920437 22.20886458391928 -5.068474487623869 6.71710193540763 23.002232401834384 -5.36272463876053 7.2676164606935005 23.651226624231487 -5.89308701871045 7.410136896264809 24.025087804350875 -6.41222156177265 6.120581809161465 21.852420041446198 -5.48130346716207 7.009632559571832 22.457402966984514 -5.6232321236419125 7.518774955470532 23.086850397490323 -6.003872421298768 7.754026589456632 23.583565589800646 
-8.195899202723544 4.792334401457675 21.868982688047023 -7.475993209379716 4.56504076416161 23.046848792582953 -6.738013374581481 4.950225895288664 23.986569983255315 -6.157174855454937 5.622359462723775 24.4791616749183 -5.78563683466979 6.280571654037966 24.75756885299745 -6.043306607389937 4.875873578561113 23.452053972094095 -4.90082709287173 5.564365147041909 24.390418246658907 -4.27216480074106 6.024080711639447 24.977885131065605 -3.817587197101331 6.340542652114628 25.362739429041405 -5.875301507416978 5.33640563171955 22.73685360638369 -4.597378461083015 6.323741503439033 23.57762823171021 -4.58967685571351 6.961126289767179 24.137174590839678 -4.963032575057962 7.273416538154718 24.460378732248994 -5.983586492670708 5.843558156940298 22.19977942633236 -4.933713007101909 6.841129925700439 23.06440525838741 -5.2314211784810345 7.3254434620492255 23.74345482557459 -5.7578997795125195 7.4222488449384425 24.085447551812365 -6.253606828066361 6.300691374015689 21.84438490739363 -5.332805505662101 7.163433692184647 22.521138433142102 -5.499491505117926 7.636020923868758 23.17812106677432 -5.8996850401348615 7.820360961317577 23.62275360605306 
-7.407730802630038 5.077719380666652 21.286220425384407 -6.711154077545223 4.871914151898671 22.417435358443058 -6.080442120180779 5.293023174860096 23.54309646801302 -5.6386399566864505 5.990965846752096 24.33272995472933 -5.384383360736775 6.720816854611327 24.923427838198897 -5.433652953060387 5.167789948854331 23.365259860162492 -4.465606556442827 5.764939869046359 24.58650533838499 -3.8749412081344614 6.159834318612776 25.257592652536786 -3.435922469686887 6.387750905422823 25.688749262013214 -5.170807936201739 5.526196430985887 22.726350886587753 -4.004212598273034 6.502947736737333 23.75375486198221 -4.095812821975261 7.2488225477563955 24.188647146151727 -4.505590227289835 7.562360562145328 24.28912735178691 -5.198791163459985 5.963422785374874 22.0805480666736 -4.251523209197365 7.053778463793326 23.112117803257746 -4.568346336799025 7.5688754822281314 23.413294496588822 -5.012968110722677 7.573019479280662 23.33558454434218 -5.381579720142005 6.435732802100413 21.4906155327752 -4.643476891554189 7.401875013392051 22.3792381136687 -4.832553806167178 7.935951259873065 22.863552423763593 -5.217808971652799 8.110021728021342 23.097419928401784 
-7.204816600214219 5.073761955376214 20.990384432988048 -6.5688332668391 4.93305532997925 22.230400192476885 -5.8920896355284755 5.325542578096991 23.22088831203743 -5.428961395431737 5.978213577206345 23.9023004567973 -5.12055299815353 6.649330680480303 24.289050148883682 -5.391090400055771 5.243467889668129 23.27900889785332 -4.415354991787932 5.846850909138403 24.496137777858326 -3.8438094238931875 6.257622547326663 25.230710034893225 -3.419006899751351 6.510078207780633 25.73348367744018 -5.174215345376768 5.622941393292404 22.710469883942352 -3.9651090324518323 6.623777341445775 23.806975203196966 -4.05066223840382 7.264459095998248 24.042788098042713 -4.375925635024914 7.4642766338339 23.917491708123695 -5.156380769214919 6.075834380782267 22.03655702608018 -4.194681928042701 7.108029473312157 23.02722469751948 -4.461993653948008 7.551514494518529 23.134510409430277 -4.829344316968266 7.509503973560562 22.908722920367836 -5.286717879933058 6.528972694823013 21.40262640257507 -4.540275860740071 7.485132490193935 22.313922367265068 -4.714446393591081 7.988883699769362 22.739123245255403 -5.032926738669727 8.137416249924506 22.92996342696062 
-6.998094194178918 5.101772073063073 20.68561777782959 -6.399171023693509 5.028694442318814 21.930710462503573 -5.80883595183423 5.508141427520336 22.977938109711975 -5.445576914406292 6.211181905456823 23.64053667767856 -5.185319862500693 6.9020571669590804 23.965881380427078 -5.221258520304559 5.4117721744594105 23.157777862686373 -4.412683882028424 6.090461649753353 24.396983249778277 -3.9856678596979664 6.55189035047562 25.21721147533706 -3.6559829763931315 6.820101519725133 25.779463756561213 -4.946612861357655 5.753989746330792 22.615523036992617 -3.9672526922888904 6.8417138100209165 23.77248315472763 -4.071582537550766 7.443968846954328 23.86176938832723 -4.356889448771786 7.599792296964973 23.645968954890176 -4.8835530865861925 6.165850105091306 21.954499936731835 -4.043543194995399 7.262428144142864 22.929753000867716 -4.29516117623993 7.673589751113595 22.923044722371813 -4.641679992569697 7.632633604331714 22.6442836303496 -4.9613318597404295 6.569897920083612 21.289388897474435 -4.331537285439579 7.559913552593988 22.22779726498819 -4.546293172120641 8.03353274829172 22.563410688628075 -4.915036357594621 8.1978550142658 22.66377858013499 
-6.766220358309111 5.256550962082977 20.472283211128776 -6.421869128385449 5.301609277465459 21.789462479827176 -5.929675696237154 5.755983468026786 22.834899510209706 -5.5008025348398855 6.368010679043922 23.397384698601964 -5.1743348493519825 6.998528694019733 23.62807472584399 -5.176716386829142 5.600786525239616 23.048993954721276 -4.470046899324497 6.225359710748929 24.35401108294161 -4.070360302597844 6.633249295617652 25.204179974557025 -3.729057965809554 6.9020748128865534 25.785320475981326 -4.822709744161344 5.9004681554701826 22.520081045386995 -4.015660786223033 7.0077454434418245 23.71653258012213 -4.188380313130375 7.6246438658610645 23.829079911329792 -4.4814244178877205 7.769722013346986 23.566177036241672 -4.652255386550751 6.297739176108389 21.85600443283825 -3.985726840752015 7.423413930581546 22.86331429843958 -4.299487120663093 7.841241968870183 22.87719029741974 -4.6806032108689966 7.806481352753262 22.602128359281746 -4.627247697945606 6.707007465307191 21.184303061435475 -4.049643132468022 7.649719681186499 22.136089515518 -4.2957791175457585 8.091798254576547 22.434781265579392 -4.712052479733239 8.25844843504204 22.509438975807765 
-6.482806037247181 5.508859135927273 20.316858105036488 -6.124584043843115 5.45094406030955 21.626375519893916 -5.655013527866025 5.824362814171485 22.64496578288344 -5.267151293589296 6.343922830809473 23.232052804165477 -4.978062811778718 6.9572269006718575 23.574644960277254 -5.102493428934586 5.7567148838453095 22.999079534543593 -4.464631738481912 6.306630797214162 24.40838461744179 -4.049477517814289 6.641966589512401 25.253193306287308 -3.702871212458614 6.846591361319806 25.859582730483147 -4.750265653235855 6.0364166690116905 22.528985920613408 -3.9262637906249624 7.12111905739283 23.77306993637613 -4.075705287074552 7.683136515222941 23.735048655015966 -4.385664610801502 7.767272418168384 23.36469093956253 -4.583229213366261 6.439243126689479 21.90582683526029 -3.9812966108377994 7.615731977595387 22.97027931179703 -4.32161569762437 7.989205657782746 22.86760381541712 -4.716327212969815 7.926588225440992 22.55722125834759 -4.542542800050862 6.8543802661776345 21.24169967093457 -4.01338794868652 7.850464001318858 22.248816922481684 -4.29971203387081 8.223956949476674 22.426734981788773 -4.715449577318926 8.299053453009797 22.405627249548836 
-6.47783379297574 5.570516053176538 20.352824421682296 -6.171101906438268 5.5465105615498915 21.650643639702015 -5.711471573608717 5.9624553983045905 22.699552277134526 -5.355159171587437 6.571728022247301 23.342147782402538 -5.078809977329689 7.232124020670234 23.660891207042848 -5.121872303242142 5.7723438444898925 22.99805104334996 -4.468626094723086 6.288151754787883 24.419176456403537 -4.054772596076036 6.619180818941893 25.301418369953588 -3.708859460579838 6.817096793334986 25.92420005717336 -4.750288005596726 6.065638903927156 22.539809862182445 -3.931380535607058 7.1505815506002985 23.835980410898994 -4.0523701853621805 7.719557895878856 23.780577936136257 -4.348948835702515 7.8275206844572836 23.438999425266495 -4.5589201949157285 6.486658620281124 21.93983082951459 -3.9507821803465757 7.6408615458624185 23.060667848988878 -4.267045372301075 8.013160804161812 22.937023884415538 -4.661676583676821 7.952034999733192 22.65397805770905 -4.501584847143132 6.928680734438511 21.312727581956086 -3.987815555042084 7.882573594151449 22.358015210179147 -4.263696054400052 8.246086956225902 22.49408276726043 -4.67537539028241 8.315166811511574 22.438676346758946 
-6.491194610515266 5.605593697309151 20.41596316003478 -6.199668310907227 5.595522607835067 21.71340949350062 -5.737266899532032 5.977397612342502 22.754413471978914 -5.344160102322159 6.534302892528392 23.39056501755363 -5.062080459888355 7.156076699073331 23.724772901143897 -5.104266265822348 5.771211953309643 23.04662680340648 -4.447410514839814 6.256934102612468 24.477163007794225 -4.0154475341337905 6.574483665208298 25.35343236604325 -3.6575517813143805 6.767682036205359 25.98627938667824 -4.725029755683909 6.077424373582242 22.604175042427656 -3.9217898613217623 7.169900383126936 23.936473704036008 -4.018271876153999 7.700471340427283 23.80419671554804 -4.302548015594914 7.789317529061649 23.43823684181574 -4.534281351423421 6.51394315361686 22.008428371479148 -3.942681853089665 7.674392902462031 23.144486275375293 -4.260604487199058 8.02548288703265 22.974805068027315 -4.650255644898085 7.965526121976963 22.68282928298794 -4.456739148339745 6.944217530971569 21.34982201249075 -3.945363709658913 7.906363328781974 22.409380257786783 -4.224141383082916 8.24325382439091 22.515108606947553 -4.660251988374228 8.295726966574252 22.441260317469307 
-6.335508938684407 5.5985414606400115 20.456239397625062 -6.030197640313941 5.602717446579239 21.73244711873892 -5.544710971517945 5.976590770739007 22.76171314649519 -5.118950060447574 6.5068612940719905 23.33649859971136 -4.807754023850076 7.088959866215558 23.6034038771553 -4.9143048819494215 5.756755057956201 23.060837257633633 -4.295521268002214 6.267425561198502 24.50432407118276 -3.910113167364046 6.599144800933417 25.396615957804272 -3.5550268132771383 6.788155320238128 26.03725078971679 -4.559590935104516 6.055845205130876 22.626612103140584 -3.830300793992261 7.173187532471504 23.986203851781326 -3.980301014291545 7.676383090956756 23.791359501466694 -4.273424323030736 7.720792174189773 23.397312600839722 -4.372636313789307 6.4864537985311665 22.033502272333763 -3.805775759698288 7.629884649741653 23.16810036015689 -4.154967422090202 7.965870479318822 22.970548554700205 -4.562590870702374 7.898257712120115 22.693487402276865 -4.281636021023947 6.9209837518139965 21.39137831287621 -3.8103400608208915 7.879515444799303 22.467238596174965 -4.0979223768616375 8.19987060525253 22.551803855822328 -4.561248391433421 8.257194071651865 22.501559910255427 
-6.299000333234379 5.729316523376787 20.541860733924842 -6.000877272628167 5.6758414089968054 21.842953853729465 -5.487754911284045 5.964539402904256 22.8544304438826 -5.017017632533468 6.452685491145192 23.45198775868784 -4.690971149956771 7.017549526207927 23.72916899706525 -4.927741487455922 5.841575337813689 23.181765568826613 -4.30115384471131 6.359467154541342 24.658438375918667 -3.89087072586595 6.688654776351429 25.5386847616577 -3.529040788786495 6.87699655609993 26.16454837619868 -4.5498971826803825 6.162203577918937 22.761622784891866 -3.824442317025402 7.253155070396602 24.162520514110774 -3.9677299014193292 7.694307968014036 23.89832964591162 -4.278811699670686 7.687019754487925 23.506024752952904 -4.337648062276222 6.611909873715116 22.18868675593094 -3.748871071440488 7.697201876081139 23.328965624338714 -4.10174397695656 7.975074532406067 23.095868111926848 -4.519596363133579 7.887029757594051 22.823900581290435 -4.221316785490028 7.039233106197706 21.523562431432428 -3.7205813501963894 7.9530154111812665 22.600026545164948 -4.024569715514314 8.191435283825578 22.622642793645614 -4.475209872820812 8.173154964000698 22.51321117127252 
-6.278988341345403 5.743666965087543 20.542035056064393 -5.962817119682936 5.6541852541237 21.8340096615604 -5.447683904033628 5.951905978482623 22.869342635595 -4.958279409085266 6.464300854480708 23.458159054779106 -4.630645738600479 7.0565032917057176 23.725753760739213 -4.947312092417381 5.8298248823919 23.208986230956526 -4.28382815009827 6.342747320170471 24.673872743044868 -3.8526449653534036 6.689544830104809 25.54402741065279 -3.491882069481689 6.901365393850456 26.17651878741221 -4.5522664845611 6.156610467270784 22.77627078536114 -3.788686154242668 7.252428777199378 24.14881997274452 -3.945117932838545 7.6806843422361935 23.904874983490473 -4.224704817214265 7.660367193356623 23.49529935891737 -4.3395180773198225 6.618520314719084 22.18874463108101 -3.768175970942399 7.735834259735868 23.374607249133806 -4.095432896992622 8.018079137590231 23.1598441741933 -4.475010144718658 7.900972587119579 22.856128730580934 -4.2380563699979525 7.047501294907209 21.52122595713363 -3.7380986038486608 7.9659046579917465 22.61823263459668 -4.007273065248163 8.211560511647045 22.655999851789083 -4.4308494983042825 8.198761469271846 22.530759483216865 
-6.243903944013272 5.746113420168794 20.520956305053648 -5.952840261285684 5.657558455347363 21.831102405914915 -5.444619642387473 5.9575098221811205 22.854243432207372 -4.94906050888587 6.461584305771793 23.427111087056502 -4.615550028577404 7.04731653607784 23.69966223228596 -4.912546521053765 5.82665847834951 23.197819092538772 -4.270930914290966 6.338915336991436 24.669068185090353 -3.8393790945928563 6.685385022745475 25.538578958475522 -3.4894648927777836 6.893329387480445 26.175702916967513 -4.532774114202718 6.151001234177935 22.783904532905655 -3.8072486599770605 7.265541509241454 24.169303445899256 -3.9550322560805413 7.693201633146542 23.914947482316744 -4.222438689743085 7.668760478011471 23.500969206941264 -4.320915648730179 6.5985380225531856 22.19126910838682 -3.768175970942399 7.735834259735868 23.374607249133806 -4.079576343792697 7.996445807413459 23.13511291521743 -4.445168253330901 7.868803870386887 22.828006687963164 -4.214439848869094 7.037468480469508 21.534546694135955 -3.7471018043922686 7.966460658361347 22.64176372402617 -4.020070517445737 8.196759499656112 22.648375450973706 -4.425163843756207 8.163146552577675 22.52519691117096 
-6.259272975141886 5.780094502042083 20.553389857745923 -5.921610942621485 5.6757383229666685 21.827597960451843 -5.396198380641804 5.969108662772559 22.852393318243696 -4.933590263617753 6.4676074922833555 23.456953272155825 -4.581114801592104 7.04104878409285 23.709041221067015 -4.941587673357331 5.849259683247821 23.226385034548997 -4.303202709511829 6.384487465408118 24.686420000501233 -3.890672362547983 6.7528411780901365 25.564866876948834 -3.5740498502676656 6.9716389629841276 26.211176354271444 -4.565072300901582 6.160134818468731 22.82081702633406 -3.80073834742106 7.241917494328596 24.189586255890564 -3.910200048952563 7.6629060197350185 23.907030174430357 -4.198975425241189 7.659278188018368 23.513965034155706 -4.333417477434344 6.602761828829304 22.23444491623652 -3.764510250342939 7.720326128041178 23.39497885977902 -4.052644875297442 7.985028603690289 23.13306808602669 -4.440679901968418 7.884270701558303 22.84543992546966 -4.224128307665121 7.024718959015117 21.57708657395982 -3.750367778769256 7.945423922507266 22.670988404543866 -3.9922735982459376 8.22330994079717 22.68384129597682 -4.383520869203898 8.221003873226342 22.554040046551187 
-6.271503860643864 5.780177107626063 20.574957505362686 -5.905444285462943 5.659118819267599 21.85107363163931 -5.376580273214546 5.974312038124562 22.886409912044844 -4.919537098008661 6.5026785937607245 23.470181266009128 -4.570643934515382 7.090707360108155 23.722925982598802 -4.950462243020932 5.836412449549412 23.251308557457566 -4.303113626769689 6.417744093511447 24.720164935738907 -3.8874852806436007 6.7951997536662105 25.60568121941332 -3.5564875990037366 7.026529762207868 26.25376593113097 -4.567446832613064 6.154522641336003 22.835503730709856 -3.816954379945515 7.263274961871718 24.215804278070955 -3.949236929962773 7.682623852650795 23.92041714827888 -4.259694903168455 7.676220813467647 23.513577521875263 -4.331681773330311 6.581569168032029 22.22907954601996 -3.7722089594245736 7.739623480128235 23.43096914063331 -4.096208894221376 8.03236604333035 23.18645010471522 -4.491967413319088 7.932805929444451 22.88658543110296 -4.21814698934055 7.016650711249935 21.563187915281354 -3.752064777304294 7.9674107187891 22.67655521399355 -4.031038956872145 8.249117938189658 22.694796944076433 -4.458914211122234 8.265138100425444 22.575198473811085 
-6.274094430090037 5.778077186596641 20.56982389600852 -5.940549770219785 5.682505878349925 21.86523803701119 -5.399380650069977 6.003955219714823 22.904644896548902 -4.935357279817887 6.518547567535309 23.516196781792868 -4.590879926095365 7.099431915390436 23.821476581525538 -4.942828463951224 5.848990966324832 23.26846606054681 -4.283886890663559 6.420798103303098 24.704934001170557 -3.86554005673197 6.790052381926883 25.588811785435336 -3.5317473946752416 7.0127725998348245 26.23520812509975 -4.563611250589796 6.165882140803694 22.847133938266293 -3.8147671761493447 7.255906888328636 24.215431288663186 -3.93025092256613 7.673915524825217 23.96346376309423 -4.221898047381665 7.662064043447258 23.564065624011832 -4.328117350869311 6.5928034585825275 22.240317671799136 -3.758114667086458 7.72843511164186 23.426689299246153 -4.072533580661401 8.012310495783558 23.19350729467188 -4.443263801909218 7.898521557379794 22.88665216742834 -4.224128307665121 7.024718959015117 21.57708657395982 -3.742034239470604 7.962102353477463 22.70749209110037 -4.010063715636739 8.228771928795053 22.737303999327104 -4.409461405779746 8.228438529958884 22.5963981813847 
-6.232642878490978 5.800870932184709 20.570256281557903 -5.919254905677992 5.697322927737303 21.86461667961211 -5.393718434838573 5.9936472738796365 22.910904848561945 -4.945689316642527 6.499905252123737 23.514102432120076 -4.611325404913223 7.0900443505432476 23.808274622375905 -4.902231470933825 5.865283213831276 23.274615697033433 -4.255803865059937 6.448459259415566 24.714304361865164 -3.8575059870953328 6.8316911588494325 25.576023653199872 -3.535013915962191 7.068244753100762 26.234372756166728 -4.522114364657579 6.175002336868148 22.853169947235475 -3.7894472471809353 7.278943673378839 24.218382633074935 -3.9099491017979804 7.680184397533279 23.955241785684652 -4.183253297577502 7.655109063170568 23.53651233461812 -4.293532951299061 6.597106624591694 22.23567944968805 -3.743728870595985 7.732630800256388 23.428178462025237 -4.04643067137908 8.012570192527091 23.19128879799073 -4.407722027526417 7.902056787090472 22.881210682800923 -4.201794688888733 7.032284738210345 21.576244563726096 -3.7265047535576388 7.956048184516814 22.68921880927683 -3.971108848685398 8.21442136630257 22.711561141526605 -4.363116408543333 8.212593720780136 22.582238440965813 
-6.193812802408912 5.813374247840892 20.559233796579324 -5.844867306241499 5.692740951774285 21.837344071099043 -5.326888888399883 5.998963897941804 22.888675768625507 -4.898355232990208 6.522930185830747 23.510002505124987 -4.56801462796251 7.114308816599241 23.81923891092923 -4.896618205507834 5.859501149467082 23.27946756906896 -4.251480872691197 6.449188999197213 24.719495279189733 -3.8566889174223955 6.8497390369277795 25.60439568972918 -3.5696225754629602 7.096737356528013 26.287130107065128 -4.520598297672161 6.17052826508251 22.872976468320637 -3.7780948504862293 7.271728217885541 24.25000180776199 -3.883173435297707 7.664582358761185 23.94616350573784 -4.163358866507605 7.645791054480655 23.522847649697162 -4.284379663631629 6.605724925542348 22.271542002996696 -3.7213432814891627 7.73470807372478 23.44068490863362 -4.024762912858882 8.011457065221986 23.18358493532912 -4.390363700377859 7.899556376933218 22.868399722460964 -4.1686175013383036 7.039585412235179 21.591561110621406 -3.6961948550560915 7.9727938985505045 22.698272189611927 -3.9455206637326286 8.226254665953846 22.69512461760402 -4.3395199763215 8.196753529492497 22.534439126520034 
-6.150692140269152 5.816229523576562 20.55492108235252 -5.820344856504506 5.694795420438639 21.83662097805923 -5.299214117712534 5.993708253176932 22.886713268444815 -4.871698054215262 6.508677040592446 23.501721213011447 -4.551144569933458 7.108725150645083 23.79931660337967 -4.894820474130951 5.867516434130688 23.284878228986244 -4.2536465805289465 6.456645120642311 24.720010363202334 -3.8613942662370273 6.849248884165465 25.59918063770784 -3.568244964871885 7.1032488895521215 26.27096511978451 -4.506738400846084 6.1750656772080745 22.87464286841177 -3.784682347156287 7.293880752366356 24.251140500315948 -3.9222614207351305 7.684342689951281 23.959639357158718 -4.211824390530889 7.665149067042185 23.560146236758328 -4.268958299677793 6.603580708147956 22.273362680356914 -3.7115114020512765 7.737774384137682 23.436798189671443 -4.02060152828135 7.997391310196201 23.183326174262444 -4.394120749737878 7.875907154407093 22.87177981297902 -4.144842439327843 7.029442477490539 21.60478747464733 -3.6926130293412958 7.972990535541646 22.723840662293906 -3.9664916154565026 8.219680045493421 22.73732683154738 -4.358115134893723 8.188712383822399 22.576422002231666 
-6.078389501520698 5.769939415432858 20.54183346332925 -5.807391688444284 5.699835290274733 21.838855934305986 -5.311483222162063 6.011897914037868 22.895918170483338 -4.859408922146946 6.509737934627411 23.49682756493349 -4.538782142970084 7.081285615008176 23.803669574146248 -4.818834797746469 5.893339665646309 23.264942418519325 -4.22340731120187 6.476872779284333 24.72884472888006 -3.856644236900263 6.878240709624523 25.618236341061177 -3.5942448255866832 7.143555258466891 26.319506174316277 -4.449067979202324 6.204579710355881 22.874082885908408 -3.7409575238925803 7.286594015827426 24.248808904271467 -3.8501091238681338 7.669678620275547 23.954485431158307 -4.112464993709768 7.628869627328481 23.54778110678894 -4.223051766856935 6.62896811731394 22.27669171928534 -3.6891030651247867 7.739838628771066 23.44927669007139 -3.9687151448019873 7.982461370105279 23.17313980840199 -4.317328443790848 7.846989577585653 22.8550225794691 -4.093060584236775 7.039597105156103 21.594858524475 -3.669176903766492 7.980150380882804 22.722022525917147 -3.9136420356055273 8.209665189759653 22.713469755508214 -4.288713668064605 8.16498135307458 22.55522984280612 
-6.0666985808103 5.7838298998355855 20.525241000498177 -5.7415946724143465 5.667415615769904 21.82904166230125 -5.225090332663939 5.9571422706671235 22.85821401796032 -4.793762274689966 6.447241751864443 23.464663251091277 -4.491328575732252 7.041871020620529 23.775079639566737 -4.832473360512541 5.860791884498484 23.291385413641176 -4.197616832163176 6.4691152395904625 24.71915717503141 -3.8526674719884717 6.905287041686998 25.615476334450886 -3.631224152241654 7.184957220704635 26.334896581978615 -4.435566675592269 6.171627983620908 22.878185886526722 -3.7578212110091163 7.305467879745785 24.254168451332326 -3.9138333544063744 7.7260979528290665 23.967808842786937 -4.221591916507708 7.689890585386931 23.554935946915773 -4.194515594780336 6.604802655562659 22.289290538912983 -3.67897548771861 7.758293460955982 23.45115319645981 -4.00427008214224 8.00660507768424 23.17005351652371 -4.383322276947078 7.883750738825451 22.86781667150693 -4.054201238382535 7.027442200065924 21.610200258742342 -3.6657360242983303 7.992066331398515 22.733105805288485 -3.95448406266737 8.242436545862729 22.72455121935742 -4.358115134893723 8.188712383822399 22.576422002231666 
-6.022499796261582 5.813734040930877 20.554818075006807 -5.770496430670177 5.717631081738462 21.865401938478325 -5.295506754984775 6.020586292254536 22.92347469743613 -4.84964089673317 6.485917290747074 23.564580792880705 -4.500837167059422 7.0298514415988445 23.878171820315757 -4.802894525124244 5.890540786109853 23.327111468307354 -4.195188761222586 6.479300239898756 24.746122707729736 -3.8448489303722817 6.899936695420687 25.641836232849652 -3.6251292146611522 7.187213741592534 26.362436283750203 -4.404188724907694 6.194318556923182 22.91301339564301 -3.745979266631217 7.329522596464331 24.297899348795234 -3.8887260494822566 7.7207776827821215 23.979981025174336 -4.177169528132122 7.678880465636762 23.574719308349845 -4.146406511484245 6.616139409229359 22.305903727921372 -3.666050513612939 7.772676020874383 23.473282075897494 -3.9726061362920446 8.01193805054215 23.17912688230746 -4.342459191937758 7.8923342158451755 22.87377529505015 -4.0098033483581315 7.0311555349057775 21.622357976274156 -3.656901045370477 8.00641899921295 22.729389051781624 -3.9411079534466036 8.227752777741664 22.700607729371107 -4.338937650528485 8.175183159064394 22.543445856301116 
-5.994196190229799 5.782018770184509 20.507588638981574 -5.743481598251812 5.6881591485463545 21.834324997883595 -5.271893933238059 5.993341101980248 22.88358922471316 -4.796413137070033 6.450909702077579 23.47818046945084 -4.433025543584298 6.967963099089192 23.75869932344557 -4.743584096129279 5.8805192424287736 23.307941157657197 -4.147667236463592 6.4806854174461845 24.748980551360315 -3.820527903761381 6.915418683641153 25.638076539372552 -3.62890052993709 7.205390825106255 26.386439836355546 -4.364502131492941 6.210192219849115 22.91904673562836 -3.719325732527877 7.32696754946629 24.273394898886963 -3.8672662244758067 7.685447321227118 23.938541181546036 -4.153388270848756 7.636580824658717 23.53389861990194 -4.131152747273084 6.641194823721246 22.338546788053474 -3.6519425367549405 7.761436917103924 23.468956966545317 -3.9355799687032014 7.973856769922947 23.14105265516282 -4.305435199795651 7.839489799781985 22.8308890614251 -4.026476540494007 7.060164027921033 21.663422151064257 -3.650253108533402 8.018290213406763 22.780443929044615 -3.906175983493378 8.219403770837705 22.709905222204064 -4.279236513522746 8.14869526368122 22.525868683734767 
-5.967659487987453 5.789221392714666 20.493997907985946 -5.712310571941952 5.6827765663928576 21.818891085596103 -5.233806807861276 5.976631148854476 22.87261418788326 -4.801513009046618 6.465292629945436 23.521127064429027 -4.456937903764572 7.024809081752367 23.855354719625616 -4.759837617869174 5.872423009845684 23.29988124938857 -4.1674849200340445 6.477696328332888 24.720852082238967 -3.818996040097355 6.905613214243201 25.615572267710398 -3.626156557089102 7.201804607273746 26.347008437660012 -4.37831502827806 6.210133984377388 22.91647000887647 -3.725667803390131 7.321952469956154 24.26196863532357 -3.850404057827189 7.6823391232792515 23.939546255403464 -4.147589646863355 7.64162231249963 23.545363053650537 -4.134602216935565 6.644483499551641 22.332670937945956 -3.649484095650266 7.769680070893096 23.474522463971525 -3.9355799687032014 7.973856769922947 23.14105265516282 -4.3118010155941935 7.84846627198802 22.84594429164339 -3.994181786155825 7.0609794704231845 21.653765295883304 -3.650253108533402 8.018290213406763 22.780443929044615 -3.9106047594416435 8.217923198441772 22.70442974984655 -4.299193498511303 8.149340245510487 22.51835354419096 
-6.004361444753802 5.807107155133524 20.494186088369382 -5.760176276424724 5.701147481404565 21.830785205067947 -5.285813808854874 6.003415248697868 22.887371866526234 -4.827600174504788 6.481717956466027 23.507781861411353 -4.457766116118958 7.032937798627197 23.791479898368497 -4.8146815981860875 5.921659254038376 23.32196214626887 -4.210597912790904 6.492660959563947 24.729343162955903 -3.8126981792688412 6.883905375480137 25.591049376269492 -3.5222067405877575 7.139446729415989 26.278666681753194 -4.425676703230508 6.236365426316725 22.916762024934393 -3.7459767185261823 7.331018315090764 24.27646711510641 -3.872811360349314 7.683356111943573 23.94804169523018 -4.1676789293977725 7.635425088876016 23.553181725994442 -4.162706665319411 6.673319672989881 22.31940142653141 -3.6430998749344576 7.775956122789176 23.464989633533285 -3.9450408104512933 7.986270252378852 23.150529208413737 -4.319533304532883 7.838600891421864 22.849470781175068 -4.023029665447011 7.0810008673840406 21.634896300622856 -3.63043249531483 8.025213348532407 22.75300913498024 -3.9139119064787793 8.205937853712193 22.69324979555126 -4.298403237848272 8.123864516178468 22.507042865579262 
-5.997314102186555 5.844395259764688 20.475829034405628 -5.751759119168897 5.705432777648022 21.80151436304182 -5.279386249705955 6.0103914138499706 22.877575229329285 -4.802935628122136 6.489661690900706 23.505576822965754 -4.41037160488886 7.045400982174497 23.822757226881688 -4.791614880548846 5.894329044862606 23.281542548516153 -4.189492960064478 6.486164223802771 24.692349773498933 -3.7870030506599393 6.873492513114882 25.558335649160032 -3.5098791323562972 7.133087059201991 26.250508471852726 -4.399304960591283 6.22249541553471 22.86832013006513 -3.7573948773363415 7.3382136844185135 24.244845540703164 -3.900059667228691 7.695960187775756 23.936165133953534 -4.198246366879627 7.6648996842350865 23.56205852259499 -4.150510024324306 6.669031228146685 22.27625792356932 -3.6557332809734655 7.776978848542629 23.4486444398332 -3.9474299101569588 7.989836730547552 23.130168772835365 -4.318822552632207 7.861955909864605 22.81982357255865 -4.012830020746164 7.085625504279309 21.612224089764076 -3.624420215265541 8.016194091085149 22.73832605367705 -3.896960798406171 8.218527970775467 22.68609970092511 -4.28502487158138 8.165155976745144 22.50561098447882 
-6.026035201355732 5.863209020163491 20.46725136862677 -5.781837463683024 5.742171420038147 21.806182775767947 -5.304424574201992 6.05101705176957 22.87568185814693 -4.837471447648028 6.536711827205391 23.514082144381376 -4.445226341315038 7.078242580904601 23.826202828449134 -4.8199248366583065 5.914922503482433 23.289836260638058 -4.20237119587337 6.490051086246536 24.697178164427193 -3.7760459200497567 6.864700021672027 25.546331574552273 -3.491466477308483 7.1124486474687 26.242879306510062 -4.422754148210703 6.241790291244396 22.8611842407208 -3.775721164117444 7.324273144404692 24.25289391702193 -3.887317811111117 7.664882486013886 23.919497162805158 -4.1736669723509054 7.614898758081161 23.535848453053493 -4.171281917082433 6.68118845503032 22.26865358831861 -3.6655483902558483 7.7739231361899135 23.45254352450223 -3.9547928461303803 7.983305938532447 23.154302545047777 -4.3012210200695 7.840985386699774 22.836355765275684 -4.034583158733883 7.103794813829525 21.604213627149797 -3.624420215265541 8.016194091085149 22.73832605367705 -3.875155274180859 8.191636426637706 22.66764006426211 -4.249950069612912 8.112729023473538 22.478335672039726 
-6.033315609251836 5.89277330721274 20.46650773743631 -5.755113954227898 5.727071074102169 21.780445884688625 -5.283770411494361 6.018171403411252 22.850922102752445 -4.812091009511466 6.485887367123019 23.466903690222832 -4.413794807012349 7.017080124997956 23.762463675534068 -4.760867596087658 5.87962141121551 23.25829277615363 -4.1189983475723935 6.44244817045476 24.64555503758794 -3.6908087110179317 6.798150834169977 25.4835033211367 -3.407194973535298 7.005713209875095 26.15569333647061 -4.385117819609282 6.239416139176573 22.85553203299736 -3.7620049202927066 7.337359845975674 24.23955391977666 -3.9393460198682426 7.700062358441394 23.9436210324223 -4.2529815960016775 7.648175439581636 23.576188384584313 -4.150067771499583 6.695483039247215 22.267338747636376 -3.679647730409002 7.785158596285112 23.456852546683464 -3.9903330423025425 7.995505607919004 23.16601817609455 -4.344213107552789 7.842888659979153 22.850943998849885 -4.02916641399991 7.122855443562775 21.620157131227653 -3.628358748692124 8.01829861288024 22.752938986140684 -3.902418331498808 8.190388304514865 22.70425853449082 -4.257894766749191 8.091758942445294 22.496531382879656 
-5.995302980169427 5.919367158628687 20.435066979184676 -5.717485040174984 5.746626631336166 21.741186593084933 -5.224378473474264 6.010704602304526 22.811706087586803 -4.74410277495672 6.474582386745495 23.437067892083522 -4.353827878272671 7.020094238587658 23.747516984433272 -4.743700806447819 5.873105239825631 23.2189103291109 -4.087096769734689 6.422056601839806 24.62036695558679 -3.6623817966666796 6.7623837987417845 25.4662028835325 -3.348908544329937 6.952257560084966 26.12417251469077 -4.364714004059984 6.23125341288881 22.80239285072189 -3.7500296821171633 7.346283326103598 24.22009462831821 -3.941293279436335 7.723014625547398 23.949898201461167 -4.231844183298787 7.6712792492833755 23.552972645646502 -4.143782011505247 6.696521012737801 22.219225515254184 -3.682117622740554 7.804604591522941 23.44235510886795 -3.9687189072574385 8.006319038146186 23.14353197176251 -4.306242512267825 7.84760888409347 22.81018208000317 -4.018632163968357 7.13866960361094 21.583488248397266 -3.618229969910022 8.034015096074215 22.71471477704652 -3.884299204736603 8.204005303067563 22.676774611878507 -4.2457310603432905 8.11435811138172 22.4838333673773 
-6.007418502593146 5.919926116449766 20.431016090232525 -5.761879682374484 5.752306823673716 21.752849561815136 -5.2985718763193335 6.012633577417887 22.820978101300703 -4.795986019474293 6.391431403687869 23.425223749729415 -4.323621811237403 6.79121781496565 23.710002710288176 -4.741330484663136 5.8938170560911844 23.209629226417814 -4.125885058365052 6.416091973857004 24.60745749025441 -3.6982656621551473 6.7415416936298564 25.453062685343518 -3.3820704645967092 6.94624406863671 26.10169411234546 -4.366636835698191 6.23804999034203 22.80257801695238 -3.77336943937487 7.344499288965107 24.207936132499906 -3.949696330955994 7.709546337360661 23.932721959953764 -4.231844183298787 7.6712792492833755 23.552972645646502 -4.143782011505247 6.696521012737801 22.219225515254184 -3.6799787534178696 7.797462878333012 23.442153532663102 -3.9645543522463917 7.992271966757956 23.143280684213423 -4.308599998218502 7.8428162346432675 22.825067599320754 -4.029934040237375 7.127743604492252 21.58139362093796 -3.62009487969583 8.02922184441558 22.729245392029338 -3.8768931677095204 8.202218476278526 22.687850013556847 -4.238575765875976 8.112672895028886 22.4950723477671 
-5.991197272731779 5.974076142620253 20.415090088215198 -5.732305347577472 5.77119574936994 21.72307389009248 -5.257596952637731 6.0262488704929185 22.80740194695528 -4.766165009998112 6.487487961782394 23.429859070599672 -4.359617090247156 7.0279656139133335 23.720979537681732 -4.77987691167562 5.87075309621392 23.20329675092562 -4.130074341305524 6.374693349920159 24.604056720753974 -3.7107402295723135 6.715588249373382 25.467050753451744 -3.400585495644235 6.929260168633783 26.13355767072364 -4.404043694314035 6.2448880939309 22.80722536527015 -3.7580682951333393 7.335622512577571 24.223915226974896 -3.9345744420273916 7.716803042333603 23.9550362680495 -4.227494374077499 7.672553819974658 23.558449765640752 -4.158293652529525 6.735173207756041 22.246767158929828 -3.672930572554608 7.806839139522157 23.453098334335024 -3.9782020959785678 8.006843087675914 23.16783554052908 -4.320499450084328 7.850325944746344 22.849202662467786 -4.037988215681172 7.185569058105111 21.623921886467297 -3.601566639764725 8.034753333791546 22.73641321318658 -3.8707205994833638 8.193107358475158 22.673106014766702 -4.24400776251176 8.09240035693548 22.478317914257698 
-5.981908922603728 5.974832799716046 20.405313100339008 -5.690009987415884 5.7771341992591925 21.710139796350198 -5.176282013849947 6.033665088230271 22.76699167168513 -4.732134419036053 6.546119748665728 23.400154294834532 -4.389845527014174 7.136829980062265 23.70338059494137 -4.75127810688906 5.892689182387745 23.191753533418865 -4.123431930672432 6.395064682024916 24.621898611764696 -3.7060110789945835 6.72834839690313 25.47939662588565 -3.382328731707727 6.921701557363221 26.133351872975727 -4.3878051301182746 6.284427321750342 22.805271142105042 -3.7663636586375118 7.353608196532718 24.218893923058165 -3.928297879069305 7.707555643721037 23.93918768444117 -4.225596095318717 7.649900594968738 23.552365665525954 -4.140274251698695 6.7673347796537335 22.24491615803395 -3.663115621326864 7.809884687967788 23.449195621489082 -3.9503546072837894 7.996573218376901 23.144971059655145 -4.2809190853514165 7.836483073504464 22.823186188703495 -4.029321546840358 7.214223242688673 21.62543085657025 -3.599093909804396 8.042980743005216 22.74187448624567 -3.8662821910613947 8.1945781111157 22.678576213872688 -4.214697993991882 8.075594331133674 22.45664754048756 
-5.974260403451831 5.997708289878138 20.407551308169577 -5.7160563946092156 5.79033544214347 21.689744278257294 -5.234384295526423 6.053457961358395 22.791220862996227 -4.779896266756711 6.54692395598794 23.43818447480182 -4.436848904409504 7.132965223945368 23.78421101642833 -4.782095738395195 5.882176133459511 23.202438014561984 -4.1385549635238075 6.379227218899298 24.61398351285267 -3.695249548659575 6.703667626073799 25.4609739130268 -3.3871274589500584 6.924861222275893 26.127636368917752 -4.382046315466514 6.264036945946286 22.80473775512001 -3.748845937473863 7.337332735112079 24.23450148428277 -3.900059667228691 7.695960187775756 23.936165133953534 -4.199670009685533 7.661104466882791 23.556023067058558 -4.1404759032965 6.752745876595539 22.239619413290335 -3.6606540939227887 7.818144494074506 23.454769776680035 -3.9406091975283766 7.999532116750131 23.14119993875193 -4.284930516287645 7.850248014042443 22.82333612564433 -4.002126109452585 7.211911852600989 21.630255392431025 -3.5666136934896326 8.03783217262533 22.730877001256555 -3.826681264982721 8.1839071583183 22.658638280519362 -4.172753872551031 8.073520848474123 22.442768396327377 
-5.951532957868368 6.000075488304115 20.408052643494436 -5.710019177073264 5.8171231053145664 21.711815691937655 -5.26545393710828 6.112602589470682 22.830416040003634 -4.8052272767630315 6.617761541982825 23.4902647491622 -4.465257809826926 7.209230140564234 23.831721647845978 -4.735344800420964 5.890404093482027 23.193052715818144 -4.117233291271864 6.386393373093518 24.605437169262533 -3.7021856601325327 6.726962463572391 25.462983965655337 -3.425010416593934 6.959244798262693 26.158711194898068 -4.346214149056 6.266088038327425 22.779462037459993 -3.7288476728532713 7.356903215074637 24.211223978942478 -3.8942774325576237 7.7136763136661 23.932643219412558 -4.183842234746368 7.678319134922669 23.527772839037247 -4.0945146086023785 6.750628920171081 22.212122106706044 -3.640719574151738 7.839639922717099 23.452734729646547 -3.915255974945662 8.025943209733303 23.15063049612209 -4.245891224379401 7.877379142241446 22.81455633418977 -3.954064459562538 7.193045577542378 21.58525611848994 -3.568288436021995 8.059877049746659 22.73646162914457 -3.7864770889098587 8.203669367137804 22.649797341540555 -4.1199760173949755 8.10431338132212 22.42204396814577 
-5.939143668915709 6.088677004572674 20.43871341705595 -5.701433588321856 5.865368847067297 21.743035908944844 -5.246181023161865 6.152567868356147 22.87448960229737 -4.790795699435047 6.658559656007483 23.565209211018637 -4.427484913738688 7.249310288675748 23.9146023311807 -4.77066747213884 5.910675135199962 23.23026811381022 -4.155404779220428 6.415444860655883 24.64709576240622 -3.7261454226799935 6.74349687541204 25.47962347169995 -3.449555455177435 6.960025934833579 26.169776922555414 -4.366338722861559 6.293555904149368 22.837165011860325 -3.7506182220599493 7.375986755257806 24.246976794765867 -3.9087345357688683 7.725122544722717 23.93731273407969 -4.211147368684318 7.676657559935817 23.55158333078226 -4.099616191648475 6.7834218363372845 22.27014098888192 -3.621678630521544 7.844893644423417 23.45956680236444 -3.9034385324931185 8.0218746703622 23.146728925128418 -4.25243690664778 7.871113360611611 22.82396849120917 -3.929022617835902 7.232368738252297 21.651830836408607 -3.548080449011182 8.072508570071086 22.769162143013627 -3.765560007047739 8.202521001730522 22.6426018221679 -4.108545664075242 8.100422794860675 22.41858622463037 
-5.917341142157839 6.055113585058706 20.42453432153697 -5.669647980057356 5.825796902741434 21.7186414524769 -5.232759919937741 6.131700594933368 22.844813093012515 -4.777252072318028 6.649526480827058 23.51934630808017 -4.4045317877905825 7.2271378219453055 23.85791305045124 -4.7340809711610605 5.900500693479532 23.218745587536105 -4.129721160489913 6.40773155103938 24.637499271013976 -3.705918579769501 6.744330023737633 25.485888045672244 -3.422445758647379 6.967523561903937 26.16466165888371 -4.352243000539407 6.295673129840118 22.818907611775337 -3.695694478291603 7.34729234475927 24.24877756376716 -3.845113651379698 7.668822951096424 23.924095272436805 -4.160756718074471 7.625614037382765 23.544024549902147 -4.091991647850623 6.795997728209215 22.286444663508124 -3.612924492986407 7.8458809117710295 23.491013776768984 -3.88593210461695 8.010976512787904 23.168842546177466 -4.2238926298137605 7.856672175782364 22.842727992251756 -3.9547953482882514 7.255580741767994 21.676933919468173 -3.556441572061113 8.088208447523709 22.798354474143075 -3.767118680942244 8.201530479971202 22.67727866665376 -4.111052781127 8.084535702350362 22.447822332062 
-5.888069318489713 6.058389643694733 20.41742803647082 -5.640284190859842 5.826662279910996 21.703460231030267 -5.17620853842619 6.1035944376000275 22.81501580872387 -4.724000379592625 6.590246051152264 23.49104949503297 -4.388215636267095 7.177694039859657 23.84110107493738 -4.66688895431577 5.930552933374769 23.20780628551131 -4.069950904321005 6.403343246328191 24.61456360407701 -3.703507675804843 6.752542341746389 25.491709254394262 -3.4237116704955715 6.960959983999665 26.180656732242028 -4.279172362775756 6.307841239387912 22.814217760568074 -3.706738709932404 7.384271598348077 24.25067232165682 -3.9000505668143424 7.725964068523534 23.969449814115617 -4.194822572237619 7.658363879159437 23.54704661362461 -4.040506615181185 6.79843135690037 22.26984777694444 -3.629193569975862 7.864339899643782 23.495563437524 -3.9267009546998506 8.021551176141253 23.189836152986175 -4.262529812384626 7.860023229445876 22.86278644219482 -3.9033629882370993 7.250943303929834 21.661620865894378 -3.549485236849311 8.082863282183615 22.78923282047861 -3.795478141564616 8.192940591303064 22.688062450069012 -4.133175320114901 8.06690494856363 22.443549220647057 
-5.880147491232482 6.0592268335489194 20.408826660664516 -5.628821452941322 5.823632497502259 21.7005513608843 -5.195185945688198 6.089349702865114 22.802510731676485 -4.751422809449242 6.57593573783706 23.446333161349397 -4.419417291343635 7.139404412264346 23.78439728138822 -4.681405650405723 5.913240332191337 23.22090190499444 -4.099596747370797 6.412295996356868 24.640097810450904 -3.7096583327724417 6.761725206091333 25.508824472619168 -3.4555632771483364 6.985903716333127 26.194208605794095 -4.277368571358472 6.30336560252131 22.833908394483046 -3.7228872051144046 7.405819301732178 24.27697859565531 -3.881979589316057 7.7395471440835335 23.96152636619436 -4.1687906254904545 7.685164751271025 23.5565981419567 -4.040450533271166 6.8011767093239754 22.289344006540283 -3.6215378781816896 7.874546663879837 23.491845078003806 -3.8898405591335248 8.040460054667877 23.174823855944634 -4.23715569706051 7.894441528747282 22.8373289620308 -3.892336118812346 7.247424540514837 21.658583377855894 -3.51908019642544 8.084606555978388 22.778223857209248 -3.737220900934411 8.199604069631336 22.646418547549903 -4.0785585435326075 8.087204618640218 22.40279781816206 
-5.890868081741841 6.0620726293946054 20.411075562357368 -5.630274562801034 5.815622370806741 21.69536883554555 -5.169318257156737 6.0759420940764075 22.795228305236268 -4.718508183181511 6.56378625421379 23.42905373969965 -4.405063225164035 7.151839393360412 23.771269561238423 -4.7097649286145185 5.908584715253196 23.216720597176504 -4.125284638386854 6.404438954034249 24.643527376310516 -3.736156905839783 6.754070918407899 25.513191100929642 -3.4531351575756637 6.977851431626046 26.193389882367324 -4.308889055553611 6.297794108421523 22.824603790754914 -3.7309263572792424 7.395146161800586 24.280828143070714 -3.881697673069687 7.726907559690742 23.976500563201906 -4.161079003035549 7.667594332070108 23.562017722598515 -4.059328442692013 6.806722281917321 22.28173301498827 -3.621148406361505 7.862227579890032 23.506549266863452 -3.889752296474145 8.02851381536706 23.189598488301154 -4.225702972855022 7.87883380371045 22.848424571046607 -3.9033629882370993 7.250943303929834 21.661620865894378 -3.512391711782355 8.07895127924572 22.783531128521638 -3.7232052873816315 8.192345291831622 22.66278702866074 -4.057950878283493 8.074889379727441 22.41048082478472 
-5.861079699799179 6.056889777059835 20.423253075835518 -5.635610223941074 5.8454229033637155 21.72030785752777 -5.201981482505281 6.1269888339142655 22.828985588616526 -4.7520595894965645 6.604324882850795 23.479554522031446 -4.390523824622275 7.174572090800612 23.79969776135625 -4.655642339533653 5.901658818033994 23.23321748882173 -4.073954915385672 6.404593123654975 24.630504186413383 -3.7058254443756673 6.760320303711472 25.492383375028272 -3.461656063868147 6.982523758216692 26.204506935328027 -4.253900971733609 6.2840261711437675 22.840981764449225 -3.691113754483771 7.390976177056384 24.27266667446531 -3.875449241088556 7.717637219701634 23.960644861247026 -4.194905537394818 7.646056435621577 23.562026793450418 -4.017709497534331 6.782274988542069 22.296799789447412 -3.593318643346176 7.851964019556152 23.48316583799208 -3.891257038338457 8.02126174787044 23.16329547526157 -4.236759711373991 7.856983343545525 22.840520441225383 -3.8685800712678486 7.22263815655072 21.666546091430618 -3.521172462726069 8.091542434286715 22.778298569802253 -3.7564995741022087 8.190212562388375 22.63352139279611 -4.107116001902071 8.059668708648731 22.387636998279923 
-5.873386600435301 6.029147230940837 20.461294622626504 -5.659932546898575 5.834618057874753 21.741971053149534 -5.243342817452119 6.121802622909824 22.890087491858193 -4.7874021836593466 6.57069585672576 23.556251656317883 -4.437057640579055 7.096347278896933 23.9212374322925 -4.6033350083677895 5.886754170046624 23.244241514442578 -4.058458837727196 6.422394221167261 24.659484729480827 -3.7049328942624813 6.774530369118001 25.521196726722682 -3.4863252955464943 6.996263925063498 26.223014277315762 -4.222712301599345 6.272741302184417 22.865469240445496 -3.7163663424803137 7.42511686010539 24.315926219314562 -3.91715948739899 7.743472120359383 23.99581087537375 -4.232144618215409 7.6567945897282 23.59570815266751 -3.9859954751506064 6.76471695269251 22.321044900757215 -3.6075993171224474 7.877513795589479 23.514025875771907 -3.897835132228079 8.026985673325788 23.157988441781548 -4.254950244000689 7.851061463531292 22.83322600364069 -3.8437038602669995 7.20108346401932 21.680071602158264 -3.5289378469310098 8.095820251509304 22.807520131500016 -3.7716697598189652 8.211638196815603 22.657286641615872 -4.12278141852608 8.065747889655213 22.405689152988018 
-5.8854421968387 6.023992777559482 20.45857455129033 -5.666561664788556 5.842073938487847 21.756576134142776 -5.226383779148958 6.127211143882646 22.877961023439607 -4.782962557802514 6.620990386144604 23.565693211156315 -4.457693738217493 7.1920096536296585 23.915242170093403 -4.660405141636156 5.889909231655887 23.263024896613242 -4.107313641998124 6.416745555418582 24.69320957157431 -3.7125065515089366 6.780997330255878 25.55342522127104 -3.444353698131813 7.0010761828612695 26.233898039327617 -4.264222088044217 6.280846822640113 22.88509828569247 -3.734459498370878 7.426833719292525 24.330110689767935 -3.919128650497296 7.766482381651236 24.002114538023623 -4.224525345121332 7.709156010507773 23.610093929488144 -4.006656378539 6.782362415279793 22.35256866465498 -3.6097594307699032 7.884691738051471 23.514240235080276 -3.884324737586417 8.057523490591807 23.171317450899753 -4.252063751461836 7.904118785817388 22.861906911960737 -3.8471251786859355 7.22033220162717 21.71815792233318 -3.523695410288194 8.11261504577179 22.804028992464843 -3.742526025749185 8.223964240814263 22.652209138735678 -4.090155573437181 8.105000671885586 22.41778392248744 
-5.8590608255575765 6.000180237057428 20.47983272144955 -5.622634344517293 5.829100027865875 21.784294271226962 -5.154551300211585 6.1202671606800285 22.90262941877819 -4.674337321483019 6.627955200363464 23.561941281606988 -4.3642223856573015 7.254987632360695 23.912001787245984 -4.651360203815442 5.9100710954745646 23.32713966182409 -4.057673322202765 6.426238094669945 24.701708640790972 -3.689798208696142 6.790054111580555 25.565488974500056 -3.4675823228637 7.020038364176567 26.273949580562828 -4.26656217082858 6.304939403157913 22.951478969416588 -3.7087485740034922 7.421141041631054 24.341817618061768 -3.8995590032948115 7.759093869970498 24.02381655576837 -4.238321414775754 7.684703080336685 23.63821993009802 -4.016468785195411 6.794722099652109 22.400964315850292 -3.6029529214007816 7.878602068556076 23.51939113489358 -3.8898405591335248 8.040460054667877 23.174823855944634 -4.267435198618086 7.884337019772619 22.868952398616432 -3.867806878470023 7.236938595929833 21.76820203645244 -3.530629961509831 8.117945563916127 22.81314138249097 -3.7639513758612186 8.236586642473386 22.659268810454545 -4.113898911150569 8.109177651394145 22.41891996010366 
-5.765930072543018 5.969928839014506 20.473231194943107 -5.491002110129844 5.744271573236953 21.76099494039611 -5.021979442472243 6.026890808111193 22.879935402504547 -4.578505495839295 6.569435464386654 23.55291552517629 -4.277003576636719 7.206091207588841 23.911394751717506 -4.509129903516514 5.870217959464038 23.29546219542831 -3.9353771376447813 6.439095052100093 24.689174621625284 -3.667691403787259 6.873917661060278 25.58926799245146 -3.555984863569597 7.150038680434977 26.34751594735945 -4.155735743010973 6.272538111355923 22.943849916467272 -3.6708352891245926 7.438636565917748 24.361459924748253 -3.8833526817603197 7.76736859384485 24.031157231246166 -4.23252347306099 7.689796819626999 23.64976929600508 -3.920928363364254 6.765843801069078 22.398819670619066 -3.574950499000686 7.898036651643411 23.528283334851178 -3.884324737586417 8.057523490591807 23.171317450899753 -4.268318150499256 7.894877219078389 22.874974466330865 -3.7812475496218156 7.203824211008801 21.757385987595743 -3.5309814101380814 8.159066789447735 22.8299134412687 -3.757886019906979 8.268447437696357 22.64688490387216 -4.086568234236012 8.139544694898525 22.399813697924696 
-5.772239961843941 5.954979087364998 20.475987154368102 -5.52230966404519 5.754966550294044 21.774989741167506 -5.076743962439598 6.023382311603035 22.89750520953579 -4.605957325442156 6.532542418582105 23.57874986888118 -4.2750195954239345 7.133982209327147 23.94384282637988 -4.507503792059819 5.86527366146379 23.31538212999343 -3.9158804675015855 6.4439210761872125 24.69504173705862 -3.6807363216030304 6.910314928844287 25.607849296914306 -3.6150709774488736 7.233977206899028 26.394170429742683 -4.125980057039049 6.259742376836226 22.94126791778211 -3.6558968334642814 7.442726082425637 24.36247268928012 -3.9082366547936425 7.760028996912385 24.03402835532005 -4.265259956001882 7.65647055514065 23.650015955626273 -3.884541869967639 6.736547361275775 22.4025659078222 -3.540778630165848 7.880467048542823 23.530704653261946 -3.882124086134019 8.03853609511297 23.185950186003673 -4.2679251838279555 7.85734458428771 22.878137258711426 -3.7351539240905245 7.171796284027704 21.75897501402535 -3.493930632251417 8.128179947876605 22.83306082757274 -3.76306430055798 8.240291297387104 22.664920390493727 -4.111225055576326 8.094647891130554 22.43928571298838 
-5.7626340010345185 5.922155198057967 20.457911967596736 -5.509000012239909 5.731250251257866 21.766800996070856 -5.060070948690338 6.026977055713097 22.925931926463917 -4.617525526357129 6.536616706709212 23.64503681920264 -4.281033574047071 7.129853909933598 24.052975053725934 -4.515626070565173 5.89502741626851 23.336790980533 -3.959546736683276 6.528990426795134 24.69321396565191 -3.771848591382066 7.041834094309801 25.611174378048556 -3.744321937768143 7.4043273634428886 26.416026245708753 -4.145671165468408 6.2929082002248835 22.96571251346564 -3.666962010789484 7.438253883091635 24.32433414303434 -3.89182707300819 7.723765114187306 23.98061495618579 -4.232733110020598 7.597865771697902 23.593068380242794 -3.8862508227332935 6.75787296897201 22.407981389214246 -3.5369157975017576 7.8784435635894035 23.515599093937798 -3.868884604503518 8.008585579034577 23.155728969448116 -4.258600493271775 7.829788735289623 22.863279015641268 -3.7276056743958037 7.184361767479016 21.77486769729065 -3.4866108937778466 8.138046952341732 22.829485329013607 -3.767547717561186 8.238867771504141 22.6595042270197 -4.120671584402277 8.08795529067968 22.422669282032377 
-5.731289377192499 5.927331480016657 20.482127277829246 -5.462899192783313 5.724529022372413 21.78106284138992 -5.009986444409324 6.004727343388153 22.95168546072415 -4.579747590645623 6.532779165925321 23.715146232314137 -4.288639756714254 7.150373568778954 24.14757944400798 -4.471012334371857 5.882398842345958 23.33624762801945 -3.935599321591226 6.542398618512266 24.71219088378057 -3.796001998285073 7.0874155076316 25.64194546182243 -3.7917166107093996 7.461438723298202 26.46635062599637 -4.108200010853257 6.273499072263751 22.975016602630536 -3.6812219729344138 7.479865420026446 24.36299647650674 -3.89253113931846 7.735140444530593 23.986979163252506 -4.2134438642853285 7.587225877795609 23.600676948637542 -3.8732608034448135 6.745828728003583 22.424561353108203 -3.5469595969951278 7.917489896475247 23.537158929330822 -3.867872274152858 8.024350558726752 23.14682247347108 -4.249942755546957 7.828064028563803 22.860094447068953 -3.726503533105937 7.176295509693501 21.794413079721096 -3.5086846458483936 8.176923385531444 22.833665883640236 -3.761087568082842 8.241246384522357 22.615892397207524 -4.091024422971391 8.052187108405494 22.361498929322 
-5.696641221614818 5.89035433787637 20.48974578477657 -5.436384102404627 5.711117803495258 21.801123289416324 -4.989328601071657 6.021612484596477 22.95137413499811 -4.574243883606736 6.601941488779575 23.67438903617121 -4.276378606031204 7.256865105407406 24.071393855325898 -4.4712848663905085 5.884375547841479 23.356466026289734 -3.960776496248572 6.524779896092126 24.729740078387202 -3.75216267098341 7.025974770341167 25.647889183397638 -3.6639740264876295 7.369701131465267 26.434124338235865 -4.102078370448232 6.2698213727779235 22.999728491599587 -3.649558870765 7.449188532277049 24.352462041929815 -3.86138238987525 7.704885780403353 23.977254394268375 -4.186550114734027 7.545596497938135 23.579983020415387 -3.828212933293589 6.733340896430081 22.44377014275062 -3.540443119860729 7.895908691384811 23.53649382110336 -3.904258216195571 8.008830477711218 23.182231233795953 -4.2785509742913455 7.796798621513813 22.87967584125351 -3.6738207018792695 7.153378771351866 21.806159065816527 -3.5219923526095593 8.176212707143508 22.85198785987323 -3.813509662352679 8.254922142087644 22.67401239002666 -4.145251842825535 8.050591437793292 22.42750964957638 
-5.697234088659224 5.881932789991112 20.509960133725897 -5.477371188776885 5.723820131002556 21.84424666711278 -5.027608975216304 6.051411515488522 23.008815646196712 -4.608524630603264 6.621821913013987 23.754985133019257 -4.288881367165656 7.2463132632262495 24.19128288615189 -4.506037483744412 5.885319638498228 23.389364089717656 -3.981059132184575 6.5176339074061085 24.781571248764166 -3.7459359105137042 6.994479050398244 25.684243099124078 -3.649938837896294 7.32597895877773 26.47595031645677 -4.116310299399043 6.248577541194869 23.013433196604495 -3.6573238945622935 7.452775156790612 24.383867164282275 -3.8777514341209613 7.711004048176424 23.997239835693236 -4.211336292271338 7.570832796349807 23.636308945953438 -3.8313085744286712 6.6944739436659555 22.44800933837662 -3.538272084789253 7.8887162002173365 23.53627241874134 -3.900426980040247 7.9913092666645555 23.161479087577337 -4.264980147474652 7.770737365344918 22.870255620027695 -3.67373858659109 7.113507168130375 21.796420428862167 -3.4972002641133018 8.145920790317978 22.838844282561286 -3.8010279008646193 8.209917111198651 22.63921812177381 -4.1283476752807315 7.988781250187481 22.373070795302297 
-5.683624662626027 5.881070154934177 20.51275557378763 -5.43274610890523 5.6999123827092815 21.846709998563455 -4.971703206434734 6.010634273958267 22.993243924523597 -4.523857073490627 6.563742079016916 23.728380973549083 -4.198503091423413 7.196502462524742 24.131726099661194 -4.412660083842916 5.875807834405979 23.398758867285334 -3.876487955486691 6.539386155378231 24.745546721837833 -3.7161123537925476 7.0470373379669375 25.661063897854714 -3.726527283729679 7.408281514360861 26.50009949936657 -4.0424152328669605 6.267196110167366 23.026972887998543 -3.6682937849283923 7.505778174822693 24.391992676813572 -3.9481075711347846 7.761124038088483 24.020581046406257 -4.31339001387333 7.598593015429205 23.64325033348637 -3.79547154736349 6.744823099304374 22.478325809255374 -3.556883811236258 7.928796148132245 23.5676645858272 -3.9244873244649665 8.041088208513182 23.186707094303806 -4.314489586799881 7.8343234366539765 22.902476200703997 -3.6623872949759377 7.180138936571771 21.85181969217103 -3.545169933281406 8.213889223311666 22.890877229547165 -3.8394325482852936 8.295704059853737 22.692596929590415 -4.176942256098362 8.110906116629392 22.445761261302707 
-5.657645190029979 5.857590767969516 20.508587452046253 -5.477364493237051 5.720023009273123 21.863895476894314 -5.051001463061933 6.0538063502438835 23.036483114401776 -4.618184729543228 6.577420286771215 23.80311969937034 -4.284292609127947 7.143834211111954 24.210907332716435 -4.489995798322544 5.910315084261418 23.423232205700007 -3.95525257013737 6.541077774064144 24.784179095507067 -3.7270968788679526 7.0272934164113625 25.659324408004732 -3.6171239174585734 7.354812150591371 26.44402655939415 -4.094030484429735 6.282402014564716 23.05694316831437 -3.616772306271648 7.435376804333699 24.390376272987826 -3.8214165850183246 7.675378284121367 23.99957323968511 -4.125637459172785 7.503849036356718 23.609943657858512 -3.818658920217425 6.725223664675587 22.494110980836368 -3.543833297899239 7.8855730954532515 23.566302526878165 -3.8961617480259516 7.9652702533762785 23.17596662226907 -4.231684919653486 7.7166719397466395 22.877155604599942 -3.6481449614837715 7.134590991107481 21.838437888165913 -3.52131914169657 8.152689962274245 22.880973158653344 -3.8170708542439256 8.20464340285497 22.686515539904132 -4.120675288489821 7.957794272505969 22.42763434393949 
-5.680702465607179 5.877437778728809 20.519090902465255 -5.459140521785596 5.718762937580627 21.85280064712272 -5.019986572261628 6.034265384429078 23.014670822546673 -4.571256900367129 6.5691960799896565 23.723977463192924 -4.250813723583198 7.19068261922054 24.116287510416633 -4.522830936301498 5.9066640810412885 23.434555071725633 -3.9663267382532825 6.566822770250376 24.779807218859506 -3.7739029541916222 7.079939789546576 25.684638474849166 -3.69381681831368 7.433511340654868 26.46861099488653 -4.118013217220442 6.2746213852991355 23.058995170047652 -3.6565141279712607 7.455375672729642 24.404878006110035 -3.872872587084453 7.699359154540177 24.017611518684504 -4.19859838081548 7.543417311606749 23.640808582112932 -3.834361710894864 6.727656321370918 22.492495200720356 -3.562334857302376 7.9113310820494425 23.571166765066163 -3.921653032915402 7.9958363790934595 23.189663940179553 -4.28257240792224 7.76133071654533 22.897826271676635 -3.640926163799836 7.1441801440409405 21.835266809296247 -3.5224353557559382 8.190499173611682 22.87776320527181 -3.827375437993368 8.23909542088318 22.686762421062067 -4.1512721658967475 8.007687340657371 22.440081284887576 
-5.672745909203146 5.864404180433963 20.505649587566822 -5.488744506442687 5.708714636591266 21.861666567532446 -5.057503712138592 6.021867031390604 23.033944942011182 -4.632391481353396 6.544478446624381 23.76816588416707 -4.301271282070342 7.117500871783009 24.176084688609606 -4.475783301789896 5.899909015123076 23.418941556630017 -3.9597003788253184 6.5443045315229895 24.77818504735864 -3.7355741450870448 7.032041458299802 25.670059290463836 -3.649201581190493 7.367183709438782 26.450471664989706 -4.096129872748239 6.274517562094022 23.05163625359923 -3.6292681049866897 7.439554569742784 24.39507213293429 -3.8236005436796474 7.682696378906034 23.999879081619408 -4.142007976040719 7.522154892265935 23.614568059764736 -3.822841782183013 6.7241120847916065 22.489000462587942 -3.5271707232976066 7.882475022203319 23.56746667743669 -3.886044372564814 7.971653821963045 23.19265690761827 -4.249553665419946 7.744731328333128 22.901557397070437 -3.6615152359996994 7.130270515817611 21.83645301682153 -3.505882619180418 8.146447357726423 22.862531276813304 -3.8076173138672607 8.207518708376087 22.68292776696313 -4.135837546484109 7.990277990424329 22.436585505251532 
-5.674916529917445 5.87576396404726 20.530522826700416 -5.485374325924232 5.719470540038512 21.873320224859786 -5.077994999794776 6.040013972852864 23.05328898164454 -4.647291199311066 6.557815207448442 23.793671455113575 -4.318018430763682 7.112185823757475 24.190075409951714 -4.475783301789896 5.899909015123076 23.418941556630017 -3.9277366221634193 6.570686273546834 24.771308348012195 -3.767560216694021 7.086686191060009 25.673883906084196 -3.73867206670097 7.436006558653117 26.49678917061994 -4.108058603250234 6.278019238165223 23.05543106106115 -3.6274087994738653 7.460930241535347 24.385868851244783 -3.873613351596079 7.680714727419166 23.990640548220245 -4.1991891225045554 7.493837862013529 23.602299874942897 -3.834361710894864 6.727656321370918 22.492495200720356 -3.5340318582513333 7.888629174658021 23.562346428385112 -3.910093470499832 7.976373345375143 23.180023764742444 -4.266979919970452 7.728365281282246 22.888290363435985 -3.6611623898097316 7.144696325208088 21.84157623285488 -3.5139804057361017 8.162578823094124 22.877386697454128 -3.8195079466066084 8.207845936508733 22.66644767875198 -4.156735872862002 7.987517891749209 22.42342474575591 
-5.666126561127953 5.862178995031417 20.542233896391828 -5.439156939392339 5.70347315142544 21.88091726425498 -4.980971310123038 6.055429651617622 23.081190329173292 -4.539512671595114 6.648275013812583 23.86140670120056 -4.226202161943643 7.31427920263205 24.29998948271556 -4.467714136930815 5.897500679148198 23.430176091879858 -3.9272351052156593 6.557000374369379 24.78623168863262 -3.682451792667409 7.03105449976749 25.654470654591346 -3.568482067629052 7.366456163991223 26.44391496868068 -4.084205917706298 6.271017448924697 23.047842954581142 -3.6632480807362557 7.4791376052513945 24.384627387896582 -3.9110553622015836 7.690189751862807 23.982916375106683 -4.256500594773439 7.519779218077912 23.59304750985193 -3.8074828277970254 6.719143264514355 22.471152245332565 -3.543976732194216 7.913400712205034 23.55741696965663 -3.916656844270968 7.98210702672588 23.17472559708754 -4.307127162674585 7.764363452906343 22.905646074171482 -3.6501415484506605 7.152629866508347 21.824509344564905 -3.5220454206141985 8.205735566541719 22.883324522543784 -3.8359603142357077 8.2514340322837 22.681432205917297 -4.1728829563041945 8.026537145473192 22.418077198650604 
-5.671094572766567 5.86331987022813 20.555985871205642 -5.437328881240913 5.6827352553198525 21.875636472216474 -4.973231642952656 6.01056461334994 23.03502961481147 -4.5385861683813165 6.5770438837026335 23.7537497631898 -4.225413825412842 7.200867564055733 24.13464553223434 -4.467968057644555 5.899467217097406 23.450465097924425 -3.944467225934305 6.591612698076116 24.798445071803616 -3.713502982921384 7.087735699152225 25.68012707624238 -3.6250183261969062 7.447335004866512 26.45131945075977 -4.088053786531985 6.2743936196481656 23.082577485467734 -3.6630094264283852 7.493493778893794 24.412209728864802 -3.87993254713161 7.718319733119288 23.997542455639113 -4.201648305416586 7.539838415819309 23.59976713595933 -3.81295460446741 6.729862528224011 22.505098132003766 -3.544097080425136 7.927757933948687 23.583982056041442 -3.8989184710285145 7.998547044419135 23.187789478546584 -4.2618523192532445 7.770927332064706 22.896504738678942 -3.6649683280132233 7.146346211176115 21.855485365968043 -3.506651938635369 8.172470457228219 22.873803613118596 -3.8206622814939863 8.218426816857667 22.672176695091196 -4.159741622500623 8.004563955132074 22.429224577237495 
-5.671094572766567 5.86331987022813 20.555985871205642 -5.4917151461229485 5.7087042977647515 21.90238403951847 -5.06859791799006 6.030916913153298 23.064605631127062 -4.664322554388686 6.532227775773695 23.801589221673247 -4.331013748135901 7.0849669987853865 24.182302172804484 -4.498665691267126 5.914362391437504 23.474040263984413 -3.967979482128038 6.591974235295746 24.807738450120876 -3.70490896507756 7.070416849115438 25.66211585852986 -3.551896047623043 7.40795274625898 26.419040352542666 -4.101983505349231 6.284814748245845 23.086629476927342 -3.691955228697327 7.5037095437031285 24.437394831924152 -3.9079627451858086 7.747354957065639 24.04904825934002 -4.235683341604699 7.582015979079137 23.665566554088688 -3.8283392473153914 6.734846879097756 22.522992913220552 -3.5680698527333132 7.936073925882912 23.592373018304354 -3.92407818945822 8.032608413760004 23.2220330410427 -4.294885083874381 7.809826275081859 22.939340863464437 -3.6672499050529583 7.138480013366795 21.850347859347345 -3.5469590888297033 8.209121695641374 22.90549864282134 -3.8586423639990093 8.263203394150992 22.70886507553596 -4.193937905690718 8.03504403767308 22.465193829027726 
-5.68818130756336 5.851101897008747 20.561052460767 -5.467079504372545 5.710573016446536 21.901526533380814 -4.999452617099145 6.039059263691276 23.048318522438233 -4.578257172102568 6.624018640035062 23.800150506073212 -4.2610993741531065 7.277883956762308 24.200312893876962 -4.531553880223214 5.895769049251109 23.4797164093492 -3.998158779222039 6.614901902844595 24.818673803110237 -3.7627699427670027 7.132165372259521 25.699593317501694 -3.6686312491196165 7.499247552881231 26.485029160983242 -4.131902599046716 6.2746152234201915 23.09737114759692 -3.7103118229509127 7.489697920922645 24.445606200171774 -3.9161618651556656 7.721166577474256 24.046862223763114 -4.217332755161178 7.540967697502236 23.654779560414227 -3.8455197670221537 6.721659194849631 22.52966750443922 -3.575384410530229 7.94130459818837 23.601934948376456 -3.93174063237517 8.022575000883352 23.22569209044295 -4.293062529229641 7.787608964714508 22.933588539681207 -3.677951495454829 7.144971030423245 21.872579316792454 -3.533268908535792 8.198052699816936 22.901616640999894 -3.854186276200542 8.264658071816047 22.714308602086007 -4.207407589921379 8.045701787023066 22.46868766984446 
-5.667371596981148 5.864707289362971 20.58628137800246 -5.437051586776405 5.688085095046288 21.90178032736553 -4.9869812141877015 6.028791329305052 23.0862842307509 -4.558007704362391 6.620324057902407 23.82825377974075 -4.233718677073475 7.294744762186034 24.246132024490183 -4.498919518590569 5.901401466615282 23.488667898224787 -3.9741132558998933 6.616536575903686 24.8305788276736 -3.6868979214525757 7.09531249418145 25.675609425806144 -3.518385571661988 7.4352386171298255 26.410144509061475 -4.104091932501384 6.264300551915575 23.0956941919187 -3.6866885488466234 7.491398700371951 24.457659151153976 -3.891464250164573 7.712810973346866 24.037961951640785 -4.211565338931797 7.542902508448202 23.645411865197705 -3.830472385344614 6.714869708437107 22.531917287591792 -3.580064121240822 7.940234996635861 23.596571229246774 -3.946301702253861 8.014820357612484 23.203498290413137 -4.327114233416248 7.799439942135577 22.930241547572574 -3.652655929662421 7.13469247665839 21.87186005854361 -3.5400033735026817 8.203766723300387 22.896335338792348 -3.8589828608636907 8.25946091695458 22.688697804726935 -4.213527955666425 8.047098102962993 22.44312418270459 
-5.693963698388982 5.871523574878898 20.604757452783353 -5.465324771306019 5.723921601835849 21.932926077378863 -5.007913085193593 6.08164178223489 23.11605063866791 -4.564212844131232 6.679598876798457 23.86147596199008 -4.256251782720536 7.3457367369375195 24.294846458682116 -4.496974137474594 5.909346388385646 23.494068913514052 -3.9768026152680913 6.637740835751822 24.81614270526017 -3.803295999235986 7.19176946102169 25.71421536186259 -3.7516619226872288 7.575167439486165 26.5203079661177 -4.1179425176884825 6.276904795312712 23.119713770782464 -3.691387939127598 7.49058533664321 24.452353351474667 -3.896046032933711 7.7117724051072924 24.032561975798515 -4.197263754844985 7.5317324540095 23.641006227818707 -3.8398071357766206 6.726298185991485 22.540674571702148 -3.5492154747935625 7.925760569564525 23.593301742641852 -3.908017859358144 8.01441082072923 23.217803392096542 -4.2672601218449655 7.788135238767796 22.931664598662337 -3.672587840810376 7.149650469996651 21.883338497161063 -3.532541144926686 8.201534041154034 22.92171618881029 -3.8381931533345024 8.262079724714397 22.716102046854054 -4.180272455427518 8.043290473662458 22.487317522656273 
-5.673251812100876 5.874709403697517 20.580921344142958 -5.4767676009462525 5.716435803703719 21.911031035224728 -5.0309885613166605 6.026373571523502 23.080360369906916 -4.6250504094368985 6.568370524654149 23.83469421132177 -4.322729508449465 7.1810254731132686 24.258720026751 -4.535489240921236 5.909750087327565 23.4803536677548 -4.0088289509936095 6.611327885934068 24.82305653895821 -3.713502982921384 7.087735699152225 25.68012707624238 -3.5173602300459557 7.404053134516286 26.418666995082525 -4.13799628677325 6.267913771386537 23.10692178335825 -3.7120034359822216 7.48404031675162 24.460990124656938 -3.876420555081645 7.704291305670384 24.05421702197406 -4.170471439949606 7.535133690411725 23.659177465114986 -3.8557779946022395 6.714093124240032 22.53371838279172 -3.5676019946393804 7.923700163918487 23.60709284982779 -3.905917239100292 8.00735393476148 23.217660238402967 -4.271785479416477 7.774896306467785 22.941032474704723 -3.66410609027409 7.123795713652944 21.869895113060966 -3.5487483102168067 8.20434653674783 22.92012789853096 -3.8606913764594113 8.258587706426326 22.723552639173196 -4.1867519648362 8.033362013221845 22.476405399324005 
-5.678226183436537 5.8758604935502845 20.594706580164747 -5.4915149778509855 5.717922083602938 21.908925804890885 -5.077755908336047 6.0182320976703405 23.089443777112166 -4.65622580844105 6.545143352601076 23.81895647599503 -4.331222333397112 7.101280324754332 24.231376260212134 -4.4782719957317445 5.893575597171516 23.475565945075306 -3.957775938272755 6.636728712244041 24.80171944964448 -3.826113104240944 7.211361605967001 25.715939302952638 -3.8028026758501245 7.6051479685829255 26.53515767614667 -4.110166708115196 6.25760684051933 23.105243933145065 -3.6916016159387532 7.474824666190007 24.44622447137981 -3.8909592039599783 7.715807652328719 24.058988445190984 -4.202761559815842 7.548408083154269 23.677172935599923 -3.848096453178505 6.71196933120816 22.544612766713 -3.5357183388745894 7.883451510620485 23.577255755856143 -3.8739113338911255 7.982972609203529 23.19444178338316 -4.237840424844432 7.744277119030129 22.918253527024717 -3.6904815052006232 7.118070588590459 21.885029295676112 -3.5045752759813587 8.138494796069468 22.88263525068193 -3.802239001890745 8.212643860675861 22.694026712883105 -4.15354879145852 8.003088047013309 22.454717314300126 
-5.676587390606979 5.856014514090627 20.590014227249235 -5.473582650063866 5.717992256837641 21.91616798107436 -5.03678630173239 6.036742567766721 23.0743165308628 -4.618564798686955 6.579884757153055 23.824139334091882 -4.309392735468741 7.17044892672521 24.24756127809959 -4.527452287654538 5.92228872254677 23.497353227570965 -4.0087919146057915 6.627025389467456 24.829294524320044 -3.691469268566127 7.098483885294582 25.66974218180747 -3.4934419444939055 7.421018142264689 26.3913296477272 -4.133992983752943 6.279438802207727 23.118462772745865 -3.6976438883791523 7.440855332492177 24.4435827159976 -3.8451727428669735 7.673940446976759 24.04436860994007 -4.122996857155729 7.518255090750826 23.657214049598508 -3.8522718256032227 6.7108629070092185 22.539503128839357 -3.5310306721729394 7.884497231391582 23.582603583643508 -3.855477195725114 7.9731372513799394 23.195801437482316 -4.22383124526248 7.748705922766965 22.920059430410344 -3.672120610901283 7.124151421823655 21.878686213620853 -3.518251943567631 8.14953937121026 22.886508265824013 -3.8096785101151296 8.214408210749404 22.68297733517215 -4.151298367960392 8.011424248890233 22.460171153046712 
-5.70914197890759 5.878390468705659 20.60186887918004 -5.557828219581632 5.737789776119179 21.932261522466597 -5.155027042768318 6.05720902990655 23.111347373576187 -4.779790369756879 6.565188811572091 23.85463876959816 -4.462081199335343 7.1084322373766735 24.252438255082854 -4.527416245633381 5.907336531928075 23.49162678770729 -4.013652771464619 6.683287804995797 24.82872442373748 -3.928827852990193 7.273367594760412 25.757743754943988 -3.961748752643908 7.681322194281688 26.605719112253716 -4.1440885045038005 6.261209802264405 23.11648239897662 -3.718931228457971 7.490693414210918 24.456090976928156 -3.9263386607479616 7.718018459322483 24.051009085773316 -4.249826408817946 7.538717796110504 23.666856023227353 -3.857921756754476 6.694102175474855 22.542651880689043 -3.552054231979948 7.9020158492578885 23.581906538826846 -3.9139318627609323 7.99389044554151 23.200799746640154 -4.271096216153848 7.745638081591913 22.908910258229298 -3.6888898127734326 7.097053434618113 21.879894381988876 -3.545616337385902 8.171638227321631 22.894257343405933 -3.871731447991767 8.233037937960718 22.69572563756374 -4.209211142217316 8.000559539387075 22.46659854819549 
-5.735891435230246 5.890818489462849 20.61913556353779 -5.543257475993059 5.750724527622815 21.93965417103402 -5.094073262338553 6.095094462317455 23.116348605151984 -4.668545090722066 6.651971952114229 23.86571226199556 -4.360174868225384 7.256400220258411 24.297220451658678 -4.58118024715794 5.926528924814794 23.521954532294078 -4.060370481884788 6.65859085775182 24.855301466988436 -3.7962058468637463 7.168128910633852 25.71213098126017 -3.644482295367519 7.516214256088454 26.457482269451514 -4.181994508057801 6.280867755628838 23.14824517293192 -3.7242344506717138 7.459325285833866 24.474564370975315 -3.8737110565429838 7.699930257365428 24.074933610266193 -4.165786747959005 7.5549240458674785 23.691393174810532 -3.8869071765301255 6.7093887576421105 22.564263729246925 -3.561069333533206 7.9020519304096855 23.606397680798736 -3.8850783759702776 8.00586896314718 23.224603000889058 -4.2354011570109895 7.767890206367056 22.929440475157016 -3.6962346535808583 7.126292556902749 21.898978991214754 -3.5329310851476325 8.186277846058685 22.91613644926107 -3.8340652084179374 8.24827832440132 22.715999675626605 -4.178280572104447 8.036504275583011 22.48729850968644 
-5.710858840646043 5.839817008121526 20.60627254772873 -5.486328087600306 5.688185222886055 21.883860601813726 -5.042688548883227 6.012151062727339 23.038761813460795 -4.642414948635748 6.566130810632351 23.771527999014285 -4.342550423273953 7.186955813976197 24.179340278108157 -4.566251275663611 5.909706977419818 23.49827662916175 -4.055941642533591 6.655347644324848 24.861327712931153 -3.7844849111169503 7.157556363179228 25.72256977275448 -3.6074364310151235 7.504122734547504 26.456310621596668 -4.156173198756685 6.262623121171983 23.141208659828187 -3.7469454895165235 7.474624580714113 24.511398141669588 -3.894027064742819 7.723753232591136 24.116763832940723 -4.155334835297278 7.576687143475292 23.71424986063751 -3.858043701550316 6.706939152226862 22.568231154095347 -3.589116432499381 7.94031806203181 23.621110902257026 -3.9151096667561176 8.035231676085644 23.232933569879215 -4.264834048060792 7.8117978726365 22.942872518044577 -3.6746892268302918 7.117680712788861 21.912213871657496 -3.5691812982384747 8.221136657682003 22.91873354485693 -3.8810598846346296 8.301797713025044 22.72727188525494 -4.226711668466547 8.095701544835574 22.497907351302835 
-5.697550244596555 5.81655608903968 20.624484775454277 -5.496170682658906 5.700721799576452 21.937974010321426 -5.060934614123024 6.076742645682354 23.141719446207194 -4.668985612422186 6.676056217110458 23.900051486476197 -4.40305534808576 7.327319813589816 24.373900171029053 -4.5955255194771345 5.919647538569098 23.542109567580436 -4.066645518632309 6.651778954764595 24.865731448992673 -3.813529029735484 7.157848208698729 25.7277945276007 -3.6548772742328683 7.511326311834341 26.48584866680751 -4.176197981227429 6.255792475235956 23.148402330865466 -3.728173025942451 7.461125154600461 24.490382562090616 -3.8613487043494716 7.695742582073394 24.070459388405904 -4.133340171734663 7.557160440125541 23.679263877830863 -3.868103729232865 6.674403827628323 22.560903526989296 -3.5752525464433056 7.913429431782519 23.610837718684376 -3.908017859358144 8.01441082072923 23.217803392096542 -4.268077445430294 7.798669347457747 22.93769402952087 -3.6673497267231734 7.08843272678052 21.893119936294777 -3.553745282994785 8.187813132914671 22.909168397454433 -3.861031646632459 8.254851427099641 22.703373731444774 -4.2084401615237805 8.05601531143876 22.474505772355357 
-5.692708188403895 5.829313156953918 20.615510799412647 -5.527603834793423 5.697037638605757 21.946989367260947 -5.091071883332357 6.038966968923879 23.119425320615502 -4.7132762722859445 6.602036530477288 23.885064859612942 -4.423925951880666 7.194687155981946 24.304103265589806 -4.5461600192399345 5.890875602701105 23.520204392359542 -4.04928864072269 6.644576706942518 24.8668123424634 -3.836296749994988 7.193724410825819 25.736164829153005 -3.7332458144843144 7.567316857954989 26.520003835315457 -4.1462994944160085 6.238554843639448 23.146453908228093 -3.700788037616134 7.445239295955336 24.48046450237459 -3.8451727428669735 7.673940446976759 24.04436860994007 -4.137482797550472 7.513942850374199 23.65574874035016 -3.846940529087198 6.674100076240013 22.553973997343512 -3.5529434020097197 7.89992667232186 23.617365347737994 -3.878010082397959 7.985088159926241 23.209490267247276 -4.243955125818469 7.768491988682075 22.938992041740555 -3.660443330351699 7.083637700872426 21.88482425645424 -3.548560445557438 8.177687141468633 22.914631479699107 -3.8610171900436296 8.243333292033114 22.718003626739147 -4.194257163073074 8.023676032156539 22.479850107060116 
-5.694210109878705 5.835289312618808 20.615382536973385 -5.565954994232712 5.733437768536383 21.961523869936233 -5.188910547986292 6.06633612119336 23.14955305566424 -4.825950340079323 6.5772066481328615 23.94121342117964 -4.508797646758688 7.067114072483505 24.380896884142317 -4.51548364255908 5.918494202444774 23.535206096541103 -4.010503454714775 6.664148967110187 24.864464319809525 -3.8354283428304736 7.212209948520828 25.76481678565308 -3.7621413596210145 7.587107143814439 26.55587000602808 -4.120131144814534 6.25426234486137 23.149657788019518 -3.7033524912829905 7.480260448078866 24.49362645552125 -3.892856752259267 7.710428979261538 24.074311789121733 -4.207026783022684 7.550303541242957 23.69265884119086 -3.8350566853616 6.67305408189387 22.569961402848815 -3.5512453684331433 7.905107383204286 23.602422612091914 -3.913579329427705 7.997321838037951 23.221318981771308 -4.277532877547021 7.758052091473157 22.944477633646986 -3.6764698528832636 7.073832426577383 21.910231824000103 -3.52813036705418 8.16089448698696 22.916007069942086 -3.8619210651963556 8.228103850186587 22.72694185327456 -4.209300585186521 8.004312905312831 22.4867495996907 
-5.697074960492513 5.833363454360102 20.6102960990254 -5.511113972497596 5.71659875096477 21.9411358765892 -5.106682221800324 6.051227394083732 23.124616585931754 -4.737896855222994 6.5869972522590015 23.867043305971922 -4.437685313327958 7.1338018669402015 24.30553659452771 -4.527455074319703 5.904997739908805 23.513122236886293 -4.014977608333452 6.663497451024583 24.859316011095945 -3.8653087362348573 7.210302972318252 25.748028241644175 -3.783180330500526 7.569581826177493 26.543000212494427 -4.148285092233802 6.245481574551234 23.14670459554689 -3.713679002984543 7.476977210389204 24.49795974353635 -3.9147154114460525 7.730197460676558 24.110084894056953 -4.206249455346322 7.545479957500929 23.728242169351404 -3.860403683780196 6.672269040257045 22.57180438188015 -3.5551227490862805 7.9071468110069025 23.617599951559928 -3.904609692970184 7.999930205273645 23.232223300059385 -4.2607891250626375 7.748530712719874 22.960672272792493 -3.69180591039153 7.076089857415096 21.908282939312247 -3.5625171529395225 8.188380324275585 22.932980154907042 -3.866626548760149 8.241944966554064 22.741567316757134 -4.194977028290025 7.9908518301098495 22.51779910070613 
-5.685410963267457 5.771514472735483 20.632894255395787 -5.49558379322953 5.677339390259819 21.953727060251353 -5.07106835026762 6.043397730783427 23.133889761515956 -4.702661415396455 6.631532460984623 23.893681313698725 -4.4156125443285905 7.192180754386055 24.315448508879836 -4.523614500775124 5.918584337311642 23.54545431277655 -4.008281096965631 6.656609336726897 24.863913082248526 -3.7931560594908493 7.174976184918183 25.740688220712602 -3.6659949743450446 7.524511262914961 26.49812829929842 -4.140100552273979 6.272841765571698 23.16893486395773 -3.6941644145952712 7.466087265223405 24.4980864958288 -3.8524938141577314 7.696450144728553 24.102634795795204 -4.155532550604434 7.548660854716863 23.723327754292153 -3.850572739028233 6.690155871103751 22.573764295996465 -3.549067627863811 7.897892464377541 23.602190716353004 -3.9037370774801206 7.988305399880171 23.232308016352984 -4.256227842247397 7.745316236044202 22.95189791403245 -3.695343991484019 7.103709300828277 21.913435920778284 -3.5397147704153844 8.164966698602145 22.91980119065577 -3.8503764302186947 8.224078273137444 22.723284397013376 -4.190597762282632 7.998720717698807 22.494468508239002 
-5.675934203825389 5.819250865544101 20.62590151160312 -5.5041948718899 5.700178890248071 21.947465370675513 -5.115169128518555 6.040957046851668 23.127949109855777 -4.776313399593166 6.548674598387171 23.87580325109877 -4.501213112569489 7.052388526656503 24.278089931017707 -4.4864113963344705 5.906273205345247 23.512956160915728 -4.002096038663976 6.671410110629997 24.861514173053838 -3.9386305313130405 7.254280488064755 25.800912658039877 -3.970065431085575 7.685224398886082 26.640815460746627 -4.094355746290188 6.248753766092948 23.12825303399021 -3.6891217761616852 7.481729232148948 24.473488644387526 -3.917386181529436 7.734532961607408 24.089303145505475 -4.251513082263625 7.5832558319743395 23.720882752003547 -3.8200627046575586 6.678448281303571 22.55806446026863 -3.56634886118205 7.927756056242303 23.612952498552538 -3.9403591021483773 8.023407842133162 23.235345983579744 -4.325392228074557 7.7995758873764895 22.97118430435981 -3.648901973585414 7.082998503678372 21.900700248013383 -3.54083956134722 8.202858327212516 22.916618210071103 -3.886160185314324 8.258279634673118 22.725362994438765 -4.240612386299928 8.02783644873363 22.508495045516444 
-5.6736814400487 5.751386993441212 20.643539095920296 -5.485816472244087 5.69122274093641 21.975697093539896 -5.0466654389004 6.076647651131202 23.144444181786515 -4.675059290481214 6.682085196650947 23.8949484241264 -4.388130051145899 7.3101202290029486 24.325824628288647 -4.554672002572866 5.907897062577337 23.55661485168042 -4.038141209700408 6.650199876987758 24.88371317765944 -3.8331765894015715 7.171722070985653 25.750819909942038 -3.7185482006255577 7.548131010152899 26.529474586635953 -4.146233753069145 6.240710894765144 23.166450238384712 -3.7257073798028357 7.46801263254444 24.51771349722417 -3.9290398192806153 7.729017911941663 24.129957387678623 -4.234822351699431 7.5835440446816875 23.743129231602712 -3.8485182979824217 6.67121968896789 22.58780490382182 -3.6092884960045417 7.933093374313228 23.64993593572052 -3.9768629356478695 8.035351212252912 23.261956404336484 -4.350444617992127 7.807396214903106 22.993338440545692 -3.6450255338081767 7.069828472153717 21.900688458435464 -3.596374874988792 8.204480084115033 22.950062346723904 -3.9371968025620214 8.276786298290764 22.76935133301946 -4.292497061359415 8.030744547289519 22.54621994384922 
-5.673378558897057 5.79880459796132 20.646457889144244 -5.49233939814823 5.698657984530289 21.990413450405136 -5.059940204924678 6.0573292791632545 23.15637287554808 -4.692582183659704 6.626648113670313 23.90424600563691 -4.442841552296882 7.212567242506629 24.324843254610244 -4.531980919405195 5.908006589761223 23.548838818885134 -4.021218276313517 6.644846943808793 24.862613133970438 -3.8065328751631338 7.163042430098942 25.739641873180304 -3.6998793593162453 7.52709224605904 26.521608715261976 -4.136218264357159 6.244133568964501 23.162845380589125 -3.6958370500538447 7.46039626106145 24.513484382881835 -3.866522953133774 7.710963184620693 24.128516332802757 -4.150958256338881 7.565390756429292 23.73469301404969 -3.846312308374132 6.67909127547806 22.59304492287372 -3.561184319830548 7.916414101135463 23.633027842128826 -3.933445338517232 8.021108562912058 23.261220540679258 -4.297634962516423 7.796676140135676 22.98966338102175 -3.6557208104934906 7.076231440996665 21.922940600301807 -3.5426144779348396 8.198078238381635 22.931248551246618 -3.885527067846227 8.265771047794093 22.765812491360236 -4.213450403068642 8.025403611058225 22.52715309029115 
-5.6515589437383 5.7709455760487165 20.630767168110005 -5.455899074768282 5.686974450293755 21.96146127852566 -5.010078622497665 6.066401177320411 23.133127650250938 -4.6313758744553075 6.690882422386599 23.899823420425445 -4.366702363374247 7.348125025822887 24.329683444489884 -4.509029833676147 5.90614853706492 23.520691920505715 -4.00433071980496 6.651351975734782 24.848676351089953 -3.8607488100353176 7.2071154560593085 25.753974645079925 -3.8036762219060947 7.597535414839265 26.57500381882109 -4.1122280660120465 6.2497899560464845 23.140740905806076 -3.7089835425767546 7.4777859433724645 24.503268793854907 -3.890450982195816 7.7188015237085175 24.08003417480707 -4.196892353334855 7.553441900876781 23.688696031333595 -3.837029658194519 6.679832754601597 22.570093463344723 -3.555450728188131 7.891660141887333 23.61177727218531 -3.898459631126705 7.989991961001064 23.223064065497503 -4.266528008643442 7.764658693368046 22.946760793256473 -3.6711469823877154 7.090057509011284 21.90706332418362 -3.5598188782880595 8.169970482569292 22.932955695448 -3.861001621501225 8.231799120293434 22.732637306642182 -4.1968138523497664 8.003938412399826 22.489042245867473 
-5.6659698958777955 5.782735989371204 20.65188550783757 -5.518977633769886 5.693951327988799 21.984825985986557 -5.115504466427931 6.053896030541884 23.174654797467717 -4.761234485883227 6.579610186621486 23.953231620746234 -4.474148619645794 7.100880004193858 24.38010354788276 -4.55857558878579 5.906942715466643 23.5515288886813 -4.04928864072269 6.644576706942518 24.8668123424634 -3.83796005127472 7.171213951928992 25.74558030714351 -3.7348044828405302 7.544213990093504 26.529497360927305 -4.148220897408114 6.247644074905419 23.166703009991274 -3.7067397771700925 7.470296199959766 24.5028472609824 -3.8761213924963345 7.691567998706507 24.069215363880826 -4.1802910121269665 7.5505997003844865 23.689926292755356 -3.8507213680366985 6.663350831695618 22.582568491098844 -3.5718146813177696 7.910254631753799 23.61645795124603 -3.9343926776159583 7.998783279373237 23.21436906265572 -4.319814425611287 7.801117488971943 22.962067704307206 -3.6622105996046574 7.067122309919194 21.912682186783904 -3.54760441185505 8.18155755843213 22.920306919292983 -3.877001742211546 8.245900527766782 22.716214578118056 -4.251019658763734 8.031442878718204 22.497593747540932 
-5.6724367541152745 5.789825448038661 20.665587948664367 -5.485559642984276 5.696612852532433 22.001998520523447 -5.043767007969232 6.050372334402859 23.158859634915185 -4.686046513605526 6.639617744164235 23.901426070495877 -4.402850987533494 7.254762836258566 24.32076087390338 -4.503096226744224 5.885130355083939 23.519697782786448 -4.041242710809055 6.6969602054451185 24.861327700788152 -4.026709742001362 7.334728210767393 25.8279298456857 -4.1261604000864285 7.790157428319073 26.7091869927445 -4.124320464194421 6.225801836597899 23.15341327730336 -3.7472781439268004 7.502204506273292 24.52418147473382 -3.960430108031417 7.759512254357155 24.139923559169524 -4.294759799115313 7.607706514363355 23.7704275603386 -3.8391436140083375 6.659810633676395 22.579024735721777 -3.618318987337719 7.946478234867582 23.645037698874887 -4.001877007184467 8.050906323092562 23.25526137948022 -4.4028618354753934 7.83220976476868 23.00899076247713 -3.6510828794233685 7.063596501495254 21.909496778665332 -3.5975347102308057 8.215346202881625 22.9558538710614 -3.9522950850093426 8.283033701130373 22.77327618906701 -4.304621700473413 8.05630858410311 22.540809825260453 
-5.673947929185552 5.795818745596426 20.665470637289708 -5.472251872197621 5.687124119012739 21.99885042710998 -5.005444995141805 6.0631645872042235 23.15866396442094 -4.625214789294942 6.6894453489886345 23.904288171157585 -4.342641993020021 7.340593492673711 24.314117221579174 -4.533914134946306 5.900046940503392 23.543428539545584 -4.04703167566075 6.680378645629522 24.885930110674373 -3.9408231132304117 7.249575871752008 25.794233515473817 -3.8960165894568806 7.645267225332101 26.608020907076114 -4.126209871179303 6.247557223048375 23.15924285247584 -3.7324410596571638 7.490495140473537 24.518987174360014 -3.9025441457842462 7.7102651340719355 24.099542161151845 -4.1845855371293075 7.540023169827801 23.720419828397823 -3.838911635381981 6.674457484931914 22.5843917455165 -3.577885151859741 7.919525852542167 23.63189415777876 -3.920088512142348 7.991086370197486 23.230814598736334 -4.276595537933288 7.749829865355521 22.965230559110758 -3.6507454906075676 7.078029857662349 21.914632433545453 -3.5443894502881226 8.193290512181411 22.94588672148207 -3.856546837754838 8.233243382647366 22.738080192678126 -4.186683621356213 7.988875041117538 22.51458329092116 
-5.680279193144605 5.772320255268663 20.662073509561317 -5.50058974578507 5.688847841290821 21.993347604423764 -5.0665410096190655 6.080303527068353 23.177619887250263 -4.701497578660418 6.686592929755516 23.960456447306935 -4.413182083588871 7.304646371687556 24.386937742118835 -4.529695673952986 5.89902061976333 23.528104767632243 -4.047049418373906 6.664629144033376 24.879666654776347 -3.92052411259374 7.2341102143089575 25.793889978784133 -3.85713499542833 7.639402605706691 26.590246699826118 -4.110238758967877 6.242862219858555 23.140489467824942 -3.715158841480262 7.487092830536104 24.51952903382365 -3.9086113301962517 7.73531243787868 24.121582716099102 -4.229693589633753 7.584022525588841 23.755068127583943 -3.813902570144908 6.672750379897703 22.563019728576283 -3.5903624954145084 7.936077380486222 23.62137449753466 -3.9662118597708447 8.038638649955546 23.243394538383402 -4.357297026662457 7.819827113108799 22.97343188093733 -3.6266734101945066 7.075945485083733 21.894341802363105 -3.560566151038729 8.223160146267281 22.935362782454416 -3.905660755874316 8.293700197232296 22.749467788298848 -4.275958181136244 8.064995583335612 22.530341999718637 
-5.6412767040002905 5.765116023018435 20.647387123211164 -5.510527529473437 5.681575205608203 22.016101931944167 -5.115722260838692 6.05183782760873 23.21573924814068 -4.76039815627444 6.566708690055751 23.988909718693456 -4.476724086536294 7.05172228489354 24.413971093605447 -4.525848743809988 5.912602921066297 23.56045465326638 -4.035490856005332 6.628949209708717 24.89820412108615 -3.790132566073762 7.120420219775095 25.742038821188086 -3.632948848568954 7.4807840546999955 26.50023392154652 -4.118199396322003 6.245237444328176 23.170300351318886 -3.6930186276124064 7.439702497396215 24.528035735635367 -3.835737881677715 7.677557072467386 24.097503884533193 -4.125138165682497 7.545592337729613 23.726369067674113 -3.8196062652353846 6.668770749685485 22.591728019159454 -3.5705502568277447 7.900938922280396 23.651748200958338 -3.9358246542407844 8.012732139619244 23.255617750138143 -4.30812571145901 7.800710598971834 22.97883744992473 -3.6411155732455653 7.083962693889117 21.930517592903588 -3.5379935789367014 8.19934108281888 22.93662029179642 -3.8808062115403494 8.263447969696232 22.736523041043668 -4.24559890264833 8.051724183879182 22.514365428727235 
-5.644294966494658 5.777091253328426 20.647148849357603 -5.49399113845296 5.7012053116712655 22.01021325843761 -5.084627329936908 6.077115237655995 23.21068623380439 -4.743021309801425 6.618659258546964 23.993536598627415 -4.4717464783576615 7.135337489903439 24.435699124432464 -4.538183605233551 5.916056494109862 23.56451507575459 -4.0314711170679445 6.6394281215493605 24.889191150871557 -3.826236285878915 7.160639706665268 25.756042060670893 -3.755047740000704 7.542140691122488 26.546868608580812 -4.130200589065399 6.248747801340831 23.17416314512654 -3.698082494466463 7.467889882470939 24.513909043868775 -3.8692549700857803 7.715350550477155 24.107767174543756 -4.188295034549811 7.601094298723907 23.738698688998962 -3.831185484828172 6.672315671545434 22.595280424934536 -3.5672523589101006 7.9256943630205186 23.648474423265462 -3.9418584751455557 8.049390887623435 23.261810448436464 -4.344073418155689 7.8537669731965 23.007574824976977 -3.62621463810656 7.078811287320464 21.913382557090525 -3.5345416768292948 8.211487514563933 22.947768866707854 -3.882554087187754 8.285632211766535 22.742137581269443 -4.2608698332450325 8.084389154351435 22.523421270548766 
-5.664324429759164 5.762881941041663 20.6471694880257 -5.493627865491141 5.672392212936534 21.99965824766345 -5.073052855262577 6.048174850427122 23.175040755478676 -4.710150255620019 6.618916997840791 23.939448671866998 -4.454104309653961 7.210179975315406 24.37250269225773 -4.542290163133338 5.88946993681532 23.546812067600907 -4.04482724924348 6.6570865310643885 24.879112139885684 -3.947272129593101 7.242831288973472 25.80511748541703 -3.956243793336329 7.663606601661265 26.62750763195597 -4.138226925028517 6.238384308721165 23.17751593411623 -3.6975097128497927 7.454696908508699 24.528890130795908 -3.8667494438999044 7.695236463422437 24.122463549314393 -4.171853447983934 7.57016966241954 23.74899663420033 -3.8349645869912368 6.660892111484908 22.584123276226453 -3.5749133273017675 7.91540055685994 23.65222746870104 -3.9218392990239184 8.001577271164402 23.25150700490473 -4.299849993929703 7.788291415728272 22.984091246773417 -3.65799855359939 7.068381793879913 21.917805688454575 -3.555987834123954 8.197370342897942 22.949696133183046 -3.8784156182358966 8.260279407990765 22.756683263366842 -4.219667365079617 8.030619529289933 22.52171046723813 
-5.6733532816490655 5.7821119762545665 20.634202838289855 -5.522380678140751 5.683153620212415 21.97310539578848 -5.133357841271173 6.0377881213980755 23.16095169056575 -4.801282957665062 6.541168507984163 23.94174120026526 -4.517784270881595 7.032525561660849 24.394018698799997 -4.531672104208731 5.906028008996203 23.528435596124364 -4.040385242624817 6.642003642516267 24.878003903496104 -3.8129104832538903 7.156303731207608 25.750448199102788 -3.711344596648121 7.536756641589623 26.534481575418024 -4.128209615151647 6.241810388052837 23.173906977011136 -3.716844736000197 7.4814097544201354 24.534953501318064 -3.910305864774852 7.745678137281618 24.143018461058514 -4.24963994195682 7.621425984209777 23.759892137320712 -3.8176292823410782 6.661983921398242 22.59159068434507 -3.5934931141330795 7.941270762823918 23.657181997529065 -3.9796402653840666 8.068763101256204 23.273864955134815 -4.38705297564272 7.867446032572677 23.00755102899708 -3.626557726313821 7.064383516050222 21.908250090248202 -3.5482603943078956 8.222580076695749 22.951687152726972 -3.9252318316561716 8.317687790775866 22.78834111217685 -4.3047288592882085 8.127507345383854 22.568787347688684 
-5.673938868108343 5.787458941735581 20.659336580496117 -5.530413779423745 5.6825983272118 21.982615544013406 -5.143388713980171 6.02950469445202 23.16551249392714 -4.798601767194654 6.54220974149824 23.926780090908437 -4.523793026890788 7.044376910437908 24.351660193971586 -4.5465650603324645 5.9054720870056245 23.567906056909607 -4.033672553128566 6.650853581748898 24.88887284138528 -3.8331188556117266 7.188013006511408 25.75746550850563 -3.7484669650962807 7.565646989389325 26.542674612545795 -4.144217377376971 6.246511000277369 23.19271049062439 -3.707648744677563 7.4672098189933935 24.53941324902287 -3.8915447531073344 7.703641593110547 24.131481235512318 -4.208768100500298 7.5792515314574445 23.74074112549075 -3.8446525881973534 6.670475631354033 22.613149624947866 -3.58258487623368 7.905109196482258 23.65598428281229 -3.947713254222382 8.01682246161867 23.25958254399941 -4.357474064324843 7.823382008217447 22.99400577495559 -3.656374825129137 7.074668601957948 21.942531149293366 -3.5401467414008785 8.179282042362367 22.945673065567696 -3.8882287149659382 8.25366052357454 22.74007217407495 -4.271831741948983 8.047593962909307 22.51006332403202 
-5.671498249880652 5.780824391079614 20.684734957764306 -5.536988751231651 5.686148180367668 22.017118453931865 -5.138626702496639 6.021475428699092 23.192219457386212 -4.818518726267885 6.515407546478004 23.94973170524124 -4.524714728710764 6.96478117937328 24.357251662773564 -4.4847136461261226 5.913872308368004 23.560221826923154 -3.9966774004405887 6.632782080536335 24.88954638134291 -3.718735498066348 7.115495867779296 25.72593407815447 -3.5297393545498434 7.45720394179703 26.468500776427828 -4.0901427623263436 6.237080762058506 23.18853132843687 -3.678274603305764 7.471360483743943 24.5417525615337 -3.847995370164064 7.711861460889868 24.135474677814617 -4.163641993816807 7.596075689318575 23.75118553703432 -3.8005226257937283 6.64844058909354 22.593685777438992 -3.561297614111559 7.9308156593884345 23.659699950751758 -3.9439633650269195 8.056463027155008 23.26195834849254 -4.3631882288852735 7.874918932980249 23.005695098880228 -3.6344318212458226 7.0531657954488365 21.93098786318305 -3.529339438055847 8.201364448522243 22.953231814860374 -3.900006283695484 8.302668439842773 22.780907191561333 -4.291410081095233 8.101550714691436 22.559700183339476 
-5.647303205592211 5.760126704285536 20.699224971360373 -5.516883138511001 5.6745903087479705 22.025563615026584 -5.1188838830879515 6.030740402513943 23.205704953844176 -4.808309556946439 6.547367485026538 23.979642880876874 -4.5374372486844186 7.040714279167763 24.415056584659357 -4.530365883781008 5.915610381339 23.596240881472518 -4.017642359466341 6.611894292640588 24.913422797984584 -3.701362180449675 7.074921666513046 25.750138042820797 -3.480252209804116 7.404208927152909 26.462933057725497 -4.114047117119142 6.246239791405748 23.216290921075366 -3.679036009336372 7.424823537073675 24.559366861561983 -3.818468225691138 7.6759338335469085 24.14078534229871 -4.118862334663501 7.581735500661657 23.749713530865165 -3.790405882236556 6.6419319521513955 22.623923301760364 -3.5744413903443113 7.902976587701187 23.666968392268114 -3.9915271020277814 8.06089042148718 23.29271510922306 -4.4232904846421075 7.905261210027636 23.03068715188617 -3.5912143949902835 7.036873725594487 21.95114366540213 -3.525088128015051 8.187344817518989 22.95301134119184 -3.9065292451091835 8.308128861979718 22.775514218647487 -4.298428763839461 8.132329196212005 22.565639968818093 
-5.646808413266561 5.764770660263885 20.74970272952828 -5.505055067532866 5.657124641549268 22.017189417469975 -5.1394786168220605 5.956649811068431 23.212688859736783 -4.824352512227672 6.417111225641392 23.994686286552973 -4.53151145569853 6.8627790114773 24.422473183087597 -4.538710892554218 5.887664741674362 23.615458045877308 -4.014425738921521 6.62020020811333 24.962659864024662 -3.712913013288493 7.095934592227023 25.806863470466507 -3.4941203515695274 7.417641154110671 26.515259182639767 -4.12009548945402 6.211932155078744 23.275740265575255 -3.7027000096041185 7.438386933374147 24.611380923288017 -3.8422741014467334 7.660082006493148 24.15847351515 -4.116510052993295 7.532368806542542 23.731295298488273 -3.786568066836692 6.600138067201719 22.69241478997322 -3.575523397949764 7.8573287881151455 23.705594881754756 -3.9556060210789044 7.9672958716885836 23.287172688830182 -4.339918889054742 7.786824791698843 23.004810956757833 -3.5802932921914854 7.009670772761196 22.033971765523987 -3.5423585454224717 8.161712033443836 22.995189738923774 -3.887917343788739 8.245850560014306 22.77496819674706 -4.235278138895465 8.051895461304952 22.545488804760637 
-5.623495140742443 5.753070873650771 20.74497438498847 -5.4006135586962305 5.644073221590327 21.994724791849436 -4.994840968846086 5.982568530692303 23.19007638631282 -4.683234786483579 6.552999440543667 24.048988475189567 -4.466692020450242 7.153068917189543 24.58267314878928 -4.528813678414742 5.865117376111303 23.641081293555875 -4.031408974258999 6.625553418299624 24.98389234302152 -3.709587171935136 7.0900490356162775 25.82807581605828 -3.436878471014149 7.403132749230304 26.53522649872023 -4.104089473488163 6.166832454807814 23.28006452156513 -3.725906750634993 7.422035440426134 24.63605907439158 -3.838298534984216 7.672522713446371 24.17025618652481 -4.1376258022705725 7.5793391700544 23.76379221853028 -3.7613703049508342 6.559287213983487 22.69378263198742 -3.6080590003218274 7.896598995900253 23.756721836273236 -4.026145015347254 8.06504170184971 23.325462478084315 -4.483812199782547 7.939337010165513 23.07650736249071 -3.5252246962702327 6.93703733826298 22.016138197591626 -3.5307516800825898 8.160125675026466 23.03185925855353 -3.9027055096806955 8.267443601633609 22.784500644377285 -4.290441699610263 8.105084054432377 22.565529490527382 
-5.602768486168401 5.756505483646277 20.721021966142114 -5.46383787970357 5.682548241887447 21.990653567123044 -5.080180412194318 5.978656388730604 23.16442766364431 -4.7491631471314175 6.480107676065892 23.964171977651723 -4.432386102273525 6.976235597752603 24.427833314649327 -4.528762714583911 5.85011942940772 23.63530542556996 -4.0376864223647235 6.622597940705062 24.993531274239853 -3.6983967563199935 7.09724127271268 25.82249905949085 -3.432767882880017 7.404784428325769 26.517545533410026 -4.1242848644795025 6.14290047446276 23.30273466785637 -3.6953774341764545 7.402534006396933 24.625078344230268 -3.7790705430131966 7.644702056793523 24.114254923676757 -4.047865451978431 7.538572765482883 23.705903822552084 -3.798340767972941 6.535536989886613 22.748019102277418 -3.545173401244265 7.811763055965947 23.690459134242627 -3.936015493712843 7.986088409253781 23.258637392747016 -4.373396772791854 7.857796236552833 22.99736232777192 -3.563030642045481 6.921344531271995 22.068225385573932 -3.5034074742841734 8.064109325772149 22.94094236283767 -3.8517302341959483 8.18623830476854 22.671906314925614 -4.231475257821827 8.031019387490199 22.44421385753725 
-5.642025176764859 5.68953788501301 20.687617012242413 -5.42055285015869 5.648003259660225 21.923591854635976 -5.002828681256763 5.929606441274149 23.055621179139486 -4.701453619794173 6.502040512451526 23.82083743973517 -4.4487574054857495 7.140398606486585 24.258521578730964 -4.6116102549900635 5.860227008598236 23.663387583008237 -4.1333442917592835 6.606444239898671 25.003842679506583 -3.781893564624838 7.0840944831436685 25.81456441563883 -3.523496841476608 7.408641137897136 26.513525153335443 -4.188908007970702 6.1360620457531745 23.325277846326195 -4.063762617533464 7.528062799688658 24.685754130948713 -4.276563968860774 7.783449054539595 24.203661469007738 -4.620070835740783 7.654074977676115 23.801781785970494 -3.8585390964707535 6.522625916574688 22.769050739977985 -3.8886463970109695 7.886724673530169 23.76590138799539 -4.282356937750019 8.014799883477595 23.29721564675768 -4.693049783583401 7.875061780016266 23.022676475452677 -3.596148552254532 6.895574050332706 22.081061436784033 -3.6860908126438363 8.066779145585304 22.94435997531786 -4.003679580766747 8.136774025891198 22.619238348110855 -4.35488192883867 7.980756853673759 22.373723029575142 
-5.559293799055475 5.564985747843898 20.58115486971764 -5.338527206142862 5.523070014268768 21.773752094033693 -4.960012922184907 5.883553931769015 22.90792200658543 -4.730153237310613 6.516706723404201 23.7168881373369 -4.583641643131313 7.157076046989432 24.243874395248575 -4.607362675554508 5.894063356710469 23.616291020775893 -4.148977661101206 6.659565601962251 24.99832371914201 -3.779329874283534 7.079894834871312 25.81326257619917 -3.4948113300894565 7.371526816102636 26.509154542314505 -4.202924503671397 6.161642979364759 23.25286436323613 -3.9869133699339603 7.473246772352506 23.8872626816334 -4.236741173630833 7.562494474746327 23.334999340242277 -4.572033524770567 7.360097372567344 23.055405018881448 -3.8717660623051406 6.501710338231282 22.648957850015602 -3.8697180625942718 7.720781811234565 22.988625476345124 -4.28526196005401 7.730750898964722 22.556191689832335 -4.662206964562304 7.536974107322391 22.380638485277466 -3.6368965332492604 6.850973832608852 21.994021723374708 -3.693120210119411 7.923533410032421 22.359676582779002 -4.01869470098735 7.855977940671946 21.991211370835465 -4.338220196389473 7.639167353715267 21.823645929736042 
-5.524212445906288 5.524396660488289 20.528759809605297 -5.364431521336509 5.536712860409484 21.78122015480814 -4.977834639621573 5.847954565420085 22.871224955809698 -4.741723591817106 6.432373192127245 23.672487359985595 -4.556560586459727 7.0357882744645055 24.177640999479085 -4.57907515627475 5.905058411311316 23.63954778909629 -4.129502368304349 6.69405581130616 24.99551567941768 -3.790284926140509 7.121504942041096 25.838837257404784 -3.539650898705565 7.421470752060069 26.520572714879666 -4.219055697769642 6.168395772923061 23.29191315630752 -3.880866815321473 7.402302199853324 23.684574537546467 -4.1204655943322805 7.4793293602800075 23.127814965761644 -4.461533187589547 7.299306234760477 22.865169122668295 -3.896953900535667 6.503249318274368 22.670458081905025 -3.762555110323548 7.624300087655403 22.796293168204095 -4.1903589486780035 7.65877710598837 22.3961257518842 -4.574317248480378 7.493084753242206 22.23541113969531 -3.648082115062185 6.854453601397998 21.99724943970851 -3.6025782025414923 7.8265720212347665 22.17870739250474 -3.9334284372411203 7.781832378089879 21.85195748499198 -4.26409045317917 7.594542429994601 21.71297147013344 
-5.516535798487112 5.250443299384634 20.59334299806356 -5.329454656273021 5.353506896655433 21.797850713951423 -5.067404883537155 5.789366528606215 22.979817409716848 -4.965412042545904 6.477534791322968 23.918724360782925 -4.899630422707989 7.103212626800419 24.510100348257264 -4.543910587384712 5.91191674968422 23.676521796915676 -4.138007146007493 6.7383087594609865 25.026340268049132 -3.78155651446441 7.149270178809062 25.841280740873568 -3.44743488765904 7.415290018074904 26.462251251109553 -4.158408917468051 6.163390955861306 23.340025144419762 -4.066964776506309 7.488393166081569 23.542898771007224 -4.3861549139374505 7.52917561751635 22.980535047496424 -4.76315953518364 7.327993732014355 22.743434823089867 -3.9285297749760897 6.509055750062089 22.747495270103848 -4.110127637307789 7.768402582320976 22.759182781243016 -4.604214347974283 7.765457101441731 22.37848305429182 -4.991813322103583 7.546162322681992 22.240276992686272 -3.7901074827556744 6.860458779107424 22.09343768315718 -4.088140729432778 7.935547619081608 22.219617459418075 -4.411750212968605 7.824632981738885 21.89133975252044 -4.65955949123211 7.556363146034829 21.72447564241037 
-5.469267695044861 5.172107139802634 20.521942166512954 -5.187203701006415 5.228449980852408 21.691862324983695 -4.891247039852026 5.6602107889951645 22.796596318622488 -4.718678581093761 6.299006596547922 23.475829028760092 -4.587957241032758 6.912815539962376 23.729525635480968 -4.452567553003239 5.88273256283929 23.591468284532414 -4.10823400945382 6.726688019712383 24.978435410300452 -3.791151472615445 7.119425093351037 25.816801926850747 -3.4698472473108435 7.391558703389088 26.465935635822326 -4.108056528351339 6.167974043134409 23.295046861456065 -4.104026764094629 7.425044314165872 23.504983805804546 -4.502834751094125 7.4698030510498805 22.969086374646437 -4.939607504961654 7.294570777903226 22.775819306888728 -3.9245096735270164 6.534725652139409 22.72412638733277 -4.239007652067841 7.737033561836524 22.750860133127155 -4.82481576647982 7.743111546432469 22.38950041667819 -5.273863751633897 7.562950010786496 22.271571661447517 -3.797578623910149 6.885882261616479 22.054596839344654 -4.106513999914002 7.971416035690516 22.162752126319123 -4.442883905703956 7.831217819051518 21.807107969043393 -4.714356101792694 7.556368459671188 21.64131457195633 
-5.457595757282977 5.1100287927288575 20.502472848157094 -5.181714479050422 5.167365326684217 21.67644370469997 -4.893098131070909 5.5883915627541265 22.761294290858153 -4.691137352590895 6.177652664604206 23.376234065339446 -4.5140854070279275 6.717069114143754 23.56154247263494 -4.429751324746671 5.910858154004258 23.574769566544944 -4.230203534590793 6.807833516145788 25.016020693801806 -3.921852018281161 7.221043647058592 25.861855487667984 -3.6685767078359652 7.515328064424425 26.530482019954224 -4.079783727157132 6.200192948710016 23.289986423328248 -4.348409119298261 7.625372338705556 23.49423446155998 -4.891337574928458 7.739637952796301 22.989575585786312 -5.4463011509261525 7.627201612568257 22.810527458153707 -3.875739023803477 6.540797936666745 22.70071255168458 -4.3946995757779765 7.8260483092281286 22.707180347725743 -5.013054111265681 7.8186713220996165 22.334432705483422 -5.499800242707657 7.642549823650704 22.211704093259023 -3.7225155099772596 6.85025235198252 22.02100516688744 -4.164320162526048 7.945965992394192 22.1033263536451 -4.553496041944704 7.8138249624711085 21.756748008778658 -4.8404448960695134 7.548735121843563 21.58098414241671 
-5.442075233622292 5.0625784028024015 20.491061314225497 -5.16344344640602 5.162399512234872 21.684877841471067 -4.900191460256084 5.632318988261444 22.746323396611302 -4.68466160349128 6.233862804231182 23.279356379534075 -4.50767224441859 6.790562703382374 23.365747472262157 -4.431386725753567 5.928956752084855 23.540150009694813 -4.180862535563153 6.782972388367961 24.946178641889304 -3.8249067082062775 7.141358150162887 25.76280162573412 -3.497007184569318 7.409614843370624 26.40099205553945 -4.094053476902322 6.221370749040409 23.259764944678043 -4.362158657368789 7.588279474211209 23.438710592880483 -4.904723234342958 7.700396128051754 22.955033616339215 -5.479058471204692 7.604062728830149 22.815825362888646 -3.911320844203534 6.558814757391933 22.658131669128235 -4.453188357632704 7.826741965055136 22.699125902381187 -5.103467972070687 7.815054925534173 22.356047329014608 -5.62188772760157 7.633502522317495 22.263435993367334 -3.7770767505500475 6.88166266772263 21.990076958522508 -4.250512506727081 7.95550563093307 22.089866027722522 -4.656511724761597 7.823639383131562 21.7736326989501 -4.9955097043983265 7.569243268322031 21.637536367618026 
-5.458696293324053 5.044793604602872 20.49746816809597 -5.234581072303066 5.159830004843473 21.711487124428256 -4.984785904151516 5.656700953333135 22.791074592855587 -4.753075024471024 6.208683952254763 23.331491946800405 -4.5214376330987776 6.672801090967045 23.39956886995956 -4.526300519522826 5.957281450645436 23.619752419930766 -4.208565350847393 6.771279542566496 24.98719354198456 -3.765970858449632 7.110257093499103 25.760954145936896 -3.405526111266351 7.365975896570816 26.36794253825038 -4.180353889581968 6.257262804834798 23.32773244877345 -4.4791760309479205 7.57477191024047 23.48822850826359 -5.015279681672672 7.666968463992989 22.98691957827714 -5.605477169818525 7.565394003656704 22.845313196741188 -3.9984519345971643 6.596524176770948 22.73734092973292 -4.581742131669367 7.805671653936758 22.736774736631304 -5.208977078978413 7.773054347908678 22.358286250038148 -5.726034611817665 7.60854414016594 22.276450979543498 -3.8741574835173074 6.929889856800734 22.06847352316939 -4.381340336514114 7.97022627967831 22.143955780473142 -4.799392277678679 7.82163379903401 21.777378690734814 -5.133491640160423 7.5812819089565595 21.610636311630085 
-5.441788364472148 5.035569489050614 20.481721315670935 -5.171490911227726 5.152581189932987 21.68761252966383 -4.9163348498872015 5.668103071961569 22.754361439208726 -4.704737052232995 6.244154548555847 23.270833709412805 -4.513048081996941 6.757351748709526 23.32138636140091 -4.4725108663461 5.95535608585039 23.573380818308582 -4.252354732491473 6.796353710937522 24.981735223670405 -3.839884802656512 7.139449157119756 25.78448037594301 -3.517019000264131 7.407511637520901 26.418131953786908 -4.136012817414311 6.2570979282582835 23.312505357184595 -4.532118620394308 7.605060607295399 23.504850608349233 -5.086387499401209 7.717597423591861 22.999823031994907 -5.6904057239517565 7.641255298633102 22.8666549741018 -3.9712522419525773 6.600941947255984 22.74140932910742 -4.605840666304962 7.817244102781578 22.764644921606756 -5.213311810942324 7.780816520535277 22.373063710165624 -5.73274753659816 7.623083471697461 22.291174186328355 -3.859413731999004 6.926007285573848 22.09023277460878 -4.3983738822084275 7.957971200924863 22.15070643204943 -4.80901596471485 7.803946477751646 21.77521857754935 -5.167585608124762 7.583978936086789 21.640020943636998 
-5.458696293324053 5.044793604602872 20.49746816809597 -5.197306382002329 5.1666844191494645 21.712683201055757 -4.944548902119208 5.660815388515753 22.770928258509837 -4.722312632961979 6.20855811700004 23.313834218094637 -4.513057959203668 6.672548624778254 23.389594083232474 -4.480685844323834 5.970484827020754 23.58940757998277 -4.215226142112848 6.778116896022949 24.982460430774623 -3.783253484537092 7.1162149898606035 25.783299115494152 -3.442790334898145 7.370179472370823 26.40817802360138 -4.130048628737764 6.259620596850352 23.303789219414586 -4.533995168271763 7.6276988229819995 23.51094248114815 -5.077509999640126 7.748291801537413 23.001751241472647 -5.665752888979354 7.663265404673553 22.8430982060684 -3.9773637198566423 6.606690157608141 22.73648397928624 -4.616191760247818 7.844296678790551 22.738323923062623 -5.223559956196061 7.811038552141052 22.36691568865229 -5.73388110282443 7.6379222520722205 22.269733692497816 -3.8687214830642365 6.934574867528936 22.079395549173995 -4.401796290428786 7.967334901397499 22.130540221097338 -4.818297286009618 7.816041323755991 21.78372028053048 -5.135963054710799 7.567716928126114 21.619497237459885 
-5.466557838705454 5.08843025561418 20.475410664093598 -5.197242431690315 5.215789253383133 21.688063393745786 -4.908454561113308 5.682932285213022 22.7499031792888 -4.66625979915981 6.226743517923493 23.25896126633479 -4.467063456558263 6.73968881887378 23.341216954641443 -4.466372015621872 5.962257083387867 23.56345755589564 -4.260964790750709 6.8011573963584375 24.992050007728253 -3.855612229607393 7.151708866801351 25.79080215615419 -3.5578786955249675 7.421352694666558 26.436497098422485 -4.148184190284485 6.258488645873956 23.296353514561943 -4.562877036945033 7.653338814218478 23.54058143981755 -5.116044978438884 7.808121189528516 23.030770692748728 -5.71006510534188 7.7583420868278745 22.87774053456354 -3.9829660319287488 6.616737022830233 22.730758885064485 -4.585933775106355 7.838326997123268 22.763115405723727 -5.1871349129917625 7.833099067132316 22.373944616874834 -5.7209253239711915 7.700445165593848 22.274050594856185 -3.8706530720658128 6.941200622904506 22.07943712784285 -4.33946044372927 7.983220601496114 22.136097336679605 -4.735087112404802 7.86261154561634 21.76044455119665 -5.09010269650081 7.661961996665601 21.616650043515254 
-5.4855005705907045 5.096087986990266 20.55448760872209 -5.219265765472358 5.236351947730011 21.743853518920936 -4.939639156591342 5.7138173935252095 22.797625518669513 -4.719494864899497 6.287020881003919 23.30686322727517 -4.536131334112891 6.804123130042071 23.388320430893792 -4.493355511416782 6.006011715907047 23.625461384931064 -4.267161569695539 6.82836214900257 25.037015610172574 -3.852304815651764 7.178587690853782 25.82555787576336 -3.5202336431151138 7.446010984407991 26.448613767045394 -4.152040494641823 6.289521047461428 23.32265429292627 -4.594956132455545 7.679176000897627 23.54326311648205 -5.165692733369714 7.8207091494665155 23.039719259963626 -5.777222039058808 7.7610891924958665 22.899341372345713 -3.9829660319287488 6.616737022830233 22.730758885064485 -4.616548751872534 7.863378584509246 22.764647528765416 -5.243732512351672 7.876126184844829 22.402104865903304 -5.783458260210477 7.729904258012476 22.31135271851576 -3.8442387704712524 6.93263967067821 22.058800950669934 -4.3073472062002995 7.978399628646177 22.12618404601132 -4.704068935787106 7.862134679319409 21.771087387888933 -5.062551372638573 7.657445944401704 21.642186294765 
-5.4772810463718145 5.073494449873805 20.51785425123837 -5.172958187068838 5.168672657669365 21.711813417754495 -4.887955837263585 5.67289735663641 22.777490701619925 -4.687758521007989 6.265066968821989 23.325232684513303 -4.540448761818994 6.820859265858117 23.409448218145556 -4.480685844323834 5.970484827020754 23.58940757998277 -4.236619354978952 6.8009899148387385 25.026553522416485 -3.81224901252115 7.149133838301721 25.801936440932614 -3.493126371252714 7.420112474107897 26.429412081623987 -4.150118451649285 6.280373647216996 23.302261588653597 -4.550623415593366 7.649279365310352 23.53648670709274 -5.116086648603999 7.792585809619065 23.024936762522255 -5.741341624623167 7.759379927468434 22.894776604358466 -3.974916835055152 6.628671922477561 22.706996738341186 -4.595789832744309 7.8354399510402715 22.766716719460568 -5.205651623446742 7.845691296436049 22.392298746909063 -5.76039855087413 7.731842993188358 22.310809835734037 -3.8455186908592793 6.940884093441953 22.0389772276546 -4.3264700416312705 7.957768171523511 22.127461758922355 -4.737913374125578 7.858269891279501 21.77495676707778 -5.112891368195574 7.661228007590858 21.643106018514747 
-5.532512412505343 5.057124793927153 20.5135429729275 -5.315347519775861 5.236130484757565 21.75233655541149 -5.028377170040821 5.744292669470782 22.796294055516334 -4.7833661950707125 6.333274618880594 23.29048905894028 -4.555608989662166 6.84304437128911 23.28811994361372 -4.5715864419326495 5.985169153080517 23.626515138992506 -4.345838193790794 6.834594572110178 25.03922149490781 -3.913132351660162 7.187182589932115 25.83686982579862 -3.5889191241812113 7.449027560069861 26.472892678274885 -4.226731402972831 6.277197411411969 23.328742442418196 -4.654865578302076 7.703077506754963 23.56978840926872 -5.189687403767393 7.835792072858034 23.074546188098296 -5.770446318537309 7.741176141680013 22.926992755923322 -4.041262160065595 6.621535123046295 22.722890779655824 -4.688168622591073 7.897167101986491 22.792325542527866 -5.261009113161048 7.869274271660685 22.394062358079594 -5.788687081427009 7.701369719445651 22.315273585396366 -3.9023051880367654 6.929370152721882 22.044781500227646 -4.3908814884013205 8.003407361488208 22.143687252951683 -4.769789020666817 7.862810210843385 21.78424541235246 -5.111828536048799 7.619947628244325 21.64686875640869 
-5.56051782491846 5.073745758094973 20.5565392696407 -5.285833297530576 5.232466740946774 21.738694309881943 -5.010383287585287 5.740947656462205 22.805767927953333 -4.7825522898098844 6.337121526378074 23.33907922075466 -4.6056610374795195 6.89476224979034 23.447991202772947 -4.550818164409148 5.974968612923718 23.63486493186777 -4.2844664369059196 6.802064935028282 25.04568728092385 -3.8406247088716143 7.151604659792362 25.829315438161252 -3.4833183502228717 7.41723354352479 26.440390435008712 -4.204683181250261 6.257938464589189 23.316449030962737 -4.613557875967961 7.673257601521899 23.53593954417962 -5.179058714479841 7.85324649758118 23.0342369681357 -5.798496639248571 7.817012065786727 22.88744971852223 -4.018536901195051 6.595399125783182 22.711039793760044 -4.650943988664027 7.863157645792734 22.775692516116482 -5.246247169610666 7.877086397950443 22.402286660585514 -5.785597310340943 7.730527092380866 22.311667442314306 -3.8767652830560286 6.916361607051507 22.024845701803905 -4.37561702892747 7.963410461232568 22.155387388787457 -4.782953179857411 7.865158648376156 21.80760249256977 -5.134969839798815 7.651183418760978 21.663848929646818 
-5.543068720421859 5.059220710538926 20.54232548726239 -5.302978599643314 5.210059648269531 21.765071906540907 -5.028825593714396 5.72716931110054 22.812231632629892 -4.796711157959092 6.322045595550714 23.330778905152286 -4.608834231325177 6.869519044218872 23.408890033683427 -4.567391799867322 5.981803216712315 23.632736894379697 -4.278028544037541 6.79300958663159 25.028748396788266 -3.807608655281047 7.117039964461448 25.793860579347154 -3.451289033084643 7.375055528708992 26.419520823823472 -4.220747627062779 6.2669182936610115 23.334503104329237 -4.643265194208211 7.671163456145787 23.574987726726786 -5.228518350906611 7.833488762778746 23.080301683338163 -5.863564267086612 7.799421797908839 22.95932181704201 -4.031874026054905 6.59535483008162 22.70858235941832 -4.670880792498442 7.842052818243519 22.777215048491122 -5.298308982300918 7.863903958453502 22.419628286010067 -5.856594593267998 7.731524770878846 22.326134893877327 -3.886341292365025 6.898756476175557 22.02285465915381 -4.385076189104398 7.960584182189799 22.15873250213086 -4.805627697678791 7.85759555807856 21.80841835669299 -5.17411423510401 7.651369465559122 21.66179917280788 
-5.574297193046515 5.088249899415623 20.55870979256381 -5.347923831426591 5.2617056601144405 21.772865623204925 -5.046519012053318 5.765285576640022 22.821950261727626 -4.800640979599324 6.36151429729057 23.343756661615007 -4.60107676452419 6.901013386362459 23.41832446493416 -4.573641783580742 5.989929369880436 23.648513096989255 -4.2822508004040545 6.794479597381634 25.045141245781924 -3.8383397341901437 7.127382851478549 25.82192083253103 -3.4809734939889916 7.39244506306365 26.4326242333646 -4.2147159087435275 6.269408292635583 23.32575150264778 -4.60803020842317 7.662640888867687 23.541634710191403 -5.145218549678189 7.787032803813752 23.042058102903045 -5.742714308232256 7.698542610593608 22.914227129855853 -4.045732760412565 6.6185749148322115 22.738304087574274 -4.66663067517346 7.880745520427412 22.77938643673228 -5.26129274352003 7.845806577929314 22.40952814597067 -5.799309539147099 7.674939472862133 22.334442626733566 -3.9009947946036068 6.932775988866996 22.050584975990095 -4.4038471372425665 8.00600988515023 22.167256177143475 -4.798898082862304 7.870984327462808 21.825147283769578 -5.145850533469235 7.637567811598472 21.68165452582271 
-5.551389613701001 5.090640223173965 20.558870932241405 -5.271140793669125 5.240888724166044 21.764958024785397 -4.957528978125691 5.7418502296230605 22.80051155073901 -4.720523950842978 6.328356783946233 23.2756012853263 -4.531294415499874 6.858241275163182 23.306037636762145 -4.559265027257292 5.979396136276107 23.644056900475793 -4.271387355680565 6.782089099821442 25.034237936520167 -3.8273954471369347 7.1146189608262596 25.8102933205152 -3.4776810571055177 7.366221309765425 26.447699004074433 -4.220830057937694 6.2626743825355256 23.335472422593202 -4.624763944916887 7.684301457362034 23.56727640160108 -5.183357976570505 7.8213133930828995 23.059228588180257 -5.798685784921409 7.7566880123544175 22.934734613505185 -4.036163953771766 6.607124722168581 22.729421793966956 -4.679220444505037 7.873141119895256 22.798055074463186 -5.2679718772921955 7.847470741686113 22.39782633690505 -5.7991143791559 7.692560129194264 22.319013644510996 -3.9090199501378255 6.933068856625819 22.059606310061838 -4.395577642835784 7.9905500062545824 22.15280778618953 -4.809264861820768 7.8705714613371835 21.80821640333566 -5.178973701123728 7.668311634523994 21.681622188623532 
-5.5527102676925155 5.083013538042624 20.5540962702922 -5.292790512476607 5.258584160433958 21.756662985700903 -4.992685796938954 5.763987184916039 22.796615352815525 -4.7404915311908615 6.359627939660716 23.280444156409015 -4.545167177505821 6.907102692290093 23.30743516969994 -4.575848380224976 5.986244998076296 23.641940516159647 -4.24770389915977 6.767545166722488 24.99592230837631 -3.7991395260464276 7.095924010590245 25.776304536486357 -3.434436710321766 7.348740996294044 26.389962245409425 -4.234923372019663 6.26250384918039 23.33308278053892 -4.575275136057583 7.641799864637708 23.538729900664393 -5.131196179224031 7.791756320008957 23.044089893436112 -5.727618068755717 7.722162092883866 22.92855209111636 -4.039947321494176 6.5956333863630086 22.71808418704481 -4.641811695955722 7.854485352651972 22.787094374653712 -5.227950756442368 7.841021529313612 22.399349584349892 -5.749091662623551 7.689296308087056 22.31768969095416 -3.9031726252654906 6.924887800743672 22.04542786244535 -4.385538424626032 8.000539669094687 22.175204265924627 -4.768775132945695 7.872938250057602 21.81570986601801 -5.107877871973711 7.648986651871219 21.66931528102397 
-5.576263757651121 5.090667023111642 20.577212242305652 -5.29256273261915 5.254404437030116 21.775881367006814 -4.991641806406302 5.744787379838441 22.81098892396658 -4.7468563222848905 6.342356776806081 23.283607012084765 -4.5591844442166 6.876880419232044 23.293644745515188 -4.544892848032941 5.968866473508018 23.639602107549198 -4.2519004613304485 6.768999013130992 25.012272735079453 -3.8100538761851714 7.108655680426079 25.787892009404796 -3.456516196662838 7.358193507841787 26.40739334083366 -4.20267831375181 6.250956697685284 23.31616563389006 -4.555306218403444 7.635637439374509 23.546084405927427 -5.087341303254699 7.752427886531214 23.032599660317917 -5.676601920040894 7.656299698378095 22.917381335114456 -4.047863895443609 6.6106515657623 22.73303299995788 -4.643750683604251 7.861313201080505 22.787126961048905 -5.244118946458691 7.822051512131324 22.406283777174007 -5.7623511871998385 7.639576281325678 22.340021623036584 -3.942831991339725 6.943540549106195 22.069341916160774 -4.40576089441803 8.012656363593514 22.16720787788018 -4.810164522134894 7.874665803891015 21.828230141626236 -5.170201743595678 7.6362432912355604 21.682181403405398 
-5.58235310090371 5.08375593333586 20.586090080929022 -5.31033190651661 5.264424361718351 21.79331108824677 -4.993618880388671 5.766209227230261 22.81670313331781 -4.755222171748892 6.372586882015805 23.30512524425995 -4.564009466238713 6.937482643260121 23.35335075406238 -4.576131104135208 5.973218897006905 23.65668734533887 -4.286681935033151 6.781911679558287 25.032717117808904 -3.8367927006047546 7.11737507192222 25.799156126300787 -3.4899831721712595 7.377275790643083 26.437577100141056 -4.2389895573060175 6.26371226476727 23.348180114031848 -4.5922380078234895 7.632205200604032 23.55243442232376 -5.150214653215807 7.773584856508663 23.051696950815995 -5.750231458619572 7.701734071420687 22.930382010936917 -4.055628189181522 6.600544910987786 22.736319103869747 -4.65380314827933 7.843087259246603 22.785047704343246 -5.252833117021751 7.822189930273831 22.415638844492715 -5.776342038544191 7.6592706131726915 22.34932713169289 -3.9166039302892077 6.920483894721556 22.043507658099244 -4.368079231420601 7.972880984024274 22.15199700786722 -4.755870221115715 7.847865388326389 21.80740657773237 -5.114657241138325 7.6277757193887625 21.673098029364482 
-5.591859309384098 5.094021707049113 20.593200302776097 -5.336457826692747 5.278765002640072 21.8186968248278 -5.04289779630162 5.810849245015416 22.862205266450385 -4.76951716141859 6.43299280252373 23.325565627105068 -4.552247023669635 6.974917113913389 23.31856362253203 -4.586375891449618 5.995456985843198 23.673180323107974 -4.308432122710732 6.802610766190866 25.055270642851898 -3.868276549615302 7.141905959215887 25.811831871940285 -3.5197054826729883 7.394664449413491 26.45069929417419 -4.230880436866944 6.274156473256068 23.34479242230997 -4.625009766181402 7.653049239108102 23.555355465325416 -5.16233009949244 7.761979105225888 23.0496059476012 -5.741077982582282 7.667762054566296 22.93019675373433 -4.061539570767036 6.620998290658162 22.736809128666316 -4.67337195188504 7.874330779328084 22.788816198052427 -5.266426867280319 7.817353238590841 22.413347883510202 -5.76270695879792 7.633665777836922 22.340423660630492 -3.9429723988737138 6.940673650561092 22.050051530007536 -4.428760131263139 8.005257541490055 22.168385307804154 -4.833022072488821 7.852164959256386 21.82371060206093 -5.176592079935363 7.612646669333735 21.706128457602492 
-5.637953890656649 5.102830802318983 20.597633581430344 -5.3661075001473355 5.272519406898588 21.808044422598577 -5.0260685933103 5.77713507272518 22.832505420238572 -4.7602855719432355 6.365906330732934 23.334383114634836 -4.538532847992114 6.905579546801538 23.395176923014507 -4.584319693937501 5.973333895768687 23.667029290970603 -4.264739409624318 6.775250598354429 25.038988350747882 -3.811574744219381 7.118645139833141 25.810623806724884 -3.456380306774831 7.374782821521225 26.41429799413783 -4.239045425686213 6.248772177417597 23.342522440241364 -4.631509041162544 7.677741438791247 23.577087276636252 -5.1729906024350525 7.815845378172881 23.07700248185866 -5.752335933634419 7.739738507211968 22.942145563074956 -4.069462903350448 6.596147579331197 22.734658126948993 -4.695086226426828 7.8753833197938325 22.79606457220753 -5.270018391405343 7.845954197450068 22.4188956038108 -5.766149058651759 7.679802056742756 22.330566253092524 -3.930031136549251 6.916074588494756 22.041585198961965 -4.431555444958194 7.985741818443985 22.177578155151554 -4.831919319602434 7.8701189484134195 21.834828884200604 -5.168098478472421 7.656896015575424 21.699301520452632 
-5.653257399107789 5.1233188988985425 20.599760058368965 -5.390650246722574 5.30804551350687 21.825904079523472 -5.078643796310419 5.815918148671658 22.874287643122283 -4.804781057848211 6.414870956857073 23.353796814697226 -4.574777541706165 6.96293573994107 23.390056528939294 -4.619558913341449 5.976744866770435 23.67905229852153 -4.269172731816268 6.774507922152267 25.03369174124949 -3.8273954471369347 7.1146189608262596 25.8102933205152 -3.4331014136082056 7.350707842507017 26.41221725627919 -4.265378504517443 6.2500498996072915 23.365270665587698 -4.517122564048109 7.58857772471715 23.542861232279563 -5.020984510273408 7.703680088533085 23.03497700085257 -5.5589413040781155 7.5977872402907325 22.89080474976643 -4.09493679698709 6.597771620013593 22.756382630250865 -4.640772424304798 7.842455688029378 22.78726155975532 -5.217660182908847 7.810770781734468 22.405493458623713 -5.6867750114506705 7.624696041948288 22.311089671591272 -3.990360618015603 6.935062422904884 22.071943092455133 -4.465741055427079 7.997207199079446 22.187496514107742 -4.8566797978746825 7.848674687816228 21.844577032224837 -5.158719811044119 7.585786908631896 21.68342346225464 
-5.639293864747715 5.139506626022436 20.58839703407447 -5.399329678665806 5.33067885861374 21.819647062351805 -5.0836808572915055 5.8533307681384 22.858949799924837 -4.8100784970144534 6.452962084739835 23.338693345668865 -4.549631865908992 6.972496207227237 23.36655681624535 -4.626017993583999 5.959070180729279 23.682137811874558 -4.249677990891054 6.777315428503988 25.018106562789033 -3.81241417325674 7.116551779652206 25.788592904249484 -3.429207667117624 7.3655788135843885 26.402061333650483 -4.265436858432242 6.224433949202568 23.352978223901296 -4.527349173254921 7.585536771302493 23.54678890649485 -5.0171532844214335 7.689925482612066 23.034845274291573 -5.529268431096707 7.569796812790613 22.88343983818593 -4.086918089933997 6.585243363859551 22.76117662166511 -4.658427669905489 7.845171966774212 22.800128564388938 -5.225742788636233 7.801276439577204 22.408957817286627 -5.653286896989703 7.602515776665093 22.316493406505472 -3.9789710081837515 6.934446039037881 22.088025338219364 -4.511877447370778 8.016496088354526 22.220924346292115 -4.876626997396135 7.847143263230685 21.871049049420865 -5.132159714686265 7.5783130377692 21.703135077846404 
-5.6508630315084325 5.152296447984131 20.614109192421786 -5.366705605601854 5.342513809635449 21.81596545403166 -5.066042420318312 5.854630538901985 22.867088526775664 -4.81328788816232 6.460411661660627 23.3812222487494 -4.607759083727976 7.011915982724205 23.509900911565847 -4.640838187944999 5.971652668197146 23.707239810154586 -4.236618564669943 6.773261110581443 25.013060505331993 -3.823338388400098 7.1293042478293325 25.800196967410958 -3.4205059738243535 7.347565562967833 26.383339845415477 -4.2836709407244085 6.236145567203034 23.372351341341968 -4.466122700076937 7.565329000011334 23.52630076764139 -4.969032187483401 7.658778471316982 23.01403294660551 -5.48426227255717 7.534325994394858 22.878607676614877 -4.116388457849684 6.600522837987932 22.783285728062957 -4.6452180050996 7.859886915330432 22.80802939878092 -5.236218843485853 7.8233599814193555 22.423904619237966 -5.688589331883208 7.613598026916645 22.326379471309412 -3.998097464168166 6.952770204382242 22.105575758686427 -4.506167414805801 8.032623622488991 22.2174599610427 -4.87172673918735 7.859963599127706 21.861885006554342 -5.138194938181007 7.562622585433053 21.7064532337867 
-5.619744353428155 5.159112018511416 20.586779557054623 -5.335892060692645 5.337309247053317 21.800554833381447 -5.023780001556289 5.827001407408827 22.834217252836275 -4.755347066855485 6.422471320905137 23.321418206452964 -4.506689795815747 6.960102571176056 23.35925564652322 -4.60123823465876 5.967158738786354 23.67969300780031 -4.227745688396103 6.770661701140899 25.02436440310335 -3.7966082966345622 7.120575647950763 25.788928865594777 -3.4130098551732764 7.369397581753416 26.401997589615416 -4.26545971542563 6.237258749801731 23.37982462422312 -4.490751999612986 7.557858876194248 23.528564651975433 -4.991268550046848 7.644285644098086 23.015655565620627 -5.502882200316285 7.52157001328054 22.885727357838554 -4.098878455181984 6.60166163037532 22.79086558504532 -4.648540610226293 7.8480648192042395 22.796517406842995 -5.235707053937831 7.783156877194867 22.406756587959993 -5.696882131622541 7.5711453348849025 22.339491331371235 -3.992601231309421 6.960375987001099 22.135952522780755 -4.5154639822563905 8.044910903460268 22.22629111074962 -4.89745759168751 7.848027763279215 21.87735773615128 -5.181333122181549 7.553208501118779 21.73340357241865 
-5.621284059084953 5.1874499893822925 20.57118303441515 -5.352864717441782 5.354191544054995 21.777798836922795 -5.037641356040156 5.837002107427738 22.838006510174395 -4.757295388839686 6.429422038758953 23.321656248866883 -4.517462463980542 6.970284368304991 23.390107454747046 -4.588588108318585 5.991773545147574 23.66660787773193 -4.182202123916331 6.765355921791889 24.998714141992206 -3.7636100170557496 7.102367166687406 25.760256032976887 -3.377199803688646 7.342192695901912 26.37107903931048 -4.265327848627055 6.2650065559374495 23.370941780984325 -4.437220921965645 7.555368254843719 23.502663768072622 -4.914225575328467 7.634275681480539 22.983677400114736 -5.4290281830767535 7.494956724024517 22.84286566074339 -4.096682252440032 6.621873756895377 22.781805920385594 -4.624729375191451 7.855526424568577 22.79491312524002 -5.212142988843249 7.806096721698832 22.411241264743126 -5.661549671696512 7.593041839340832 22.3198902689489 -3.9977787347908147 6.970228174490995 22.130185553030664 -4.490699340265014 8.030566692331295 22.219685144440863 -4.856797794361155 7.843277494991351 21.85898652180866 -5.1413334446914885 7.558203961229869 21.721070195950887 
-5.673670317478123 5.203038564485759 20.589190940354904 -5.451625557727535 5.4171220642681215 21.8069083041763 -5.147158155897768 5.915109734531181 22.866865127371593 -4.8108323744743915 6.49903444578167 23.306436992652408 -4.49235384953212 6.977198557811857 23.297455955443755 -4.636189937241169 5.983627263397831 23.676946658483267 -4.206067528517027 6.765884720399564 25.008255515892454 -3.7564305524794763 7.094950117688094 25.76481374696177 -3.372088976397106 7.342439120490963 26.37627770947452 -4.279520935551545 6.249905338268116 23.36289563896778 -4.386378118977536 7.532188514277937 23.486180178987798 -4.815541857298669 7.607995567230452 22.938704973152745 -5.3108108959694 7.479318270370371 22.812677774805373 -4.102520356921108 6.6049281177139605 22.784946143340054 -4.57275342213686 7.853013917453974 22.77097616645683 -5.155337427249937 7.808977141906113 22.399902952399007 -5.608067512084449 7.591874937432891 22.324182456882593 -3.9897051934722616 6.969938356270032 22.121105649064187 -4.497373224077405 8.047303973170543 22.213831923582713 -4.87172673918735 7.859963599127706 21.861885006554342 -5.149798064583001 7.5581962972259245 21.730048650512977 
-5.698293791742533 5.198284751452442 20.582569422480198 -5.550608567733828 5.50767590295373 21.828534174728905 -5.260981328887941 6.031402821481721 22.889734972244934 -4.957457308832361 6.622224095801916 23.37757322938759 -4.630402435375428 7.092165854112154 23.400087762976362 -4.6630302771864685 5.997677313822752 23.68554409241925 -4.195239774193831 6.769407459440403 25.003755390137705 -3.760360553006373 7.096536677234736 25.781525201133807 -3.3734891013659425 7.319425834038944 26.385553408315314 -4.291781275847093 6.240658894435628 23.38143656569186 -4.308970773925934 7.506238995509993 23.44641791526921 -4.701689478974868 7.5490012916025195 22.884449856806214 -5.166856337894557 7.408901928376282 22.757783465512333 -4.098586071054258 6.591271273916218 22.784614628614815 -4.530164172953389 7.839362506587532 22.771450210980177 -5.073620966220985 7.7671559606555425 22.370681822376113 -5.500660622139966 7.552108763641127 22.294569412079426 -3.9804453686956833 6.96137952614918 22.132014036758164 -4.46785914050657 8.022887026001621 22.213036933413214 -4.79371627980947 7.823268807787948 21.8548906763167 -5.010247908073872 7.493417996696905 21.688562531884166 
-5.738869360945067 5.232612848534769 20.607877254800773 -5.5900355782281546 5.517417564813213 21.85202735465234 -5.286158215369531 6.025638628723308 22.911767510000477 -4.965815756922622 6.611885365608313 23.38101864297798 -4.644321613087508 7.077045058820454 23.39201283828546 -4.69844552473607 6.016240145403271 23.7034319622797 -4.210236811231915 6.767332715246198 25.024593129858683 -3.771351713200342 7.093000796011985 25.78645726990947 -3.354814957958296 7.315069813229905 26.38463717100728 -4.318108740661061 6.254743790880641 23.389678235035703 -4.2320669837616665 7.468102427280906 23.421767715166975 -4.603227470753109 7.50791132767459 22.87546963206983 -5.021319199373302 7.3387876380814205 22.729961138197982 -4.112305592628296 6.601642748244985 22.788421808018967 -4.429662189807864 7.799097312134728 22.727416257243153 -4.9533626932702 7.731205852889803 22.342675330886696 -5.3499612016721025 7.5014733117548476 22.245872548248716 -3.9877814744478672 6.963306609520872 22.121064459137003 -4.442469560473093 8.01967928646186 22.191750085494398 -4.7646564913800615 7.807299385822728 21.834326280864513 -4.976487920477687 7.482782755139095 21.67960073410982 
-5.743307940543583 5.22850215509546 20.596515949584333 -5.634653826754782 5.5409723661419115 21.849470932104197 -5.335505709404079 6.072844986008384 22.917109415931236 -5.036318252310251 6.697289586981617 23.39160848991689 -4.683316918682069 7.178022575628474 23.391142376888762 -4.667077821364866 6.0268951847490895 23.69205804470089 -4.169170671562647 6.761306489802838 24.993675281681003 -3.743095246461696 7.090594859144823 25.75919523196832 -3.3400443224623007 7.31695670622753 26.362395872929895 -4.285517774014578 6.270877615249535 23.36374428006923 -4.248280170372851 7.486227599154815 23.426165316151597 -4.638749088783874 7.5347540118142025 22.892232871976265 -5.067009349441553 7.3622066350535835 22.749854738885855 -4.106457483378923 6.618587092769442 22.78527840691987 -4.4668402107560565 7.817671043019361 22.738316155050107 -5.023210339354586 7.753904848246181 22.362859592351374 -5.450276875244798 7.524233411313495 22.28150511484355 -4.004871899174843 6.986717884775102 22.12446270975858 -4.509026049831675 8.036049293277824 22.211695810889168 -4.871042888880173 7.8426013186901855 21.876716350045243 -5.105308365224248 7.523813799664646 21.726996796159646 
-5.737383516376965 5.226657403028873 20.60795315272212 -5.5834945612910305 5.51009619352916 21.837353076621703 -5.296592086846949 6.037053257325455 22.92075431904742 -5.005553533019563 6.647721051268612 23.419739431663903 -4.691905080894883 7.129605477629017 23.446767884604327 -4.6357777180036726 6.037557939975787 23.68070699110547 -4.158364657528894 6.764832639780342 24.98918368947544 -3.7274060838549627 7.078354084858509 25.752881737567638 -3.337568931029012 7.3088104900164055 26.361556507689574 -4.267331457361094 6.272002162281838 23.37122835835771 -4.264497542068657 7.504358751128568 23.43056392113947 -4.666431643637967 7.5561999932285575 22.89976861782987 -5.0897006465238155 7.396617770513478 22.747589480785333 -4.094711810785314 6.615043932208074 22.78163920878431 -4.461532068822703 7.822640922704775 22.749690356219883 -5.0072782887155185 7.772930037132287 22.355985299527187 -5.42230716531954 7.554727284654509 22.277050854870286 -4.018278083019674 6.985202571018769 22.141947944633216 -4.465948773233718 8.016230543466753 22.21308294284783 -4.801206586896601 7.828883726039488 21.863540604957947 -5.02148595321143 7.518553971330083 21.72264276757575 
-5.754841626126969 5.227790950518279 20.61760663200169 -5.634908790331938 5.555286998213356 21.85466211144733 -5.3717083394497065 6.0928485381285205 22.934868090410408 -5.080814686263292 6.709984804133761 23.442145590793867 -4.7547138916931475 7.199205890593994 23.513198238645103 -4.665031302650432 6.0608091745126575 23.71031464014513 -4.182177155212695 6.781227570292112 25.00507618629605 -3.760360553006373 7.096536677234736 25.781525201133807 -3.3572917917414773 7.323222975478601 26.38548008353747 -4.279427575780333 6.290517520449153 23.38087791874484 -4.27254074406942 7.494226396651402 23.43426117589371 -4.650792815462817 7.5233477403010545 22.890231424279886 -5.046545313163699 7.34307810332623 22.731014957020207 -4.1063072659776365 6.633370492275118 22.790745394070516 -4.441398089035125 7.80301149721388 22.731035394219155 -4.982159168197367 7.758712055752996 22.34929445024265 -5.38218808266623 7.5417085611469465 22.252202704457574 -4.018278083019674 6.985202571018769 22.141947944633216 -4.429562296231053 8.013134783896193 22.208605173202596 -4.759687669204288 7.827132203480921 21.850938293182327 -5.0107174356412525 7.532310069628015 21.704885832202503 
-5.698689134700997 5.225598321548835 20.5920676997809 -5.476513977396198 5.443558806333377 21.81807029540965 -5.147144081924196 5.939963445611522 22.879254987299994 -4.87283924956675 6.55101435006085 23.366659447981515 -4.604098211894393 7.069901982255439 23.406316624334227 -4.638097089895719 6.031604507266422 23.69586154412352 -4.1342246978520425 6.7506065389791035 24.99485096979452 -3.732128093658682 7.094130786276012 25.75427766657727 -3.342520325869006 7.325103821800633 26.36323547716235 -4.29362703846743 6.28608639037057 23.37945907535664 -4.250325614690756 7.493293211407341 23.426341360734607 -4.664632535477748 7.534062984361485 22.8939964191289 -5.090839250362064 7.369702634960616 22.757005655337625 -4.120029795383201 6.643754038641416 22.794555481691866 -4.431621374991863 7.8059222265912656 22.727455534058926 -4.982159168197367 7.758712055752996 22.34929445024265 -5.375589036738641 7.540041220463653 22.26392328260266 -4.031537075062437 6.995360752830069 22.145275307553547 -4.4164898219814726 7.987582407050226 22.199889822722756 -4.759862687978082 7.812220409297434 21.84559598308126 -4.977057910108747 7.506870333779236 21.69061401407448 
-5.710805872313497 5.220540549300836 20.589557878011 -5.588278810366804 5.514937562304599 21.83241846697994 -5.291519451282671 6.03106149140327 22.90681184751014 -4.9958402871986385 6.6185908558382955 23.42625848890481 -4.684403243301834 7.089163958516792 23.510379671710385 -4.648195761096485 6.041062725375487 23.68483351152918 -4.158364657528894 6.764832639780342 24.98918368947544 -3.7297667475667904 7.086242024408713 25.753579576062037 -3.333878881797942 7.307144570754205 26.344602677184056 -4.279427575780333 6.290517520449153 23.38087791874484 -4.231857390841327 7.483510693204193 23.427607249586178 -4.565095118747927 7.47932269809715 22.858364521849264 -4.928400384194402 7.268926905762086 22.69867591257518 -4.1063072659776365 6.633370492275118 22.790745394070516 -4.384178469579423 7.764876741809569 22.701556183168975 -4.861790502993892 7.682840189552904 22.304465190254657 -5.208561138457254 7.436003034238043 22.201227222492257 -4.01811734788836 6.996867799525834 22.127779182039067 -4.455490815409135 8.009161788897313 22.204065264017583 -4.78358349456021 7.80167196508638 21.840707170027915 -4.987737233246676 7.486326397207063 21.682586951184874 
-5.732470823399267 5.225847428743796 20.594195937456835 -5.626469877861382 5.550792050709048 21.846660650306603 -5.3335543801342755 6.076160564381731 22.923836303828057 -5.04452857703224 6.671353487358514 23.4395929292946 -4.708237548088372 7.132280323840379 23.49479644556173 -4.642291904269452 6.034986706187035 23.689620088003288 -4.151676171304773 6.757966508467933 24.993902706453856 -3.7225751586946867 7.078812802398753 25.758130860750388 -3.32155784255922 7.296080568592718 26.354620355853953 -4.2855701337395224 6.2730703099601826 23.383997623596876 -4.231857390841327 7.483510693204193 23.427607249586178 -4.60475727683063 7.4893410843826995 22.86387277370144 -5.018206997743081 7.303613181921647 22.73877793360212 -4.1002433163354 6.627658065862635 22.795718354314225 -4.406720043190425 7.779657063286672 22.735017683237377 -4.941737097528052 7.727428424496787 22.33931575643492 -5.321795157066643 7.499038120865935 22.250971902457074 -4.013964679433719 7.001109840206336 22.152367245365767 -4.438815740943221 8.025393346123039 22.217422778693635 -4.775759045782394 7.825891352195218 21.842761182996323 -5.002404872132001 7.517493093553219 21.690656359565672 
-5.721675415702781 5.200767426223291 20.60747048400056 -5.563135460364113 5.47024196356092 21.835564164005632 -5.2722229612379925 6.015576936993978 22.90795599828201 -4.981256208520718 6.64663804532204 23.36941751642296 -4.670737584776535 7.140408589478039 23.354654465589476 -4.6544350256352995 6.034127813272271 23.694869826077422 -4.156145412118641 6.7572591618997455 24.988638807262777 -3.72729780784524 7.094593217201556 25.75952632696916 -3.3400443224623007 7.31695670622753 26.362395872929895 -4.29362703846743 6.28608639037057 23.37945907535664 -4.262251396848536 7.512720607241364 23.436235137470856 -4.657974004296435 7.540576911697171 22.884511228150554 -5.0822615372315685 7.354309215815608 22.74171671264953 -4.108427115919449 6.6254173864906685 22.785444820395398 -4.431621374991863 7.8059222265912656 22.727455534058926 -4.972479789580574 7.746411475691044 22.340347433561323 -5.3755809619577635 7.524897979448139 22.258371018863244 -4.006947259228368 6.981684348451084 22.138664663065626 -4.420316817473452 8.000892160955214 22.199800161451368 -4.7524082104464105 7.8066378241183205 21.83697538798952 -4.978931666306387 7.498516114331359 21.68523107889489 
-5.698914005926684 5.216843423449277 20.612398064891863 -5.560261744248343 5.48603180491461 21.845749162546305 -5.2554192850999835 5.964746326255477 22.912969295588482 -4.920044852182859 6.5091164334111085 23.427840235620636 -4.578963935122668 6.930463306732732 23.491160809945455 -4.642087147725508 6.045733502842986 23.696558674502178 -4.153895489400354 6.765541739446371 24.994447181631692 -3.724936144236039 7.086702601181873 25.75882846862222 -3.3572917917414773 7.323222975478601 26.38548008353747 -4.291578573035558 6.2940673662734055 23.384854679591015 -4.250334036883324 7.49642286041041 23.447140536035587 -4.627000480484039 7.515626021838585 22.882847562283427 -5.049917112772039 7.348112456312959 22.752263118127967 -4.110483734792308 6.619985744005404 22.79997882184119 -4.432159108631802 7.7943136488746845 22.742310787333814 -4.959009868455818 7.735990096023968 22.337024794533054 -5.360866361209947 7.517605304216453 22.2611855980196 -4.00502222774688 6.9750470284176 22.138621344877834 -4.425736317647676 7.999820934908056 22.208696256061327 -4.771143073797034 7.815901668182759 21.84869309563432 -5.0013268809946885 7.520386684670622 21.69649594160699 
-5.715727296355048 5.198915866466804 20.6188995351234 -5.571578687046552 5.498200746585037 21.855490044153004 -5.266729493619693 6.020228347683874 22.919820395113668 -4.957089534120784 6.620750200527796 23.419017511423107 -4.656219680305746 7.09338434734477 23.464865008142677 -4.656636964293639 6.0304485784421304 23.6882718273327 -4.153926936871299 6.74968642658595 24.988094189548864 -3.714083937592226 7.074004760707798 25.74726870109434 -3.312980202675651 7.307785178445036 26.35020583114085 -4.305769810195123 6.278953361600093 23.37679701281157 -4.243983949849895 7.487512327578163 23.43165720587647 -4.597251675007307 7.5026074361049835 22.88093624946107 -4.976248710110004 7.308960831767054 22.724656881665844 -4.112153245348938 6.6164237748410875 22.793892710872765 -4.4022842629569965 7.777627264856059 22.720102814143445 -4.918499319496119 7.719878478072118 22.33260043078424 -5.265351117466222 7.4873341220905125 22.234568865663704 -4.012347471200032 6.976967644116319 22.127656475976284 -4.4278933332255415 7.991414079528093 22.203209350839927 -4.720573744544302 7.781689894557457 21.836594509315212 -4.894248269520947 7.451904858091241 21.684561884509346 
-5.699579111133069 5.190584113453277 20.57774847157825 -5.522320235839249 5.468443627635314 21.817200968419915 -5.229443996964693 5.9977783040733135 22.881724808159966 -4.956647966858435 6.624188511858588 23.35579822568525 -4.671664926548618 7.12333215342739 23.37029496327606 -4.639614065438461 6.021481169305251 23.669774497463383 -4.162853550514431 6.748270918613328 24.977578835902108 -3.734694678055785 7.069547769739024 25.741697269710134 -3.335643367929624 7.280780914091053 26.354350073553952 -4.28147895952738 6.28254157061816 23.375486310485336 -4.258924630432452 7.4938531544542695 23.436160383773608 -4.643458483484928 7.521387604698822 22.90164528708283 -5.035715772631743 7.327648796762708 22.74250330475216 -4.110397463512527 6.632248221388541 22.78561142212208 -4.451745737396657 7.825552805513805 22.746103960878425 -4.972479789580574 7.746411475691044 22.340347433561323 -5.348685213476536 7.504407126955353 22.251900274314995 -4.022128403498389 6.998479368273091 22.142034455505755 -4.490469090010039 8.045665287181137 22.225142911975414 -4.824709879193345 7.838705745942884 21.849594600051674 -5.03804605109136 7.519770082295516 21.6942265726728 
-5.739120250055287 5.201870994827309 20.617105312293845 -5.575146343164207 5.5017223537083275 21.848887777666427 -5.276960829997296 6.016750877126675 22.923218439459777 -4.988200692484405 6.621173897185475 23.43690606937127 -4.697853795834127 7.101781557953142 23.493051065150077 -4.660966651236257 6.031554309853049 23.703787482202436 -4.177740122515356 6.76607271808899 25.003988077040415 -3.7445497619963275 7.100538905474632 25.781851070729108 -3.359606448929322 7.347927158703362 26.393207065217688 -4.303777902812076 6.282634788321174 23.383147508055146 -4.278945635222088 7.506289648505085 23.470601556380995 -4.691550847822827 7.562351241072839 22.9282004147228 -5.135670975633922 7.406355763246259 22.7892526359884 -4.106457483378923 6.618587092769442 22.78527840691987 -4.452294958197805 7.813946368120502 22.7609806069752 -4.994477551555283 7.772225189644241 22.358519858052496 -5.438087898870764 7.581121694608247 22.286285610713453 -3.993694748049751 6.971530619406987 22.135338968963367 -4.402927454890662 7.992148509772352 22.202050934286053 -4.752234334332457 7.821541124943724 21.842310701755277 -5.013186255379967 7.5480787708814265 21.710541347687844 
-5.732728078461642 5.217089634097615 20.614554851620465 -5.583361904710598 5.515426522116925 21.863652178938345 -5.279014869201633 6.038411421776788 22.929020030183263 -4.966794904069418 6.645139261983368 23.413476791863584 -4.6526643610182195 7.138840409019471 23.42534431325206 -4.662532368019659 6.036519249377701 23.68348528689408 -4.153926936871299 6.74968642658595 24.988094189548864 -3.7265913483356905 7.064144208580219 25.768165207617876 -3.3227623587523434 7.289590063717838 26.370730481821074 -4.305821275786961 6.274653714997924 23.37775141121414 -4.264720964863589 7.492068893913941 23.445525480985502 -4.650792815462817 7.5233477403010545 22.890231424279886 -5.078921949473438 7.365953809176363 22.753429499114375 -4.118207768340888 6.6221318147720405 22.788919021363828 -4.4629287515877465 7.80401991747005 22.738240032844264 -5.013497219951371 7.741582169186983 22.35388961510043 -5.422058102644324 7.521794728231134 22.28663560649534 -4.0317628689002625 6.980768104634935 22.1400246879419 -4.496406625365627 8.014439365803007 22.22315292759267 -4.822164738216225 7.814831094438621 21.8644881963442 -5.051915504842065 7.501557781482052 21.72655531270185 
-5.752941776524222 5.216439350953034 20.61928756494351 -5.6460118586452275 5.553148568349476 21.85923705075172 -5.371628016167089 6.102955502301641 22.941837755774717 -5.078980629313515 6.713556161686104 23.448738323599752 -4.731675728820594 7.180060145665979 23.47849413802907 -4.674957636389673 6.040022183751267 23.687611103274694 -4.171389329258513 6.76888088047812 24.994219890037765 -3.7407350339294725 7.082705831010937 25.758497631763017 -3.3265086250526235 7.312369600889936 26.35629921806106 -4.305821275786961 6.274653714997924 23.37775141121414 -4.285048143291577 7.524362373831985 23.450295933970196 -4.663127000914515 7.552681413039372 22.90564210397419 -5.051761361818307 7.37012110842961 22.757992282202373 -4.118355175038813 6.607350453688332 22.783451794225396 -4.455873811164345 7.82395461127605 22.740556272547487 -4.971214980474152 7.764667799329215 22.351793333902656 -5.3492109791292295 7.529080440633786 22.263452710109643 -4.018735265468067 6.9560398873247475 22.131455990295066 -4.449518292638433 8.017402538732952 22.22100293677016 -4.777637282181504 7.824516406526913 21.86307708650665 -4.98293903389296 7.512724457938677 21.72496429717277 
-5.709552023671693 5.205828274198234 20.609971402397434 -5.4856375295294795 5.416859683121057 21.836783972098992 -5.172040057619283 5.919300962834659 22.895647709814725 -4.885701794331241 6.526893697194833 23.379782345211268 -4.612853191059104 7.031947976062485 23.419075984975724 -4.6608897417771855 6.016443520530296 23.697959154425075 -4.155836854101412 6.743545319904952 25.00384230208578 -3.747015149330764 7.092178225135242 25.77589538713126 -3.3560630015781237 7.329694865073843 26.36933521864611 -4.3261004922584725 6.28273258900595 23.39081654627728 -4.2441946712539025 7.475207340880265 23.446606509080702 -4.62961522446385 7.510669494585385 22.897871547549997 -5.061826237449018 7.351853748605098 22.755839374799788 -4.145774940220504 6.630632125797701 22.810929505422234 -4.406720043190425 7.779657063286672 22.735017683237377 -4.951086215713291 7.7455118075790415 22.333604313571424 -5.377910338945829 7.556181984994391 22.269904395859445 -4.058475618294554 6.989410149778783 22.160872698148218 -4.393695948544638 7.979924089974543 22.193254531428977 -4.7494405086032545 7.81807511453597 21.848155253436374 -5.00547617536937 7.557391507768322 21.707348189977395 
-5.740394435355657 5.194153759328056 20.612269159258805 -5.53844420428571 5.454060763344498 21.849025112884767 -5.214848129797551 5.983440624293644 22.898083271528318 -4.937516811602352 6.625921571699748 23.383349875571096 -4.65181149932847 7.1405730314176425 23.403871791097654 -4.646467283494504 6.005881010986502 23.693477371911165 -4.166952786635452 6.753732842039713 24.99313093885226 -3.7274060838549627 7.078354084858509 25.752881737567638 -3.3277154064483128 7.305888667943389 26.372416326651003 -4.295775399793524 6.265330689720098 23.388646627743885 -4.293099707595331 7.514222331470925 23.4539977911513 -4.685009490471652 7.5535599136263185 22.91297213747594 -5.103176208782609 7.39867300744918 22.772425763608155 -4.1243569907624 6.615576610104116 22.798323515794507 -4.51267675457283 7.836714065759207 22.758646993838735 -5.062530718715578 7.788281104093356 22.378763429759644 -5.486430302792828 7.569468452414676 22.309019466605974 -4.047126421231669 6.98588984883093 22.157581779194576 -4.513782331132477 8.023151012435758 22.220877082567657 -4.870205224553703 7.830628648053855 21.877111076612906 -5.122131702343972 7.53864381863351 21.7502790139349 
-5.758438848129329 5.190938967521378 20.59831985463889 -5.617637807042776 5.513829753079451 21.84785618083989 -5.335196110041729 6.068022716346379 22.91845303881631 -5.067589565824706 6.703498713105731 23.417245096882695 -4.759643560973011 7.198686494435983 23.465971103846503 -4.670978284304452 6.025904741488387 23.686921028712458 -4.182226452891893 6.749492824542148 24.992355950686555 -3.740840243568768 7.066468577860668 25.751852225296872 -3.326679705353987 7.29585639650392 26.349437886767856 -4.313936008915064 6.2791841635242465 23.38683835704147 -4.300906222752131 7.516368398480203 23.442713233044184 -4.714223357059466 7.556389630972849 22.908855919021146 -5.152371774199943 7.379965377260061 22.769255093383872 -4.127995379364536 6.618847407280446 22.792395427468527 -4.480545092119658 7.8284175478738955 22.741977216204663 -5.028728588845536 7.773853959988124 22.36275117451797 -5.458972744168057 7.554591761756902 22.30205241869382 -4.029840234244536 6.974132071350102 22.139981627255224 -4.477600459008394 8.004986431692808 22.210955522210497 -4.8295831428085645 7.8258931995380285 21.858739760410053 -5.083373916982487 7.525985034905228 21.726743465736508 
-5.757436411468128 5.189876498640836 20.623534797863606 -5.630718631379144 5.504944473070339 21.8652817038731 -5.3250190253937655 6.025127250422726 22.939010446989602 -5.036574761228229 6.628116412931072 23.432782136209468 -4.720186519009641 7.110012834554394 23.486435462457365 -4.683410147149605 6.029407908018041 23.691049107067048 -4.177768313124829 6.750207541738654 24.99762627401964 -3.7265913483356905 7.064144208580219 25.768165207617876 -3.32155784255922 7.296080568592718 26.354620355853953 -4.3139779240880305 6.264204973434245 23.381152402710576 -4.315363273178925 7.515166742929233 23.461943300743325 -4.712914419584558 7.553053000555581 22.92952464422164 -5.136692225066237 7.377943892960504 22.771275397099426 -4.1439493296084935 6.6089984751155395 22.80528169756976 -4.497595596212996 7.807527161968051 22.769841202525456 -5.031844182602233 7.754089523364321 22.372153473479546 -5.423835390219278 7.528384446914694 22.28659577565266 -4.0340813428282365 6.961139450732679 22.148993772320242 -4.487812978504349 7.991032457937249 22.229043546139522 -4.827037363585193 7.802001473343793 21.87363143591207 -5.040627346485141 7.498001762960524 21.72354891273318 
-5.779599063183451 5.222559717939425 20.637744821197717 -5.646147484392758 5.549287323740928 21.878824669548006 -5.350666659072001 6.09561432018353 22.94837122895538 -5.047791461092432 6.717842473471447 23.429799040741383 -4.724161538440595 7.20377195873277 23.45283533802472 -4.698216290988486 6.026958352839385 23.710371620950358 -4.179984831820773 6.757781361777815 24.998170075049398 -3.757999031400881 7.088641006832891 25.780824346388176 -3.3277154064483128 7.305888667943389 26.372416326651003 -4.328273393550556 6.261962495078029 23.400015056528943 -4.286721472229328 7.505295693635304 23.43848661785947 -4.676675997786125 7.522648514221052 22.891990154381585 -5.09197758664928 7.34277189705556 22.76641769185659 -4.1381941738096595 6.6136839104465945 22.816525188432877 -4.470958635722149 7.816063594744843 22.732759786433395 -4.999525999917157 7.752085111975889 22.341439581650516 -5.394095506719394 7.521995815059336 22.27106033403758 -4.026527048375368 6.9738103698880005 22.165227536582684 -4.465948773233718 8.016230543466753 22.21308294284783 -4.802372469725117 7.808536691504026 21.858490571756025 -5.005686995035704 7.49023342522958 21.720380460667563 
-5.75768641609172 5.181090613931981 20.643935902720326 -5.562519732261173 5.443016699111042 21.87098006996619 -5.256274585367112 5.962421385013123 22.934700446414045 -4.969210949806536 6.593868569606171 23.41134668230488 -4.6832218992275925 7.121428966681533 23.416428452643306 -4.694241789127397 6.012831968008874 23.70967871539238 -4.181940937459353 6.735778817475751 25.00757478286788 -3.740840243568768 7.066468577860668 25.751852225296872 -3.3365235854266944 7.298773824081524 26.338579473766405 -4.320105498682294 6.261740119539054 23.389962472645454 -4.295037243723759 7.482869865370462 23.457173380566182 -4.716911651799781 7.55145992355643 22.923945650569415 -5.157954178916482 7.415560705940457 22.775103708174335 -4.133891597473613 6.599389871739215 22.77569764017384 -4.481533427184077 7.7862951769012465 22.74558753225648 -5.0411429306978315 7.772154808991925 22.366416945926833 -5.486618340466163 7.587217701986636 22.293821827243573 -4.010892344739575 6.941197971408373 22.117133707987 -4.432842965341541 7.96346391713307 22.206920436985857 -4.784468026253542 7.8032899370894135 21.866776245506262 -5.0340340725103365 7.533938660340419 21.711339178036837 
-5.75961827804375 5.214439941776058 20.653410847444146 -5.566612940657572 5.498651953040798 21.88671912836871 -5.24847505482777 6.017311347793748 22.948282360359205 -4.9695661593554705 6.650172422554326 23.435548850594433 -4.684495833935596 7.153526215020209 23.470575434965397 -4.688211061701839 6.032615111043874 23.727266274200534 -4.1733360616748945 6.746885616586341 25.00362396154292 -3.73141935388274 7.063689364517207 25.76291920845083 -3.330529619069799 7.281003483628213 26.35952584969603 -4.330235328399285 6.283955690514217 23.405998420707395 -4.316179961141045 7.5135741249424575 23.483097817638534 -4.678395864710291 7.539805857506736 22.939413760939726 -5.0867359864207495 7.362905830520938 22.78378465289962 -4.145774940220504 6.630632125797701 22.810929505422234 -4.510127673867046 7.821650974003968 22.77936434222916 -5.007356131855346 7.749593280824588 22.371314032365653 -5.387488533050207 7.520325744254671 22.282790313803687 -4.04117759895304 6.977648038382856 22.14326405227595 -4.474947448107877 8.020611114709133 22.242340639991745 -4.7759839587211435 7.803093329431897 21.857822695035566 -4.958743844002075 7.477636979481308 21.688026684967607 
-5.737426742893026 5.204215134284602 20.62356317889121 -5.545154995138454 5.479578956438246 21.849365244834996 -5.240521210567605 5.992009787469782 22.906816655009628 -4.982731072374456 6.6169523277347055 23.40047555619133 -4.685746133106152 7.116106675825752 23.43169241305763 -4.65435535213783 6.019022058905305 23.689049146224523 -4.15839224158342 6.748979390834661 24.98283430055249 -3.729872704265574 7.070008277608472 25.746938736035425 -3.342853585321647 7.2920643943840915 26.349505901417366 -4.309938572146108 6.275873518530975 23.392915089839185 -4.283428691548585 7.48955302346913 23.459239379609507 -4.650106085751301 7.514872708117848 22.91113927055779 -5.038045444399632 7.3291519300550085 22.74302086462899 -4.136117871496474 6.619120419903256 22.80196994177752 -4.442712417419941 7.801603905074584 22.75175549035262 -4.946223267252686 7.735306406974922 22.33955785384769 -5.316036348395634 7.509575430315158 22.24805153747044 -4.04734725467481 6.971291378059229 22.15232573033811 -4.4342751931335656 8.00024440371199 22.21776113530565 -4.743785679330338 7.813468458872746 21.85376795985667 -4.9480685832061315 7.498195883788532 21.696048836360653 
-5.752941776524222 5.216439350953034 20.61928756494351 -5.594655718514104 5.504064668822991 21.86144714819078 -5.292763004020044 6.033593532360636 22.92725243001942 -5.012064171512434 6.636171856416101 23.430701843958612 -4.716462215037368 7.137415195219909 23.504249328530836 -4.662880511860387 6.023505592139938 23.698306854845875 -4.166952786635452 6.753732842039713 24.99313093885226 -3.72895240618255 7.072036052702666 25.768866033380224 -3.310504207170327 7.299641467149466 26.349366098517653 -4.305934642338897 6.261873781104208 23.392337858078005 -4.28876477700476 7.512363262743931 23.43866173708792 -4.656607152441016 7.543903532049251 22.89044568904125 -5.067448018664049 7.372171277374508 22.756003660097342 -4.1381941738096595 6.6136839104465945 22.816525188432877 -4.4754452996530345 7.818125022434633 22.74772170372481 -5.006115538366115 7.7760063378866615 22.36188503142037 -5.411146595062868 7.5605916784804545 22.279789690739197 -4.038098990012294 6.962731226644846 22.163265686780854 -4.464039126721097 8.009574590104505 22.213129123528944 -4.793884074166032 7.808348405337886 21.84954179100807 -5.025209286172781 7.501801160738627 21.71183603432175 
-5.750226293540558 5.195739838970986 20.639820012265822 -5.587976495979443 5.502069468136158 21.873074966043387 -5.295660354446113 6.0280021924777545 22.94232776127905 -5.032221485921507 6.672478747388244 23.43465606476542 -4.747206096729349 7.192075696458162 23.475767442880095 -4.692023395505441 6.01649807996905 23.716284866171417 -4.186375047341124 6.750931436958741 25.008668832797532 -3.743095246461696 7.090594859144823 25.75919523196832 -3.3523593311734006 7.328014190846053 26.352362004209116 -4.342449195389096 6.272509584720283 23.404287640420186 -4.317941378697389 7.497642820860877 23.49214081710028 -4.729487642554675 7.558860719938391 22.948420966906685 -5.149789042464575 7.3853110901366845 22.79571513178437 -4.141865512094325 6.614433683755121 22.790730279197238 -4.47210142592592 7.792853205594776 22.762524306873107 -5.017070084980391 7.761911473056515 22.380286194394323 -5.417481085186778 7.544485533822756 22.283189948527333 -4.031987826240163 6.966182732868965 22.134777189190483 -4.437071734035166 7.980684600740483 22.226962855336637 -4.7466079129239835 7.809066934021256 21.86832815236427 -4.964062480737206 7.503697513643839 21.713465696897305 
-5.740849696129828 5.199051245225252 20.63741103009152 -5.589658181542962 5.5084570997556845 21.873162615025095 -5.284388471089527 6.043844748634331 22.924066252473278 -4.998286785957295 6.662245419918895 23.39562844484183 -4.694830525006952 7.168331814711809 23.417023159732665 -4.690118592991474 6.0245551941059805 23.721773569340936 -4.1863531964053005 6.766803393110345 25.01503398525541 -3.749377808709997 7.100073628974728 25.776596734481853 -3.3488576239753907 7.318399012995331 26.374180211356386 -4.326234605419062 6.269950296856429 23.405423443205354 -4.29129998689224 7.494851084089866 23.46880689449302 -4.665480395426873 7.506984571605645 22.903271739298148 -5.073381317090216 7.3151900140012796 22.741921130264448 -4.141839562303071 6.616960664790241 22.81059407664326 -4.4578215722969805 7.793723252144137 22.743972524531426 -4.992156306762175 7.725502557171703 22.34157571944542 -5.385449890252348 7.491707265463791 22.25058645611718 -4.0392565226010495 6.971012187287989 22.14322145497378 -4.458073825963492 8.004685439858811 22.21872056271182 -4.790250637708689 7.795353290082563 21.84973414076426 -5.003977397405717 7.462261330140059 21.689414914324495 
-5.742339201970452 5.205015366675593 20.637341929259968 -5.642599767811376 5.545765354375748 21.885462407559324 -5.340420417838186 6.099085507844408 22.94496520258915 -5.059427389060273 6.749223885789719 23.424438956630546 -4.734293890573711 7.24925579694497 23.410865518543222 -4.6896632273769825 6.022459225762671 23.701094690492155 -4.1733360616748945 6.746885616586341 25.00362396154292 -3.74711624534199 7.075928363502037 25.769242368390035 -3.346380989660164 7.310249029317358 26.37333703622385 -4.3403051814868805 6.278288641639624 23.38938792275679 -4.27706008063956 7.480639872200371 23.44372951406353 -4.653569000645718 7.503124391280197 22.899572496498887 -5.064393357080914 7.321743388117623 22.759149722755808 -4.155592591799341 6.624807197136917 22.79453700164423 -4.448240414906399 7.781393289607884 22.734760049033422 -4.975553178032425 7.726666004654326 22.349725467846934 -5.365396104904886 7.494913171219421 22.264611927810886 -4.043322399035875 6.969693785302186 22.138056041656835 -4.459257643034812 7.999499670767134 22.218925087011762 -4.774162963672438 7.796590873150337 21.857915972798583 -4.976623154959361 7.4747714741276985 21.70004520373697 
-5.74806590122608 5.193187197475142 20.621132988645076 -5.594655718514104 5.504064668822991 21.86144714819078 -5.306713810029871 6.043666711931597 22.931075967062153 -5.006659273142269 6.651906988221451 23.39908281673449 -4.705595435334027 7.152804233004356 23.43589181277936 -4.683860657002542 6.031508406154416 23.711721656303407 -4.168873253153695 6.747593753353175 25.008889799592176 -3.7274060838549627 7.078354084858509 25.752881737567638 -3.3265086250526235 7.312369600889936 26.35629921806106 -4.326234605419062 6.269950296856429 23.405423443205354 -4.262675491652747 7.48499820077785 23.445347398466375 -4.657443613952965 7.516831796848384 22.89971985386492 -5.071895948721808 7.333589376233918 22.75368470131227 -4.1439493296084935 6.6089984751155395 22.80528169756976 -4.434331355335383 7.7858988555484725 22.736723619752485 -4.967616926558746 7.736194721582586 22.346303461604233 -5.367694713725427 7.511049195193797 22.270599547696587 -4.045425274660833 6.964652693016258 22.15228050699337 -4.432361462973222 7.993584559541407 22.21780419723452 -4.745786382201851 7.805067558867425 21.84833843033653 -4.962966071673032 7.499818966718731 21.6935675682433 
-5.743613311414495 5.197295968878266 20.63250838094742 -5.591340973352875 5.5148452603818745 21.873250525619486 -5.273522475661973 6.043076981364626 22.94089734244526 -4.999125745855578 6.665047622914191 23.416515714535052 -4.699402187286959 7.154671221304122 23.426663118283507 -4.673326758919398 6.019946864812733 23.70209493293148 -4.153926936871299 6.74968642658595 24.988094189548864 -3.73367656454188 7.087822200576755 25.770268440821667 -3.354814957958296 7.315069813229905 26.38463717100728 -4.330272690125868 6.26896270705313 23.40030275696328 -4.250537643566379 7.480997300084006 23.44129109422252 -4.6138356494735655 7.493100513275024 22.894024588793346 -5.011088087812593 7.301690042129105 22.75034672854182 -4.157686930160178 6.6193783262957835 22.8090992141601 -4.423120070236444 7.770362729899751 22.747947988146166 -4.941653312391144 7.719257632319908 22.360137169400016 -5.3120932411653055 7.478601042869048 22.263184358705004 -4.067907525600503 6.986290176588918 22.164120399793585 -4.44592863986932 7.989008722081998 22.21564252812536 -4.756244137713483 7.791328253682197 21.866181729907492 -4.9588564470685 7.46962607063624 21.708466213632935 
-5.732970958559703 5.2083278184066035 20.63493478662397 -5.581230559210403 5.504002072192799 21.865171889067817 -5.294303390260067 6.035580040202409 22.92881981608162 -5.049220255273768 6.672861101595882 23.455207618825476 -4.7613207455597815 7.1771100413021225 23.517241741323453 -4.670767525370478 6.036642967278663 23.693876020696454 -4.160610648312087 6.756550376510134 24.9833793275899 -3.745557992800588 7.082240464601235 25.75324713948958 -3.3512802196982228 7.296874827261554 26.360785412033504 -4.313980876817906 6.274890530861421 23.387808812254484 -4.2809542309996305 7.510216170254998 23.449939145697638 -4.63349666002642 7.524380553108313 22.898020121499002 -4.998573443533487 7.319624857146716 22.737859956167213 -4.136117871496474 6.619120419903256 22.80196994177752 -4.426515183516625 7.7956442562232215 22.733185836315727 -4.911393056637805 7.724009926979615 22.32949451087195 -5.244441403978306 7.481107137738537 22.22847340624203 -4.056553210166493 6.982768705166836 22.160827965378598 -4.462130199599804 8.002919163439879 22.213175475256822 -4.774162963672438 7.796590873150337 21.857915972798583 -4.955884482337502 7.474115625036695 21.693957970701558 
-5.700620152542872 5.214050250827207 20.63268100120036 -5.523552534851659 5.457892702363634 21.877290680680847 -5.205710897047137 5.9429295273858695 22.93887098661757 -4.901951486249864 6.489302110416951 23.42225540275616 -4.600615225009584 6.922411505983785 23.471262219006217 -4.633897916305119 6.028230997415875 23.702112319500593 -4.136446865005979 6.758183539267441 24.99539960717758 -3.725072572109636 7.099255865002432 25.766048248830803 -3.362247311654732 7.339532013571213 26.38716663411672 -4.326109255921518 6.293421747944426 23.397473732470775 -4.264720964863589 7.492068893913941 23.445525480985502 -4.612450638249004 7.496439622389823 22.899954365215102 -4.975800983110828 7.300443873776474 22.745733327478895 -4.163588812524317 6.639883157538386 22.809603311575046 -4.408899251537044 7.771255220867013 22.7294381490684 -4.902693497866091 7.7156508567235464 22.341026883028892 -5.249389689011966 7.498160315545756 22.248911141999923 -4.0811867182676345 6.996455233421781 22.167458172397303 -4.425981952606259 7.984759784745591 22.203254792617624 -4.7214176909980905 7.791217735568811 21.842236337478727 -4.907827522102125 7.485979654195495 21.6984640092114 
-5.71126257509348 5.20302626303072 20.6302602502432 -5.501949454092258 5.420659995222702 21.85429884083701 -5.1664739286729535 5.923890950187327 22.907438289145997 -4.896086264434331 6.538717689843384 23.38926954418071 -4.6180514971276185 7.054813460623625 23.398277870492212 -4.677224854633125 6.018958647469921 23.696961600952715 -4.160303274437188 6.742841898643548 24.998581479881167 -3.7337800922602264 7.071579348939158 25.763620266331603 -3.343904971646851 7.302099950162261 26.372494102303033 -4.330137905744063 6.281740116129499 23.385697593834497 -4.252584058767615 7.488067521054914 23.441469550141143 -4.556507526702454 7.465456035703356 22.869955657626658 -4.890850065545427 7.25244183692225 22.71503691474449 -4.159524740072735 6.638467938703191 22.794868286147977 -4.377874099614901 7.757984974766719 22.71306314803629 -4.822835134663333 7.671119398473067 22.30616261240163 -5.127927235344627 7.411912411587671 22.205322307617706 -4.071764333608779 6.996627088324246 22.144745360313483 -4.44377810260174 7.997420799930883 22.221132687765902 -4.725386895002742 7.768884000506429 21.845700584556816 -4.887828667374469 7.435547721228675 21.69066887059912 
-5.745764384439845 5.19984796041967 20.65119978080084 -5.576240322081582 5.480899717210116 21.884432775105438 -5.251942786965216 5.991008073481606 22.930616922135496 -4.948393748064198 6.574873950297609 23.39140349741998 -4.664048952713894 7.064791276785813 23.44171014265277 -4.662880511860387 6.023505592139938 23.698306854845875 -4.158056316602735 6.751122665986808 25.0043898658859 -3.73367656454188 7.087822200576755 25.770268440821667 -3.343738670323356 7.318629801353814 26.379368204466374 -4.320102004483901 6.272417626579312 23.39660771260858 -4.2669900988299 7.486837637573666 23.460671315797537 -4.634315135993837 7.4972962903083555 22.90728167270538 -4.9996372514052805 7.29270888801379 22.747226677415135 -4.159653497344655 6.626212725593565 22.809267054414764 -4.42704234043886 7.78402571312476 22.748036497449533 -4.924066551388397 7.716527778742575 22.347775287740667 -5.280719245135435 7.480828855015515 22.25328031172419 -4.058475618294554 6.989410149778783 22.160872698148218 -4.457346550635241 7.992841258023914 22.21896851133298 -4.764867904176658 7.784509842355259 21.849380239396638 -4.971991249830168 7.464822991139433 21.706083695405766 
-5.747037700994123 5.192127179092051 20.64636262296432 -5.566368417935937 5.4843563165043285 21.881529678138083 -5.240712016276867 6.006871398823231 22.912392936776943 -4.949092209017545 6.637279676628976 23.37317013346063 -4.6655905924955325 7.133008125496103 23.38134615091063 -4.6857689407619825 6.023451808570697 23.70623242136392 -4.153957742834058 6.733839648689294 24.981745041148894 -3.729872704265574 7.070008277608472 25.746938736035425 -3.326679705353987 7.29585639650392 26.349437886767856 -4.326140210365682 6.267747755777216 23.385126875386565 -4.279103894244767 7.48770887745356 23.44390748037798 -4.633639506897515 7.509115296235463 22.892327342599387 -4.998573443533487 7.319624857146716 22.737859956167213 -4.169462499515472 6.622926353509209 22.81275020383625 -4.426726003081812 7.780408650297829 22.727564470813675 -4.926814793646822 7.72593224576357 22.32725760679686 -5.279871013107726 7.501630496267334 22.244296988228562 -4.0773461274611815 6.983171558913765 22.167370086352218 -4.44592863986932 7.989008722081998 22.21564252812536 -4.7477846085710755 7.796670248103449 21.842912806020298 -4.946993708931238 7.501128479171659 21.70189761703045 
-5.737663560585945 5.195444386482948 20.643954126203976 -5.543267689827866 5.454964342581907 21.863596312462878 -5.22591037964294 5.977651475066521 22.92317140815629 -4.950428095324419 6.597074603226125 23.397442813376248 -4.677189416365637 7.115732262383491 23.421653753079855 -4.679574699300306 6.012995728405926 23.7121423578563 -4.160303274437188 6.742841898643548 24.998581479881167 -3.7337800922602264 7.071579348939158 25.763620266331603 -3.3303615496202994 7.297516830434584 26.3663906481306 -4.3343074000750885 6.267974080298132 23.39518679437706 -4.258939849523513 7.496985116003904 23.45696845827745 -4.595875811766281 7.505946771393848 22.886855991367117 -4.9629240930176515 7.308432628207957 22.727154041326283 -4.149988979395082 6.614702277844773 22.800309808915625 -4.403057498861303 7.787829296252298 22.72594708238278 -4.88134347897631 7.714780041207822 22.33428524677444 -5.214531285652 7.472141898168607 22.233578936670497 -4.062754243989476 6.973484677585556 22.150447882014614 -4.44592863986932 7.989008722081998 22.21564252812536 -4.74413446670104 7.783668227235661 21.843095856211004 -4.9268731713578315 7.465437240286528 21.699373573659273 
-5.7425743147114785 5.1962413747441305 20.657747348192228 -5.561326115854994 5.465188187849166 21.881261574883485 -5.2398524234188715 5.9877155095082095 22.927000524427935 -4.966709285174296 6.629883518138844 23.40766731695495 -4.691328959345778 7.1573445589617855 23.43753975051532 -4.6857689407619825 6.023451808570697 23.70623242136392 -4.151709229806199 6.742114430556796 24.987549835687233 -3.715619740838444 7.067684639180649 25.763241479312942 -3.325238579143176 7.297738918203517 26.371573285587402 -4.338307476308387 6.271292145735886 23.389102965750993 -4.256891087656164 7.489909183384381 23.456787198115602 -4.612450638249004 7.496439622389823 22.899954365215102 -4.975848184078797 7.285252961441144 22.740077229603173 -4.157686930160178 6.6193783262957835 22.8090992141601 -4.405740921604534 7.767807848064133 22.73520505862461 -4.879601729490546 7.693004187051945 22.328784960196337 -5.22436550021923 7.454123271930486 22.2313699893013 -4.052741630799089 6.96657208089418 22.141293454631224 -4.425652813086318 7.976852737518853 22.223631319618224 -4.7129441154573914 7.783131265919724 21.85367236072553 -4.890242329571599 7.459331961525656 21.67592192597819 
-5.7346803859971605 5.183511596019791 20.644086924764583 -5.5564880027215455 5.464277106276207 21.866668019779095 -5.241708888675297 5.994489499492158 22.927214600397548 -4.982823275126058 6.632203340476973 23.406281399737008 -4.703049966763176 7.158106601157108 23.42060786269504 -4.692023395505441 6.01649807996905 23.716284866171417 -4.162547139570179 6.734563934114406 24.992776963620354 -3.738702040356712 7.054888736485493 25.751737778761797 -3.3528746476693967 7.287009922176244 26.377414559443988 -4.344481533580084 6.264517311491293 23.398879411973613 -4.275599180967015 7.487395331128391 23.470513548070688 -4.617500799417112 7.50175518322027 22.935711249474608 -4.98870559460304 7.292444630045935 22.764336872611235 -4.159790335576672 6.611411896999166 22.80378709895735 -4.4219178043436 7.773743305392588 22.75376537412164 -4.905708039160044 7.695907309572718 22.35038188270204 -5.244020058809367 7.448223094991101 22.23796866892519 -4.056773435908552 6.968167424941148 22.155568451152604 -4.437071734035166 7.980684600740483 22.226962855336637 -4.743130410772302 7.7811436455368606 21.863165268401527 -4.916845022730449 7.444234285254944 21.68527486871885 
-5.746595677743084 5.209222147204793 20.632372210605908 -5.606255958184648 5.530559271853675 21.87641256214008 -5.28645214273182 6.065518329648131 22.929868073527494 -5.009917558035064 6.693580560799773 23.390283662923515 -4.713594961377592 7.180920094850708 23.43670572911247 -4.694013844682893 6.023564270741195 23.71663516252826 -4.186375047341124 6.750931436958741 25.008668832797532 -3.7462110693496578 7.077963585826606 25.79120123088359 -3.356042300155907 7.308584132757338 26.400786121461582 -4.350654323725699 6.257739869576082 23.40866609868094 -4.264743233930108 7.495199794740382 23.466350314710834 -4.588432099001011 7.497191728880585 22.912866714880032 -4.910270165768819 7.266683266110792 22.72723221991102 -4.175765134700477 6.601549458731282 22.816693610836133 -4.3971697161206045 7.767349558427639 22.7258183810555 -4.852734788168524 7.695452084797152 22.30690576273752 -5.172446481941075 7.443109990544776 22.20295513954483 -4.074304658859683 6.965317533532835 22.16793444302364 -4.420949218043709 7.989749998915526 22.21447696712937 -4.700056346172618 7.765967232713657 21.824991122494946 -4.873692855091698 7.436531609151252 21.673222958486754 
-5.715536824775573 5.207243226110659 20.62530183144173 -5.5420563016471975 5.504625013720552 21.866316063494658 -5.214287112738673 6.05047668127236 22.90688254285045 -4.942041289031425 6.68699395872687 23.359769628761242 -4.658344771157199 7.198028334888783 23.373976051684846 -4.666782703655992 6.022520133897716 23.69317854893405 -4.147276680610739 6.7388002815573635 24.993541385868568 -3.7337800922602264 7.071579348939158 25.763620266331603 -3.357455681871143 7.30668575312103 26.378600832249575 -4.33833875154134 6.266984425597679 23.390075561786787 -4.246799871585102 7.492982252889775 23.45290575447318 -4.580104052222776 7.488383777419961 22.88301120325892 -4.917915017307904 7.263427524550894 22.71617333498032 -4.16988612124469 6.61851468540316 22.813554716279796 -4.382068134162959 7.775224763403986 22.733575033759024 -4.836272476833705 7.681517648976182 22.309481508879628 -5.147466915593416 7.421019825776514 22.21738762101503 -4.080070124499645 6.98524559724024 22.168076690434045 -4.457346550635241 7.992841258023914 22.21896851133298 -4.749768465557779 7.7827338038289255 21.851806655492293 -4.921555776641205 7.446151686999911 21.699659101790644 
-5.718669546680407 5.2112928082143695 20.592032255989263 -5.552722204300363 5.5190959365458845 21.827039872876068 -5.249589377841479 6.062644991928265 22.895979999506782 -4.960033717359521 6.701021452147659 23.357658356405317 -4.687754903945924 7.210546817843795 23.418289565364727 -4.714379314794371 6.031757756694623 23.687558493863616 -4.177849049185419 6.702663268514817 24.97856395755241 -3.7387992409971393 7.009935823567208 25.731243838785836 -3.340881348711124 7.234445201967627 26.32810508196101 -4.356532748651317 6.265845499543112 23.38255200624227 -4.283235498065547 7.504996612621675 23.46509906919682 -4.573164205219943 7.525376660981372 22.88491747233993 -4.907272904855262 7.33216976982396 22.693608095351856 -4.177719425328816 6.605849248617301 22.79698222706157 -4.4028415627323945 7.803061197390725 22.731564623671048 -4.849605628777002 7.730269610387688 22.303095947283104 -5.181382569001243 7.484210189388364 22.181845005928107 -4.080279303223148 6.970636028809884 22.16281562228062 -4.435950104895407 8.021981395114532 22.22316466703855 -4.709972573979052 7.81029911901017 21.824114963518223 -4.891826781792857 7.488470432400652 21.660704930683366 
-5.703176848790998 5.1990777440489095 20.596301025766408 -5.499759592465391 5.467621495587359 21.809714398991535 -5.193595296267285 5.99269117817889 22.869654323712453 -4.907608865612328 6.619230846826199 23.338327954875734 -4.627437222379769 7.140718097049468 23.416211039258283 -4.691111086103246 6.0447963998850005 23.664817983806138 -4.148024838255365 6.691101570990721 24.930765114183846 -3.7068643289647287 6.9899290044236375 25.68089849273898 -3.3065242149532588 7.222111211717236 26.282189424155543 -4.358061521926709 6.2854359919367955 23.326684364392243 -4.249776050079908 7.485736377807576 23.4410353305131 -4.581495762841418 7.498639090163678 22.85603113195206 -4.942551519187828 7.30174635106182 22.659902879802235 -4.177227443287731 6.6000897206368005 22.716795934991264 -4.399809924093445 7.782417574197082 22.70523835071508 -4.881948156517289 7.710091043737185 22.30182654993632 -5.20844367018406 7.459308508694029 22.185800766277033 -4.064360822135912 6.940899758253756 22.042350747787854 -4.427092042524141 7.983572108890032 22.16301111609433 -4.732853577546456 7.787878192616858 21.81963557065354 -4.899750484557546 7.449703995020264 21.653366152540944 
-5.72291754801021 5.215478506599468 20.587047061852108 -5.52153178624554 5.4761030949918785 21.794553600562764 -5.183013880694419 6.018078448485705 22.848963508423196 -4.879799243258699 6.6698506801163795 23.310155728185524 -4.601723639989627 7.203708468422868 23.346788127023768 -4.699090038039251 6.032078826461404 23.647601976785907 -4.150282066114411 6.671079601190071 24.917921897169702 -3.699820670399309 6.96635863345045 25.67883057790376 -3.3042370491460606 7.197559154537586 26.274539125644687 -4.360083302628185 6.277446659819877 23.32129370514311 -4.266209842295838 7.488453745663249 23.439587652252325 -4.599848442101311 7.511230408543228 22.87483652244924 -4.962878565824475 7.320781732697246 22.678576066543158 -4.1892827930787755 6.616514413133861 22.746503869418117 -4.411221739430731 7.782703804852289 22.688409704847516 -4.906034236593098 7.720370199260848 22.28804025671172 -5.257069711066116 7.4831538483583575 22.178224550791487 -4.076247186525579 6.960240776420359 22.090253136457267 -4.424539469002658 7.988041620519629 22.148406040286517 -4.722776214656622 7.779716409774339 21.770888716659194 -4.916421796847849 7.451005637462062 21.625153308513337 
-5.735067653183058 5.187991948863095 20.600145015817716 -5.550174660602093 5.451733236161609 21.825768044186074 -5.209310810267077 5.984611664181107 22.86123479636526 -4.89648396748348 6.6093849625156205 23.307228646338892 -4.606996385534746 7.139245359541548 23.339399015540412 -4.705161049422348 6.02742373273992 23.63586718097106 -4.161354274067861 6.6812393997938235 24.90721722392771 -3.6958284710835283 6.981003474157644 25.668843948860427 -3.291652191868564 7.210997479407861 26.25281118294081 -4.366070198271943 6.272775015074373 23.30980731594743 -4.235387447027037 7.483841239336874 23.401087123153026 -4.570903631776022 7.513407988265008 22.83750389563439 -4.909683348171356 7.330826548223983 22.640048087800587 -4.184878515266007 6.602204377297763 22.705707886161516 -4.369486864520912 7.758588418854972 22.64236765376324 -4.837437937560513 7.715658618683046 22.253181245051227 -5.161760021035931 7.476398795787705 22.122549694684377 -4.060326706680889 6.94223386500615 22.047494587136875 -4.384610683938877 7.937822009313117 22.11328288007771 -4.673284368719563 7.755175802031961 21.764583819654096 -4.852822862098148 7.4427145408300595 21.60721438655601 
-5.751612958347606 5.178819299537886 20.5862759921227 -5.586569209958208 5.461622155634348 21.808496347260657 -5.255278595069397 6.007611656434595 22.84037822971529 -4.992081672442834 6.675540425190846 23.2932469134331 -4.723088942770565 7.200352978232957 23.33337385791468 -4.7170728121739085 6.0287886423896175 23.61931930954499 -4.172404187753344 6.703141277742173 24.903557222585825 -3.719309961429424 7.030905199487971 25.661913733933435 -3.3174410238704324 7.256073086352171 26.262952980654006 -4.369876323057743 6.273849831575116 23.283466628208462 -4.298173682337445 7.492319169958364 23.39477853041292 -4.58576688190502 7.488575214531265 22.830174660347925 -4.885397475943721 7.275950951711159 22.622605947584415 -4.200150040094264 6.606427181419562 22.683524730388513 -4.397842799560359 7.757815379687687 22.61784117874493 -4.827158828483782 7.684541471515236 22.218543560451554 -5.11628642994581 7.441485491211908 22.1047475571116 -4.110795148374643 6.948491681213005 22.029982189873188 -4.434847459242919 7.929141993123806 22.0897489085542 -4.7055467208619515 7.743367308387776 21.728745174422027 -4.889840643401824 7.442175322978761 21.59138887281001 
-5.789486464609689 5.18368743642692 20.556632713681307 -5.6228187863054435 5.453339167132575 21.805529257422453 -5.264387490390441 5.991648224279162 22.81654876695492 -4.9985096387089785 6.658339325671605 23.296489792267863 -4.741539044474941 7.187055315852846 23.34073994027946 -4.731060597069387 6.011442401719803 23.590377048261022 -4.1942532591051265 6.693945617872754 24.890954604324463 -3.7326949904453 7.019043655197551 25.66086378885898 -3.3176155534484373 7.239625856590836 26.256137750506753 -4.387991509940264 6.2577689211366545 23.270240094790044 -4.352238256129567 7.518838699795762 23.405276664829042 -4.673365176456089 7.5376856004069595 22.835101517304434 -5.009662758808916 7.326610285043861 22.63124470415513 -4.217663202777632 6.590516660915619 22.67041361521636 -4.4422436346066245 7.762913390806322 22.61165930868334 -4.8954379084143 7.703069116553157 22.217984738910083 -5.197527757227409 7.469464493867087 22.10679506870425 -4.1235421351774475 6.931132567050651 22.00273623129923 -4.446710298595229 7.925831316057225 22.067307860786297 -4.732718368858264 7.745725709300385 21.72358673669114 -4.8992639448049315 7.432527297905471 21.568859624734877 
-5.8298231708739845 5.1017341650042365 20.445016183130257 -5.728292909339861 5.3211431761998735 21.681939967228065 -5.450083696091298 5.851991059245237 22.796935380795556 -5.234358362094976 6.551538975626728 23.402891326845918 -5.001099528051813 7.13157588402635 23.541488710102243 -4.801522188301313 5.853973102247417 23.47000870557619 -4.298723764583716 6.551453992654295 24.78333598869436 -3.815133532328813 6.890369980890908 25.53301582556735 -3.3983895918465232 7.118030043803758 26.117257490987708 -4.444973637280323 6.133516108196469 23.10312047076845 -4.474308290474073 7.419487307178965 23.531543355403333 -4.785231187373961 7.404435828003708 22.99915026136258 -5.081765477620039 7.129833702028279 22.74553922239804 -4.26989965107413 6.510850981992456 22.52772090494546 -4.51818191348946 7.659186236718499 22.711919431085263 -4.946008819432637 7.580006457980787 22.35189982100687 -5.2307491363555565 7.294435096701313 22.206232227911663 -4.177865460075214 6.8805423905066 21.887027524250474 -4.556461269299435 7.894708792234923 22.15634091646038 -4.832713190807948 7.695885682690515 21.816743103980617 -4.988911363328383 7.353748306077092 21.62161215158455 
-6.380159476376693 4.521512709034664 20.444909361287284 -6.235370915088222 4.5706889259122505 21.847265089100613 -5.880243435521816 4.997681612014898 23.07816265096646 -5.57469731148417 5.598155034977783 23.831366718918733 -5.304941733797413 6.123141735718968 24.0756214553429 -5.25481362222457 4.825519056737383 22.982970130024047 -4.9302605808959425 5.895579648461703 24.20894983491512 -5.378009022244736 6.563578186093698 25.050494526832235 -5.872402262142276 7.153228810490131 25.800652523792447 -4.9501415377408655 5.102090814447354 22.237256772898395 -4.745397726133469 6.3522263652836255 23.586071631076994 -5.167780534597318 6.26931437274675 23.458298952228887 -5.503621423693864 6.005246474400133 23.13431861361318 -4.787639583820442 5.430117215883999 21.613679074301853 -4.773985629508483 6.617390261730516 22.895886716959517 -5.259148383507719 6.520496166333679 22.80725362960702 -5.6122224919030455 6.268339087132698 22.52255739028859 -4.748895532560305 5.768657527694747 21.09277893852589 -4.872566028776324 6.819240328133382 22.27280934100556 -5.339916401936384 6.780641489814598 22.336147704279934 -5.634274534821515 6.558545373754207 22.12438983437504 
-1.0 -1.0 -1.0 -1.0 -1.0 -1.0 -1.0 -1.0 -1.0 -1.0 -1.0 -1.0 -1.0 -1.0 -1.0 -1.0 -1.0 -1.0 -1.0 -1.0 -1.0 -1.0 -1.0 -1.0 -1.0 -1.0 -1.0 -1.0 -1.0 -1.0 -1.0 -1.0 -1.0 -1.0 -1.0 -1.0 -1.0 -1.0 -1.0 -1.0 -1.0 -1.0 -1.0 -1.0 -1.0 -1.0 -1.0 -1.0 -1.0 -1.0 -1.0 -1.0 -1.0 -1.0 -1.0 -1.0 -1.0 -1.0 -1.0 -1.0 -1.0 -1.0 -1.0 
-8.36214221549848 3.675843911881564 22.608268906412025 -7.770372384244989 3.412934890639718 23.914809148336676 -7.08521027174566 3.772771737317922 25.193345405440592 -6.456142198055094 4.499057020197511 25.85085228232142 -6.101642711857219 5.211148458343558 26.282458235989854 -6.128420174115875 3.525166984054955 23.596726489651548 -5.014228955668815 4.687992408221324 24.164564350424925 -4.6009383780242565 5.340463265974566 24.656114518621013 -4.330713868807537 5.804034338838425 25.001785204302355 -6.156213636466682 4.029144204714487 22.760467516670946 -5.018593253770112 5.4289224526029525 23.78397654262548 -5.444598078907999 5.921775695161037 24.70798355988865 -5.938447457053483 6.018553291322186 25.241400645862758 -6.430655542908746 4.603191354862663 22.387391021686987 -5.541410233158875 5.883607104212203 23.41822758989094 -6.045867369314515 6.171684484958877 24.288954423767947 -6.54288704445001 6.0877840985181235 24.735929895304526 -6.8049093988989195 5.121211396212564 22.267598731678778 -6.080763898339084 6.158215674307933 23.132578403172452 -6.3823019752403995 6.432068154861268 23.867577835497336 -6.778482506382894 6.389491720882031 24.317344841294823 
-8.722838813520656 3.8503473321709527 23.33589736461238 -8.101605025832757 3.5314838330910847 24.490288597879218 -7.330947122055529 3.9248645044777684 25.6332964477686 -6.713856581247198 4.6838715536186815 26.310666348891942 -6.384698364338485 5.402029989217958 26.91997306886324 -6.385593762295668 3.708224002072928 23.888135706445404 -5.180224469210658 4.759788991695488 24.4434443713101 -4.751115059865613 5.442120362222493 24.970260609361667 -4.59603994839712 5.950306709420733 25.417221699411996 -6.462454612563961 4.23863621720125 23.16888598267682 -5.200015804543839 5.521962128580232 23.948391191515423 -5.563377537514225 6.0163715267889435 24.946902938984724 -6.086113679275583 6.109962555636179 25.53134739250457 -6.75275095993855 4.825721875192039 22.843030658747157 -5.743925437322813 6.011883674291949 23.653728409680284 -6.1696315018332 6.326857109570568 24.603428721571053 -6.69104745656329 6.2893898816822595 25.164203618835046 -7.163337243494979 5.339996287585359 22.771619425928822 -6.299228605215436 6.367386561861572 23.427008580023713 -6.4480539964912085 6.692631627868463 24.178445215899718 -6.780465107808331 6.7235470629383745 24.74517904338225 
-8.99246520388294 4.009341216150173 23.9262717026876 -8.299579782802697 3.674709694921238 24.986820424964343 -7.436013694591972 4.118797420592285 26.016703716775783 -6.759505426717164 4.884619955596118 26.643219548312985 -6.350374811222804 5.567436025930056 27.27044302214075 -6.581993055206859 3.867267440152569 24.18958963412973 -5.373411841426999 4.948390564280715 24.720413849017778 -4.967209967191702 5.650914544347998 25.296796795507582 -4.8327350684845145 6.20507949192553 25.76707454713569 -6.698886838037633 4.4175252198778985 23.491502556349324 -5.421689132308354 5.681287024611719 24.132734812252593 -5.64054142896892 6.242236946259547 25.194449387808206 -6.094176848258213 6.419813026570178 25.893097426638885 -7.015127682351981 5.013087559812332 23.22456433634562 -5.9400890862786655 6.1965180974520955 23.867070027430252 -6.271899290448364 6.583988175786568 24.909519994993484 -6.757665176695153 6.6236656044654305 25.592562331737273 -7.443778116342388 5.563608887060317 23.23605570052491 -6.525313028118553 6.548450604681063 23.691889767530093 -6.654838042773315 6.837630807714292 24.458271999264007 -7.045555202222082 6.877771251522575 25.11627657750812 
-9.27528634369724 4.217971344560974 24.85919356901425 -8.458448785798634 3.940952947766722 25.793083807845594 -7.405976851730786 4.372818908684133 26.55693051178307 -6.471632479552267 5.0012006602106736 26.957433757432717 -5.731802022536814 5.465647035517487 27.27202038102533 -6.7436835488295115 4.189016501181229 24.61789203931453 -5.445785877350271 5.209127906865785 24.868024431141954 -5.0120434459466825 5.885567800068779 25.42578163040099 -4.851621819635697 6.413413548455907 25.87683244163289 -6.944374744455134 4.728788472222276 23.960204810754693 -5.580252833391912 5.927400091293742 24.296541053429316 -5.544900514123941 6.407134469658111 25.221245892952997 -5.759782811068972 6.53003045213536 25.803821597242468 -7.27405580527375 5.283293837858459 23.736628960466614 -6.016178044420154 6.393088055798071 24.025122526594764 -6.0861255997354125 6.691773250489544 24.959276507482787 -6.398098906675116 6.683079928831143 25.577757993802273 -7.704263550717408 5.791369231362199 23.781161559573864 -6.5817767223071195 6.667832696754358 23.85608675669384 -6.533683227465046 6.881424851367772 24.508615631561295 -6.788591119700546 6.8701819673339575 25.07357365472548 
-9.483292877423754 4.236709875316964 25.985789675075416 -8.509609174371962 4.040621734380518 26.773196543431318 -7.25254474883099 4.4826282444207 27.190371618567557 -6.236193114134928 5.125490460644065 27.34126190020333 -5.408242801324521 5.563575100666561 27.532501333116596 -6.920160467324869 4.215112123402527 25.079612759601527 -5.59659005224648 5.189559037024385 24.802724049927225 -5.054993716132943 5.822721369556481 25.181692971458816 -4.738047878397081 6.312002351270148 25.51842907696974 -7.25215403114622 4.672082613458367 24.440888487017574 -5.720887361959431 5.819903319878424 24.15115273311581 -5.381710737769872 6.237454374268403 24.92388342935361 -5.385378682263655 6.355671836016615 25.4858930603533 -7.5968396960096625 5.163793500399219 24.19778068608303 -6.17631455448063 6.213341580300975 23.905645233833198 -5.95297070014618 6.479820340583296 24.685732494076934 -6.0327571016692065 6.451194362823061 25.26579507458016 -8.015499582205296 5.642348511424008 24.28240486990467 -6.778279874803759 6.478879592394676 23.873942360190995 -6.495380355335126 6.697926924897039 24.318230787544216 -6.545195147006168 6.6717651262250275 24.7925847669888 
-9.83667225137525 4.157343220273763 26.180515514876856 -9.091238474989767 3.9914058192331687 27.039379505957907 -7.802259975963271 4.233711043988544 27.426545948306863 -6.623241512948151 4.726311314572394 27.396527091310734 -5.767413333831443 5.195672084605219 27.362874875756546 -7.471975610637318 3.6755351767107736 25.18934614766594 -5.821313020195892 4.5195964187127515 24.592315736448114 -5.665654632020058 5.230891690542254 25.151100260485364 -5.8053391655468545 5.719453050244052 25.720729493377767 -7.695780834884034 4.12830020250493 24.510734279223165 -6.024685860573377 5.196046870806168 24.154973696237686 -6.252730670183932 5.874659578839495 25.168432079266392 -6.773125078518488 6.081344420989258 25.95262812370018 -8.032005385443759 4.711650002934383 24.324787876174682 -6.475318267921205 5.70860659633451 23.940907925528627 -6.855009266632371 6.2406227898820195 24.923981014203317 -7.383345391584875 6.3309222615092935 25.634098628784933 -8.353291099224368 5.322085878475555 24.384936478173348 -7.0594644104649635 6.062826571891224 24.050794330296814 -7.242306595940707 6.482094861279867 24.691749945562798 -7.627123940151433 6.5404424345447705 25.219281881420557 
-9.896579606197918 4.148269210552962 26.356809136466065 -9.283436637023117 3.7650467140434563 27.295755735721958 -8.201267346389928 3.6720008415415024 27.854523769535028 -7.156180394089464 3.9345881209219455 27.87235026251387 -6.301050732003294 4.2219928634498425 27.626300408852472 -7.952949897794927 3.1262939637182305 26.153537917769825 -6.701412782820999 3.6044308086723613 26.038306181538193 -6.305029033242197 4.083842755351989 26.549783161764566 -6.190746387267131 4.502689512988638 27.14010026996342 -8.146725851298228 3.667392459728684 25.610034701771003 -6.703297752136724 4.3083929541044075 25.83621873128227 -6.832237284105977 4.793201584916753 26.644363867780914 -7.289627930954109 5.0361113638392565 27.290164926721644 -8.332763577049597 4.292204037297064 25.28080801801699 -7.044634791539066 4.931496328949465 25.502206583145593 -7.450124906701795 5.28417328147217 26.36012570680054 -8.007705955605601 5.390030046326314 26.952719508481227 -8.469322857418119 4.89433656835913 25.04580806098492 -7.3557480287502495 5.424493461021498 25.316161001459772 -7.585844641836123 5.582612061014521 25.8607899483925 -7.976193013975519 5.590833809325177 26.20997614447219 
-10.04043393739267 3.7246846120630472 27.35150176283119 -9.392198621719876 3.3533260414412442 27.999425117536823 -8.307013779587827 3.367814505965232 28.421915551285146 -7.356082258507268 3.739241599138272 28.509327517346676 -6.669863713311834 4.132603417131382 28.553043735273825 -8.00911106341653 2.8423367684116285 27.021743760128 -6.720134943809996 3.5397639229630586 27.000027294830236 -6.143335961315689 4.098200865031495 27.28484221260702 -5.776655332465759 4.552077183314022 27.511983896692048 -8.175652723421692 3.3172972588287926 26.320657904064085 -6.691099439451868 4.242576834149546 26.605123525595086 -7.0350952210544015 4.751966684552848 27.538506652284767 -7.557223112129908 4.899489268788353 28.211738678264425 -8.387334981899578 3.8866031493896758 25.902818042629484 -7.179148346515748 4.775155529011757 26.35023379004933 -7.741153266723618 5.137045753697851 27.34127494309051 -8.298318022440915 5.141690140851275 27.929018324949524 -8.612603239752481 4.47692222528525 25.700165273616697 -7.531847189765632 5.178470772755103 26.013588356265107 -7.889762580737701 5.444179483514305 26.758394396037904 -8.369998083993448 5.449276019712887 27.290377779936264 
-9.960142207505406 3.6520140938527836 27.918102601191414 -9.357494033371086 3.319381036383172 28.814880844074047 -8.354098283273663 3.4077676706354274 29.387117161403996 -7.48660280566248 3.9030819935133603 29.466535360960542 -6.93946140578279 4.414609323503109 29.563368564287902 -7.875621742733757 2.691008411112235 27.763673801628023 -6.604440455533018 3.5445254377644675 27.906026281940992 -5.880023848953228 4.127635912470973 27.919526400124642 -5.3092735773927915 4.536513730869707 27.8203573876813 -7.991120659630353 3.1657389383857035 26.994409088400296 -6.75700884110723 4.47666108641203 27.698845573143494 -7.269522370023958 4.754078738017274 28.397708405578246 -7.769562044579904 4.6157540987473435 28.630650742234895 -8.221042476568329 3.7556339202453692 26.59084682580387 -7.222546636819313 4.91690706245572 27.391072678524708 -7.82260564899915 5.050060803939952 28.144167070616042 -8.264745982243776 4.83002263725958 28.32111457983577 -8.556859124239201 4.370786430844082 26.45153874109912 -7.638467923521531 5.212757927755617 27.012748143256744 -8.04646907432419 5.352506706165609 27.65569962286896 -8.511599392620878 5.2061031939652365 27.98236625431411 
-10.030832938944085 3.2229887701343904 28.82716784887419 -9.255274892647035 2.924138981678718 29.544088692223646 -8.108397025286683 3.287757056009765 29.845036504576303 -7.133084190102494 3.9739342663405988 29.649226399991583 -6.524586886004183 4.428341501541404 29.392676143347767 -7.641543624583253 3.059632443688022 29.305187927790207 -6.411607745516762 3.985548171732003 29.323860903800195 -5.682380490538726 4.532735434518838 29.163353260232235 -5.120447806881846 4.8771661862806015 28.98849370941873 -7.824563832695481 3.5331530475561994 28.575742810398857 -6.8496656280553365 4.876663327348119 29.141633806004098 -7.299524766119968 5.249448396290028 29.62642964152482 -7.6727447289280235 5.239739980612155 29.88223535450513 -8.11924916789186 4.040919382747858 27.993564261119595 -7.306705871546694 5.193532340198482 28.620147200147667 -7.873525033389067 5.186307315320183 29.052977111579974 -8.241381645087658 4.899205229212698 29.188432566679115 -8.492828274467783 4.531059305328334 27.602424089185433 -7.757840837567074 5.419530946636502 28.216404928809517 -8.152889479314988 5.408045331940467 28.66409666610815 -8.524402294470862 5.170091527707362 28.846115367818392 
-9.281309926063566 3.055643532838549 28.798436465437554 -8.418129760105364 2.91745124950914 30.013964479539872 -7.5858991623064735 3.5251394440672557 31.03382067808616 -7.008187589323935 4.425900485967856 31.165588533186344 -6.642516438843242 5.060480229023562 30.655174850428686 -6.650649237974741 3.3265598574938045 29.34999540489979 -5.563261337908985 4.355298117875434 29.061678156257226 -4.892592867076915 4.923387902404958 28.794334333616053 -4.32167440174673 5.312775975852352 28.4220560359085 -6.766524506309 3.695154901292174 28.394394299299176 -6.512298484549316 5.289807555065218 29.471187584791114 -7.084030137127632 5.35110536448916 30.200304008257095 -7.374858218772429 5.045488136379602 30.339816488952856 -7.1035946745310525 4.132992115516693 27.862878561116677 -7.004464359726272 5.540142839134286 29.06130176801835 -7.5222994941498245 5.399876666171761 29.6888686335281 -7.734518280615816 4.983622844697094 29.714269312700075 -7.581842416108288 4.540331141565845 27.633209315238812 -7.351278318530479 5.651541673300704 28.60166389747331 -7.735324691508141 5.544123471317205 29.167808075126096 -7.960195768006339 5.152385671365252 29.18043554355578 
-9.148749645164449 3.0905370252637665 28.73999641968354 -8.45275977962467 3.021331756063892 30.232459188158092 -7.537970495229226 3.7673084255918043 31.321331459040675 -6.784200657138529 4.727185373559769 31.190780991787033 -6.328159401598849 5.2373316051026135 30.218709583294586 -6.5964936696684555 3.534057275377592 29.46123943770155 -5.431171019080316 4.578444846454182 29.136853809920837 -4.768743503252621 5.121163662760382 28.867322023416097 -4.224982083979559 5.550025492204339 28.54898704961844 -6.731697321697862 3.8919820783960546 28.41612593085281 -6.389011099379567 5.45630829739785 29.308831489351565 -6.951750183912421 5.340939534574541 29.873781921208607 -7.255775176610032 4.9181567866262625 29.91513996135961 -7.104971384589582 4.294365848793982 27.865543473077604 -6.888110849073594 5.605354833895711 28.888416513571595 -7.354640697770759 5.416992037654837 29.367287119018542 -7.5867373604705985 4.970047432404018 29.33805750918955 -7.534869655394982 4.6390062627341635 27.556135798094633 -7.279148030876638 5.6700561627119335 28.48386248167729 -7.650627410845959 5.53396982206407 28.920723866257312 -7.847534897003375 5.130670981076769 28.80867565295141 
-8.959831663003952 3.021870259894326 28.540736832630227 -8.262866648955251 2.99481234732999 30.04085067729121 -7.354742698558096 3.7567760955230196 31.091877729178627 -6.62173014971438 4.731887948980071 30.988276446462226 -6.185486015317855 5.205698147271534 29.96565037806104 -6.451131530837654 3.5375272885238953 29.292587098604432 -5.300383619154178 4.6218459900608515 28.989466552477985 -4.657829143538081 5.182289831550551 28.739167541647074 -4.099688586589903 5.612437515991942 28.422835589633703 -6.606752349611525 3.880387748449527 28.281005597636923 -6.341326016221524 5.485844201532495 29.16742008899845 -6.8974305245498995 5.379571698276428 29.70751629005221 -7.142215724534452 4.928144992057513 29.69289049795395 -6.973119715182866 4.26438411883994 27.70692717267587 -6.824355079410831 5.611595665723449 28.725659196984083 -7.271180918475062 5.420071348863245 29.191713264222216 -7.491080819503082 4.984747045395661 29.15429027692174 -7.417491516818965 4.6058184205935735 27.37199485810054 -7.181277941921756 5.667510267271466 28.307836940152804 -7.542681784935706 5.531274674956944 28.71903153957519 -7.736666217891895 5.148984305730141 28.62195424752278 
-8.859510759889044 3.0087212358030695 28.46908760760347 -8.179601716289852 3.0184718078336306 29.98699115420915 -7.285386903509979 3.800241376837431 31.058230639594008 -6.567230295056291 4.759017018520874 30.92800386391672 -6.1508642495527015 5.196409841689764 29.92199223989318 -6.34636419992316 3.5982970580045976 29.217015752666477 -5.203329481550173 4.721304339176371 29.00767920122749 -4.53396658006062 5.31794449177369 28.78206006223078 -3.9604877121564 5.779038135037313 28.496050977995054 -6.485745245209349 3.9190171786043435 28.170785559357398 -6.283199389262344 5.517185205304377 29.152580185023304 -6.848803030856361 5.3576169773200695 29.67537714232006 -7.0882749423514735 4.8972306173041 29.632611809763855 -6.873935169866033 4.279817108707145 27.61166602227144 -6.771577178617618 5.656306120976215 28.712042145238108 -7.20647748233775 5.424487680992588 29.140759429366874 -7.409118275194923 4.966609008381172 29.054830178768043 -7.318540601649907 4.585851631176299 27.257162992409533 -7.121721415012914 5.673806581586352 28.22687338910599 -7.453778228639048 5.519704872262198 28.608025669364046 -7.641552264234974 5.102318872941128 28.468600094739564 
-8.628147944861242 2.978769737231738 28.311660373220196 -7.96449077233909 2.9802469264838995 29.832844460559905 -7.102230605440606 3.7810357207714524 30.89083784947531 -6.468879737972237 4.738526510978456 30.836098215935994 -6.078448610003475 5.186298839487778 29.926415505285604 -6.1472109442432785 3.6124772409511197 29.129606494565255 -5.051016100497224 4.86286143486253 28.99035794962798 -4.421607709225271 5.512783946358383 28.86813981742045 -3.913073181583584 6.030095681985019 28.695626574342455 -6.316379975657513 3.9266286239870887 28.11267939186499 -6.231698308633885 5.556782044378963 29.13363342519694 -6.806833665776283 5.4044191206798375 29.70193986212012 -6.989326917140019 4.940448185250895 29.62042219302486 -6.730517798904161 4.285102073661648 27.55105546055629 -6.714145176953864 5.691878292853392 28.701056864634335 -7.1567894598706285 5.4662514993933335 29.148695076209158 -7.313364682681313 5.001183146505036 29.03804790903006 -7.147641043419334 4.569398747001213 27.147030058281125 -7.017514158971195 5.679635925394729 28.1288422916654 -7.388035736488141 5.540135050043309 28.540987826752467 -7.569414040684291 5.121930223031623 28.44157377702321 
-8.720726887175031 2.9669463167642856 28.2768451774175 -8.040424709166567 2.9759420973537765 29.780971605336312 -7.1907898479051715 3.7683850808337835 30.857127396751466 -6.539436802788082 4.713511210784269 30.819316773698418 -6.179721690672761 5.207616293173375 30.00170937408987 -6.169675327002742 3.594611266770425 29.090770802806748 -5.07814866635153 4.810586610203082 28.95592631049299 -4.466618808682245 5.439123780550867 28.827708095518123 -3.93931637769903 5.934181976662608 28.621389824981414 -6.334644844876888 3.9255413431997455 28.08696521868495 -6.217222581322449 5.528724925585536 29.08320595476428 -6.787695684704319 5.384095934572012 29.630032917271556 -7.016807041294742 4.9210727991310055 29.599997885688968 -6.733174464958658 4.296915744006956 27.52586807890293 -6.686785018589463 5.6589814367027556 28.63782183403492 -7.135691781974882 5.428055502809716 29.069234788115125 -7.307172161191151 4.977292435916568 28.97372204877085 -7.172967809183033 4.592739852907508 27.147932982455867 -7.041505137331297 5.675881432824023 28.090162548773318 -7.406123649448996 5.5288444636388245 28.506313268479307 -7.567842727392676 5.1078548932331795 28.405522349746622 
-8.781218831502793 2.987473283772184 28.28522188595077 -8.09589532028905 2.9900980569978577 29.771059951057406 -7.223978456146864 3.7894025126335475 30.8265958002284 -6.579938537493823 4.7256035844000115 30.80403414823984 -6.206238323641615 5.214887743571271 29.97171512291031 -6.194473513467747 3.6232325660395737 29.048110554339427 -5.103320917813387 4.838539621419346 28.939758569126475 -4.471368952494868 5.461840833755734 28.785316417585136 -3.9421909839097076 5.929630523616763 28.5470617604269 -6.346112225834154 3.933035153346999 28.048462978209248 -6.245656416963223 5.5468407267416975 29.02712364692811 -6.814459937633356 5.41178420218042 29.57943891844631 -7.062568476162903 4.961834012106866 29.5588348026899 -6.73488954983721 4.292101517699807 27.49310302006211 -6.7096028169631925 5.683876235297527 28.56166309776192 -7.1630585495809544 5.463686860371366 29.019237185465805 -7.341905056112486 5.0045365230487535 28.93724046757402 -7.174938384421879 4.5789210847506965 27.108452607136236 -7.066001009804888 5.692507025505185 28.032303844705986 -7.422154408354657 5.560400306521804 28.468851259168407 -7.606389449864088 5.144116283538184 28.395584493974443 
-8.759637456229585 2.9931039775991755 28.258985240760108 -8.064779323121197 3.0445876605101483 29.755698458734095 -7.196480567841007 3.844931762728917 30.8049085678458 -6.498373846759456 4.77669341525285 30.734384590610254 -6.063604123880143 5.237518280856632 29.864023011581953 -6.191826889893547 3.657875275763868 28.989664473703957 -5.0999099442190134 4.889093587721517 28.89566019556978 -4.4750966833583865 5.504424423473801 28.778650312330907 -3.9492785661402245 5.990793137783239 28.590749313950834 -6.3232824760366455 3.9625302060704226 27.98888020790984 -6.2538403161306535 5.575752095263563 29.004183541510255 -6.839610340062963 5.460437196721995 29.60088092334622 -7.07222085420177 5.0237623621501495 29.580756413074358 -6.728975315593668 4.29925249951737 27.450664423632315 -6.734935128958834 5.718093389694511 28.57147871294151 -7.199275837010446 5.498477404486689 29.04450846347519 -7.360613377483968 5.043840646371473 28.961738939726757 -7.166893665093832 4.5940292438489445 27.072251287434725 -7.077730580578745 5.703891248811887 28.020383408684165 -7.452371845308497 5.58448114846594 28.465203134759076 -7.627013280032176 5.164705563653219 28.405107165947435 
-8.778835730223408 3.0088465570521077 28.404742159986654 -8.070633856103706 3.0481347267416923 29.84580261517593 -7.182633144890347 3.859001161620564 30.832253089568 -6.475274566344543 4.768892442326666 30.758991307195814 -6.016948984748454 5.269222353380383 29.995160684475596 -6.203207659101574 3.6947905004580477 29.184648654071964 -5.078676702355196 4.899478011227679 28.975759881828147 -4.439742888706544 5.530549423140854 28.80807543047258 -3.916855638241449 6.007442297705974 28.589504648319853 -6.341356764675825 3.9507922140841525 28.145057677331778 -6.268187468233824 5.59934341934617 29.05182094158885 -6.849407130733626 5.48363761867422 29.62926657553512 -7.096270501555287 5.038574731548042 29.64405129085189 -6.742802904146795 4.263917007949342 27.54892069008426 -6.741462081870165 5.692271051739754 28.576480797677913 -7.1970757315886145 5.462768507071258 29.02753736109235 -7.367046398210257 5.017581267341738 28.96694644088984 -7.184672771366945 4.524001754313851 27.12045210738081 -7.083250434906944 5.640703280081318 27.9779454677915 -7.428810602848398 5.507991012456494 28.398699792483416 -7.605175231689584 5.09759509616016 28.340073010684286 
-8.762628119720015 2.9930829526553206 28.355160161497704 -8.076737351670744 3.061136447110816 29.812783037107796 -7.198005917407821 3.8491482114498665 30.775807952288897 -6.523542538801092 4.7575214558692585 30.720314949170362 -6.106739116356882 5.266859881064561 29.989668976924442 -6.184014258357586 3.700036992522246 29.158258723391153 -5.097487594361911 4.929388428582339 28.993372052752914 -4.461975809646581 5.544305859704788 28.836547172939685 -3.9424651777379274 6.022605955305545 28.636184310749094 -6.329712633642137 3.9557173225212674 28.16377540618616 -6.257818267301747 5.585642901621066 29.03140782688903 -6.847652716334439 5.455106784575085 29.586576058324763 -7.085315396133851 5.001213735616262 29.57874116319358 -6.71651784689047 4.265669657531775 27.561335591333552 -6.7224658080747215 5.668864592194768 28.534970356332934 -7.1869866927312245 5.442617426338163 28.971756543013427 -7.3478581937046386 4.989091189274321 28.889332880906224 -7.1641682597708725 4.51344949208448 27.11874265042033 -7.077324731031216 5.613217833199786 27.943229031244947 -7.439553191832323 5.47506801084752 28.3631935940434 -7.603434356343255 5.056990373614046 28.28895908698324 
-8.788302497889925 2.9640216331622264 28.39141933110279 -8.071509701205551 3.0439766629097145 29.777137454434694 -7.169565295915295 3.814276510578965 30.610242193173512 -6.495112690407047 4.706684946219801 30.582771940003155 -6.095555891205335 5.2631790324657475 30.00187493272206 -6.210402115288346 3.7286318095296958 29.22125836919362 -5.097487594361911 4.929388428582339 28.993372052752914 -4.462329294320449 5.5615543974386705 28.844574058534548 -3.936085784240386 6.030133431444963 28.62390341809458 -6.355413635300237 3.9298566701906714 28.221709818657015 -6.23793288408976 5.565891979952974 28.883836767288795 -6.819642859383692 5.452465961569145 29.421361744027372 -7.045624429638178 5.0239313706546875 29.44178196167494 -6.747138800767569 4.189341523330477 27.584983988791098 -6.70295891687802 5.60349277757755 28.358993774270413 -7.161848026813662 5.3956530448370215 28.805142459522838 -7.331781793150735 4.944166576721713 28.73808074447299 -7.193370703154075 4.4019309896101415 27.097265046768854 -7.04059998841159 5.514964175814116 27.716970650102883 -7.395887200688387 5.377213006566307 28.137014005322204 -7.583425112028721 4.971103488068836 28.1193710306383 
-8.87773198107999 2.911125733608332 28.37040210903261 -8.191228532235295 3.0449758778969214 29.757193688615494 -7.300528871233462 3.8265879673370193 30.592100909749384 -6.611126266238476 4.704411058924696 30.60490394402322 -6.1719213517307 5.2786330138821596 30.106470493842096 -6.242008517911331 3.7786577048066667 29.235430455070727 -5.173111677821858 4.989025636099382 29.03288628080875 -4.534023503100465 5.5965747238894705 28.874181102862526 -4.0383453065631505 6.050044472243733 28.67811944672086 -6.362549522194942 3.9423692158891623 28.245814523540684 -6.355814759605674 5.6201483363573255 28.91623684617631 -6.949534634817035 5.519820852662274 29.450095607446137 -7.124911061621047 5.060005279841545 29.437510285865788 -6.738603083679663 4.149759678720999 27.603744516755352 -6.820260221134577 5.609648150096694 28.38761248502264 -7.324440516485217 5.4129258284434 28.83728239832564 -7.429352597621552 4.9443958977374365 28.73961166666982 -7.173478273195528 4.314512889073829 27.080762719566195 -7.135452775796445 5.470184511242831 27.7159280388562 -7.532653235655011 5.355340933610715 28.146884160417766 -7.670519656289853 4.928890167876466 28.106877902720615 
-8.869987108986846 2.9205944203982046 28.35647226225764 -8.176136037807426 3.063986463231956 29.728414583202714 -7.291880634303051 3.8537646515300805 30.5595112988488 -6.620381586553913 4.735127057992375 30.58187478727433 -6.1514864020844335 5.309748881856507 30.094385271354394 -6.24972992614406 3.786978869380347 29.257134580710648 -5.1867111174248866 5.001342090392594 29.02283357979668 -4.5477290485393835 5.6088989185903575 28.86440628578908 -4.021750998327416 6.053269309069764 28.65288504647204 -6.367974492823389 3.942270789317273 28.26524178226521 -6.352342829398871 5.613131733444733 28.861934067016122 -6.937904030159234 5.493978444394916 29.364277063338104 -7.132021887231964 5.047958175976744 29.36108748662669 -6.730714402878865 4.141672142739494 27.583445041848503 -6.83243330685641 5.6310381754505885 28.324195535842545 -7.308556665383698 5.412966968567095 28.741597204027435 -7.412256497970899 4.928106159721628 28.636058916781753 -7.170321070337072 4.315302135932691 27.08621677540502 -7.169885941617206 5.503851438156212 27.679951245251093 -7.542472431525193 5.352555464047241 28.099039833094125 -7.669292748678498 4.909631725318072 28.03662317628117 
-8.837812914549804 2.943585067263446 28.291363157735855 -8.172435370794027 3.0902537796780103 29.685012877630243 -7.283141398556423 3.8897989024562 30.501586354758444 -6.588740909296484 4.774827054163424 30.501181765152175 -6.111653902609601 5.347065557322549 30.00014440724657 -6.244777726739607 3.8215631257078537 29.22842535850104 -5.170469317643582 5.057260077701795 29.021303549105948 -4.5320474109286835 5.663750876501925 28.83862693170081 -4.015477306627262 6.119551213837697 28.62302685258748 -6.364804888184568 3.983922577864877 28.23824430168993 -6.362702058895984 5.650455095117786 28.84018384499883 -6.953325258374683 5.522137378959095 29.32902094558848 -7.147086692834736 5.076291285280086 29.32589204296814 -6.728885064764709 4.190268148024024 27.557337219634164 -6.843142099746676 5.658477736181452 28.29483657196744 -7.306314734537623 5.436015172541459 28.698333508651274 -7.407434057270673 4.943132081350911 28.591902807467154 -7.147385133054485 4.350629765308019 27.028005208161293 -7.162792259437504 5.535614476233164 27.650457507294725 -7.547533729917676 5.387072789797775 28.049779748722976 -7.64999157513874 4.928460739919533 27.98705758801212 
-8.839086016565378 2.969297103800319 28.30627017052971 -8.179408219145568 3.1249234807015247 29.72940000055474 -7.290987706735173 3.925632173139668 30.574283723303513 -6.596942356691453 4.8210110901489145 30.57524856032576 -6.127352980203246 5.37627822375404 30.07899746816797 -6.213016069126178 3.8697507905622364 29.215419337429722 -5.1614185544688835 5.117649034987995 29.062808884441374 -4.53861720120919 5.738554481401414 28.93777423020645 -3.9892442801538714 6.202740325627448 28.712856099762323 -6.316535602077843 4.036362170407894 28.22561196838154 -6.366874835643591 5.670875973724844 28.90017847461399 -6.95793330541336 5.524920464122852 29.38236248115886 -7.155889211419747 5.078001179307025 29.373470701667515 -6.684939377019544 4.234703261265145 27.56384077826955 -6.847319611258635 5.688510936288137 28.361517085262133 -7.3281096954065505 5.470291160181247 28.77420082295167 -7.4028576336809575 4.97954836929887 28.619926364100866 -7.108796349619173 4.386076259131194 27.023452896502885 -7.166591100478733 5.554711230061992 27.68374780115318 -7.548551361351679 5.407255348935403 28.089804191198226 -7.6606053705665 4.951288968652281 28.013515274941092 
-8.829537791609068 2.9745816216478773 28.326834598070615 -8.161466115549747 3.1305842419258205 29.728320080555953 -7.274852564477536 3.9398045151939005 30.574386782137307 -6.585552513200088 4.817182527226494 30.587667159702413 -6.100634466257572 5.369024627448004 30.108938783901454 -6.19768143885736 3.8917234330577872 29.247670669456102 -5.145608597509977 5.1134957317638685 29.05479151354653 -4.505874187611786 5.737628453160745 28.904043875340044 -3.974930358723082 6.179967390392383 28.673108148768502 -6.317764075161808 4.061888108339186 28.264679473736553 -6.354042420826587 5.648466389453297 28.878526803542734 -6.953922659210746 5.529723695262295 29.390951133051697 -7.147989222964899 5.083212828346707 29.38789463048634 -6.688123800246597 4.251969604681315 27.59595541936919 -6.834305586225878 5.666092352608144 28.34041120506043 -7.299224706626168 5.461301117643476 28.753340938903605 -7.38896114061615 4.984053444224522 28.61381606629785 -7.11263776740843 4.403627425181779 27.055320512770447 -7.150840063034653 5.577121201183742 27.69173478099629 -7.532677720117417 5.429971414427701 28.097936139868352 -7.644863533594006 4.973889385697094 28.021591757027508 
-8.808727362292084 2.962559026288925 28.286943574401956 -8.155379718683875 3.1222283311652035 29.69976055128896 -7.252346233581902 3.927125433624582 30.536290274872943 -6.589650729495983 4.817125388639289 30.582166994527704 -6.103233647297264 5.378022264498985 30.110631645339794 -6.202975245099277 3.8831068691491315 29.23579512995035 -5.145356604818985 5.11305587002293 29.03006717656436 -4.521799608842525 5.741366203984168 28.887661138820725 -4.002379104414594 6.204580373739102 28.65396006441921 -6.307090465177129 4.049559313949811 28.245679958148095 -6.356488707250208 5.657079438139226 28.879868959628922 -6.947761175639778 5.528860039506026 29.370008404445752 -7.149268681288043 5.074039761474998 29.38075640259945 -6.672640651302341 4.255880118246086 27.56596163503264 -6.822244739122835 5.661237842328092 28.327456045175293 -7.296398300970936 5.4597065218509515 28.726890439933364 -7.375076201423915 4.988558403865771 28.60771093166516 -7.108689651959245 4.411259196814786 27.037327308077657 -7.1480536210280805 5.575260651787558 27.666257717961578 -7.513589280789593 5.450883700001658 28.07997157456843 -7.629106274299953 4.996491128695456 28.029668374215827 
-8.768991294240092 3.00056165033902 28.280915482508007 -8.119797147371468 3.155105053208395 29.742732695003756 -7.260086749072944 3.9630252572128652 30.6090733568603 -6.640028829413379 4.86113617317862 30.630295022241928 -6.257255769885843 5.456954882766915 30.179819656994866 -6.218232835625783 3.929698471056504 29.241948563938976 -5.161506633647301 5.195173402625056 29.077511039047913 -4.536518903596058 5.823951565112222 28.93459227823617 -4.013408092728485 6.2957541025725465 28.706642195261875 -6.331218562485381 4.123851714046773 28.252751735637233 -6.339722158635703 5.679571478269097 28.88742483491802 -6.929189368850415 5.55805272243679 29.413038527567455 -7.11049999404897 5.10683231735282 29.39633844759855 -6.701376647515495 4.3293183114757925 27.590581595060595 -6.827342531627268 5.715569026768717 28.37763184805001 -7.270077316011906 5.506297877754513 28.763446462920346 -7.368719423496484 5.037794200877937 28.64562359059771 -7.1299134001008895 4.488802531164474 27.074290620694253 -7.14877349211113 5.618913426779513 27.68873219311205 -7.506515180068787 5.482741054068709 28.109388833846076 -7.6336267077510955 5.039324822752791 28.046844645966672 
-8.779790588038187 3.020983318983631 28.2752889809995 -8.140603507297365 3.1627255458844292 29.71617010280853 -7.291322765601317 3.9796566974160594 30.607238929640662 -6.713710066994073 4.875013221597376 30.717481829616677 -6.34571926043778 5.486964558791614 30.307603462997974 -6.220120478524275 3.9640232965964293 29.258606312491068 -5.179845510405364 5.20807165958249 29.08705758860126 -4.570108082951381 5.8416581857035474 28.9520599791182 -4.0666055103549485 6.318694886361902 28.72654864095817 -6.339802416930514 4.148951616833438 28.281413378302435 -6.370173757669714 5.697206426322726 28.90984199855023 -6.93566540136996 5.561967354627997 29.4058900289183 -7.114677880741997 5.10210279612835 29.387592372146763 -6.706657510581155 4.362107617407655 27.600477107395285 -6.839462797436681 5.727175717847353 28.365955920020244 -7.282239240568092 5.518060663079841 28.7515845491219 -7.378504414816901 5.041121505509849 28.632522003582924 -7.131905469431332 4.521983137815861 27.089221521926138 -7.164003721919109 5.649320360439699 27.710075559497323 -7.515781685323756 5.512591287644788 28.111215775890756 -7.627134318150233 5.0651511410526115 28.041672588526268 
-8.805169653718288 3.0403139625555706 28.310989588455467 -8.148250098087663 3.1885692788202875 29.753517525689656 -7.298923792330985 3.9975562699319718 30.63827262099204 -6.714824136322194 4.893296420864962 30.726711718887596 -6.3652502235083706 5.500484632335418 30.31824435391777 -6.222557458141536 3.9811486305019597 29.292265962784466 -5.182644107996268 5.217302390116983 29.113413462587946 -4.572689755801656 5.850436232391292 28.953534144855876 -4.065127536980099 6.326345616947424 28.70902704195192 -6.3392831438995705 4.174357245551142 28.295897431632593 -6.379935457721285 5.697676010531661 28.92447640795527 -6.937075243032111 5.552706866158006 29.398702410053748 -7.133702989517614 5.114852255297424 29.397086949901826 -6.706311810191621 4.387425326809223 27.614638607026333 -6.845534152828699 5.728164184440405 28.386061331562104 -7.272432140816075 5.514802866733438 28.764703415148695 -7.36345495015639 5.05473730190239 28.633418129565186 -7.132901417423478 4.538588035438762 27.096694311484065 -7.155770439777621 5.66361990201028 27.730998503658597 -7.501016298349604 5.526094222649688 28.11235310170031 -7.6293382445604525 5.073363925824833 28.042774341434054 
-8.787859860810899 3.0550239158203234 28.3176762627045 -8.146759358110877 3.2064413136276904 29.767760544489448 -7.290303278695001 4.015779075544527 30.631094401159228 -6.71184586800419 4.911674831308022 30.74153197363763 -6.363599137448013 5.509701725644299 30.325552966510536 -6.2210977335048465 3.9897704005593733 29.29903077526925 -5.1668058341682945 5.213102666176636 29.1053577285271 -4.559715348081058 5.872967098463899 28.97961172169531 -4.055902653066992 6.350009289406571 28.75358055523157 -6.324407614409217 4.18761834262825 28.296562818462228 -6.384060446704528 5.70770830786046 28.951756781539686 -6.958359042909373 5.567129782175621 29.434945198828718 -7.1399523558384095 5.11547498231732 29.418084123616655 -6.69535677268059 4.392706892399747 27.63369753203137 -6.852556344496305 5.746754352627483 28.414339430818817 -7.289755920021623 5.536713358447296 28.780584161724178 -7.384903530652568 5.0684057907216635 28.668342138662847 -7.1237942502908504 4.535421033110785 27.109534282017872 -7.15046534216967 5.679957430086203 27.71911136772783 -7.517997907342086 5.547641082621224 28.127414661691688 -7.6294446983932165 5.09983705935317 28.057766245761275 
-8.805970562788442 3.074954547186252 28.33275845162921 -8.14150880712925 3.2244217859499975 29.75502779573366 -7.291633042039303 4.0337921107963615 30.640284695793163 -6.725846861065641 4.924624207097235 30.73084737509848 -6.381499080417687 5.532471914874998 30.34352958592521 -6.22203873152551 4.006976421466828 29.307392666160307 -5.164858534446837 5.22176428445521 29.112061698925334 -4.559715348081058 5.872967098463899 28.97961172169531 -4.05181046182239 6.348856514799254 28.73462511179241 -6.328433664149902 4.196233156891452 28.32264381975838 -6.386517835087545 5.7163490446452 28.953110172015737 -6.963314560196886 5.584626350499152 29.43783622812245 -7.137296333345408 5.141402007214541 29.4071693202976 -6.69535677268059 4.392706892399747 27.63369753203137 -6.852556344496305 5.746754352627483 28.414339430818817 -7.290856630273511 5.554498384099953 28.788967189084037 -7.380790323679938 5.076217377252034 28.64909051762833 -7.11661229609649 4.543817401926737 27.096966793285077 -7.165976316308237 5.683966263726666 27.725799599395508 -7.510266444857623 5.555968382859082 28.11419424587344 -7.621781581644368 5.108319535670594 28.04455479951513 
-8.812196265521997 3.1516369999129155 28.372201467138837 -8.16345971602591 3.2802235248590326 29.789610611556526 -7.29820350154789 4.088000826453776 30.695343142279317 -6.68626644325006 4.971157729955384 30.751228715554483 -6.303102201396136 5.541392608457621 30.308328599849983 -6.215853126418801 4.020389911952017 29.322677964777725 -5.179964367827018 5.257794016421097 29.16271169536778 -4.582987689771855 5.922144261177303 29.024784446764635 -4.093481919267821 6.404287321160891 28.80586504883435 -6.321795731114197 4.192396410183283 28.32961919075473 -6.389052249221543 5.735516764380616 28.987437294292107 -6.966687637437751 5.604101179408752 29.473282524934408 -7.125651517711386 5.147146195872049 29.427282163943133 -6.672427952748907 4.393886250280264 27.640682648645896 -6.849727855439552 5.765094386913553 28.428279958007458 -7.296027931165101 5.56468085671961 28.816767764882425 -7.3721467852717755 5.090461914516873 28.670496652516903 -7.099356846478772 4.554095376725495 27.130104371356943 -7.14095360283488 5.703416435245393 27.746879175940666 -7.5054774440923895 5.569439940025728 28.12964100659556 -7.617970590789387 5.1124365723696386 28.053073023295262 
-8.807806033396288 3.1484272593290785 28.412297037984313 -8.152299282904576 3.2853875650368023 29.810080211796635 -7.281854466355739 4.075042181923986 30.678824011606338 -6.6963161149102985 4.97154055241016 30.767420714479762 -6.332371427129786 5.565813700342148 30.36901550315077 -6.201901208626954 4.0339033066743095 29.34831707443505 -5.166884882421593 5.2628464861370325 29.181040920376265 -4.5544972249435505 5.921931347514217 29.010162436974362 -4.079191889362369 6.398568436255131 28.77376056193112 -6.325818813476053 4.201020002602549 28.355730589285553 -6.377033914314859 5.730751513387689 28.974008274521726 -6.950333081105201 5.6071207378375805 29.43984361694035 -7.113948970282883 5.160438451769105 29.422176419180925 -6.683857297689933 4.39427406156236 27.67912119018069 -6.852086529577207 5.773540560513034 28.42947032351269 -7.284266630180034 5.5806614335647735 28.783831594333964 -7.373289413051723 5.108039400288295 28.678798825335466 -7.104420910046356 4.537790522105913 27.141686660457978 -7.14262446685386 5.714567132485784 27.720911996578774 -7.512471170876971 5.591052712131843 28.130404855370408 -7.630698991774049 5.143713377943464 28.080844924180095 
-8.824315947894945 3.1514870793647236 28.419319243024244 -8.162707777189805 3.2891913554496552 29.79676318076291 -7.291918485977423 4.088038885386776 30.67342125943918 -6.703616473606623 4.975468116021654 30.760522869984623 -6.340972616450726 5.5604144656926815 30.354904211819484 -6.1980312077987385 4.025344674682829 29.321347545983876 -5.171370427891997 5.262908432612532 29.175854297270014 -4.557093464374669 5.930738027957946 29.01165023183216 -4.066615406278384 6.402689226842936 28.76727517565272 -6.3203855115426215 4.200972069092683 28.336210399462626 -6.374571749401724 5.722101902080107 28.972649466867647 -6.929904567236534 5.603352032021861 29.437505760766587 -7.107748937707515 5.1522431074328 29.42637822665002 -6.6781401107893466 4.394080060503095 27.65989278588829 -6.820363125503894 5.765154275625478 28.41491764501146 -7.266769808627327 5.585772145352826 28.783445886006955 -7.352398518422582 5.113940460786962 28.684191767877074 -7.099356846478772 4.554095376725495 27.130104371356943 -7.110348949212488 5.71565553159076 27.714375197377404 -7.480657341397252 5.609765646502075 28.131590648819177 -7.619277561441806 5.158826741912368 28.10806013098904 
-8.837264758226347 3.180121346030477 28.415036750585163 -8.19193277374979 3.3138650831154 29.800481027973323 -7.322026356874753 4.1138746666060335 30.67898672316725 -6.729774997330123 4.97450297165617 30.755483412175103 -6.383461912493105 5.564030133622323 30.358733965306822 -6.217742692764 4.054855171958402 29.339428241572676 -5.171700250017333 5.279791644737464 29.159209266581247 -4.575228996425437 5.944059673668219 29.021190941044974 -4.086151223946867 6.426057037065515 28.80222036806381 -6.3235544988136265 4.226151173414994 28.345469831259045 -6.375431980336662 5.73986096224009 28.981007322295063 -6.934872419445255 5.620861421898583 29.440400927557018 -7.098504474151894 5.174228573561834 29.422744779465837 -6.67905710660686 4.410800682112942 27.667561336565267 -6.844582475466232 5.781699033523776 28.416291400402997 -7.286626531660925 5.589178894830649 28.785085538625278 -7.369186226644257 5.115833998114869 28.65953880794891 -7.084170701685771 4.550602382662595 27.123864661547017 -7.1195743923269115 5.718671341110957 27.701337909136353 -7.5069798142930235 5.607656898916435 28.11826974291268 -7.632910713658093 5.151945135902144 28.081947280370734 
-8.82031144153738 3.1859652647941905 28.41489663489735 -8.194259941021386 3.3224202210400793 29.802126754041655 -7.318232565173084 4.122853144461443 30.6588932652765 -6.726409889745576 4.983152241345543 30.73549675847919 -6.383461912493105 5.564030133622323 30.358733965306822 -6.23359288840864 4.084463997126182 29.362728126677904 -5.172286177860724 5.297225757189636 29.167459022752908 -4.571208998841311 5.9605989311693754 29.00995702936076 -4.088786457801553 6.434883767809675 28.803652322070924 -6.325847660892749 4.234453046815096 28.346802529258838 -6.388243596899228 5.751860524408616 28.969814063366258 -6.942956295173861 5.622780670051473 29.400749599295246 -7.111312427767508 5.1863586263892865 29.411264433680188 -6.696694359556457 4.422446077607324 27.675406915757478 -6.858123527282568 5.784137694608452 28.397622011797406 -7.289988178936142 5.591499579871627 28.75130555316985 -7.3639079433284325 5.132765285140804 28.647319449280133 -7.103586148735345 4.569915146132894 27.132098693674056 -7.131026375431267 5.729869213470274 27.689306887409384 -7.50264141529708 5.61498813050849 28.09911887168737 -7.630713225994902 5.167719524692571 28.063956368835587 
-8.815989364170067 3.2163285921175544 28.374601595838364 -8.182081891098608 3.340831206574415 29.76778017581877 -7.305627669153995 4.1228840136129365 30.615094082054537 -6.713170205794302 4.978745568883656 30.720612903503532 -6.383252313570088 5.579345416371295 30.396004700244205 -6.212792494676258 4.0980565869096175 29.342761558408217 -5.1703338911735335 5.30592037913618 29.17418086473463 -4.5733897356346995 5.970265871234589 29.036016489261236 -4.081296269297644 6.443384271849041 28.815405513321462 -6.323894629745821 4.268545601351975 28.367951085318634 -6.389914493364088 5.753290798643704 28.99580683653757 -6.9592781504387995 5.619787913625335 29.434127760989885 -7.108861696334589 5.17766703612755 29.409793573305247 -6.68180776644641 4.461021851640852 27.690596977330262 -6.84694055640563 5.790143077340237 28.41747764604183 -7.297519742770442 5.610227748935101 28.780329822948396 -7.357494826148351 5.132115458757056 28.626822875287473 -7.083194887157617 4.608059097165345 27.128252193436065 -7.143299049699642 5.758424121073467 27.74351512602035 -7.523958799246654 5.629274260507485 28.13334971985704 -7.63892239928704 5.180049104700962 28.057632425031745 
-8.809407216375709 3.211970117906768 28.382806273149118 -8.167177538296974 3.346023317796312 29.761205002559784 -7.2894545961974995 4.137056844839804 30.61520455484497 -6.686892769581168 4.992376558588895 30.70444503877274 -6.349066903004182 5.5723522530629035 30.322835196917953 -6.215199427488246 4.115348279440107 29.37659275132977 -5.1731242938578985 5.315245584885177 29.200645313367595 -4.5756102651138795 5.961567000375766 29.029346075824158 -4.082030407123675 6.424855200910716 28.783194792111296 -6.32934147698895 4.268632601309007 28.387510238021527 -6.402725515891408 5.765297058295546 28.984603330759587 -6.955576371797261 5.627615030367578 29.414568077559036 -7.102630304521626 5.177005307985094 29.388807367716687 -6.680519679828674 4.469679116177405 27.697141561445708 -6.839435202710956 5.798293941390335 28.404307824528892 -7.289988178936142 5.591499579871627 28.75130555316985 -7.357494826148351 5.132115458757056 28.626822875287473 -7.082059039554095 4.616786454649031 27.134747860540795 -7.151849951691707 5.767672794582073 27.76432172558643 -7.5114851379423575 5.62423910594893 28.120434029477096 -7.641133822034787 5.188276222940769 28.058727685583385 
-8.807587277125288 3.2079926378768504 28.417376475157493 -8.162902265185206 3.350796275586752 29.803265349679066 -7.278242044852311 4.13317097104826 30.627989804626125 -6.657488186499774 5.001970479115258 30.689576125223475 -6.310219705318837 5.596127068211573 30.3297661424065 -6.198818787238258 4.111623046698328 29.368448671299404 -5.1731242938578985 5.315245584885177 29.200645313367595 -4.5689876780568826 5.969293785023718 29.01662248948326 -4.077912731155523 6.42365445256577 28.764186453761052 -6.309821798817698 4.26527932793198 28.385475242046745 -6.402725515891408 5.765297058295546 28.984603330759587 -6.960349483343342 5.637834489098972 29.442780603769545 -7.129102429237623 5.200851093508306 29.453189889315883 -6.662869336661634 4.457997111636429 27.689276167358543 -6.847879970223336 5.807771727614694 28.425641622091295 -7.296256368075851 5.6195217761578675 28.787470828737277 -7.38418724208285 5.155703857748692 28.689346691250513 -7.070796949944893 4.605706282094454 27.146572640335584 -7.149598902654347 5.759461489328902 27.763296964998883 -7.516932353219077 5.634480789237413 28.14772373473266 -7.63637726153203 5.204148490601076 28.10617709145057 
-8.856045029139676 3.2613392305935243 28.53818888023341 -8.20014122786548 3.3975377028532687 29.906879494118723 -7.313590313611164 4.173385423914083 30.72691332498063 -6.731015625902533 5.017569453155405 30.837735670906614 -6.408630888236315 5.6123488931145635 30.55286399753924 -6.24401524939373 4.1586374145091645 29.527473629402518 -5.176749909707376 5.342647746323748 29.260429080185094 -4.586723905212803 5.983505678165153 29.050768341261136 -4.093328537740552 6.445837371351652 28.780104459860347 -6.342875036758268 4.308386738996388 28.525827546171993 -6.403136381220711 5.7908474471492735 29.05334830074758 -6.96963662648394 5.655337941398819 29.527565536088996 -7.117057195648824 5.2033517940103495 29.501669470455912 -6.7124180448558395 4.48847709074036 27.82621086718624 -6.8647559793501065 5.820086106011814 28.493215595826328 -7.320350139184407 5.63942824833125 28.852090936836177 -7.408188019293161 5.174618300348135 28.75365710439549 -7.122279044253599 4.636837244350643 27.281778233273766 -7.157997985976812 5.768739216662121 27.84272865246235 -7.536734849751568 5.664316010968316 28.223851838441853 -7.660769227109009 5.222816587195518 28.169192939647736 
-8.846383251550458 3.266761474399765 28.55894414111445 -8.188946255324563 3.4027601216160837 29.927455307882344 -7.3098667851021615 4.173531908023465 30.732479490537962 -6.729507588838472 5.026811285735403 30.84521086803565 -6.408317874042429 5.6143619145749435 30.49729546129616 -6.22753482166702 4.15487123151341 29.519204284309023 -5.181510224003883 5.34328956612811 29.2802378898051 -4.571165790470378 5.97896741370182 29.042691136108754 -4.091622933368312 6.435963900297264 28.7545056813958 -6.344300388544779 4.2997509332710155 28.519167600090984 -6.387013194637915 5.786506779082491 29.045507712836862 -6.9583230837674845 5.6715376936241855 29.494091546800288 -7.118212607869621 5.221296170109701 29.510336878044562 -6.720405040227395 4.496873028771474 27.846776240677183 -6.863334252706219 5.829290010593899 28.500220218403438 -7.312624751989689 5.6477861021997855 28.83852145455392 -7.409345351864862 5.19227314955144 28.76200977417696 -7.125547399573137 4.636035230084164 27.27625743104168 -7.152668580166135 5.7851083953829265 27.83079991971771 -7.540119274759329 5.690281897976127 28.233118596932275 -7.66978297761975 5.258500996969798 28.205766031018413 
-8.893084304301622 3.292837428365994 28.562032148682565 -8.241113785704202 3.4391928431999825 29.935774308061276 -7.3702217500355065 4.212275333835373 30.76560542150867 -6.766980787176142 5.044681078742473 30.86580483570659 -6.406651691768072 5.623647371233277 30.504695758317617 -6.248897096866549 4.175973797847682 29.53073929640294 -5.204505362659138 5.3564158576201795 29.284778143733565 -4.614147870166654 5.997971352091048 29.07459615940308 -4.131459781811788 6.464234917920121 28.792193231247172 -6.3475129688078775 4.325119697431267 28.52855875657965 -6.411369393545902 5.800523974953455 29.07514600380898 -6.9836010652457 5.685611269250553 29.524782561027333 -7.136025100004011 5.243394206088016 29.52714402566798 -6.71779483330575 4.521610187863302 27.83630957888561 -6.890127133188277 5.85154151437619 28.530227883905454 -7.35754210753155 5.69215204463027 28.885387843151054 -7.431454369774475 5.230892500065023 28.780415799296904 -7.1346068030328675 4.664703756289991 27.277498667847283 -7.177829575375137 5.815925888709325 27.866438247193358 -7.562888920853372 5.719387188896134 28.243474056515975 -7.720016805244094 5.302631300126459 28.210916779900597 
-8.920571628239038 3.329879084503649 28.60677827357617 -8.255469022624679 3.46924826327012 29.932925900661143 -7.3527735339770315 4.235669449415073 30.773123850476548 -6.769218348508838 5.081550804186527 30.88448147512118 -6.4231704806243775 5.645614330968781 30.495702609118396 -6.266349742751378 4.197141159174888 29.547514767689822 -5.20988668375154 5.374606760622544 29.31295865715908 -4.66133968794631 6.029201118386493 29.10710998850968 -4.223015182865261 6.492585267272579 28.839800978723716 -6.3643041719849744 4.345821148307998 28.54402294431165 -6.434177004020641 5.823735858651678 29.11190654831445 -6.990908816048641 5.704704196946178 29.55461825027468 -7.1472430207881485 5.261579998426703 29.551271062800883 -6.734280610996488 4.542093300316285 27.850908823235482 -6.892502807544744 5.860026416612055 28.531434306278083 -7.350115917578499 5.6974833357592125 28.89986483785305 -7.440288686883879 5.240089953215628 28.802383640239174 -7.170202091851208 4.68100320221467 27.316025775778563 -7.185812816314668 5.828143102077411 27.86024209523343 -7.560585999452407 5.738046968685058 28.257631981522298 -7.7179186007710125 5.32111104326371 28.224978652260585 
-8.895593777674858 3.3451060103685317 28.592535379312057 -8.259429279780974 3.49553797506255 29.94349250790497 -7.351631300619867 4.280968573193358 30.771492956991537 -6.7654312703574355 5.117914120761246 30.88120928657679 -6.415158811810557 5.671412813469478 30.463468948230243 -6.268273951225621 4.231962270098184 29.56453314628606 -5.2056998176025875 5.391480691772861 29.301428230452153 -4.648338561632716 6.0334818320357355 29.10049390549193 -4.197728399991137 6.500787256340443 28.82676097281605 -6.363776281051779 4.37151834035347 28.55874572047469 -6.45123841072533 5.845981844921822 29.128243378770232 -7.010027317049422 5.717857043226832 29.564267328146556 -7.160102836894025 5.273752367309446 29.539763612785265 -6.7317030139036165 4.55952512643367 27.864125342507155 -6.90941000934986 5.881995327366043 28.54702696671438 -7.359919753063623 5.700708564217906 28.886655140837238 -7.452421234660009 5.251860436833692 28.790470789260244 -7.148641609775377 4.702588984313253 27.30455460156179 -7.208777005750921 5.850798749990452 27.89492928333873 -7.5721571142028665 5.749462561318866 28.245385554529484 -7.7144866966030206 5.319362621950475 28.198683742412065 
-8.921842271891778 3.356062287484409 28.622070481435415 -8.261036967299624 3.513228951913687 29.95240281756727 -7.351631300619867 4.280968573193358 30.771492956991537 -6.768056640842061 5.127090126986875 30.883046311584778 -6.4236019018175625 5.68143070000119 30.48673211077246 -6.2887545622842795 4.244553156547039 29.60020726207148 -5.219094039907017 5.386979353535121 29.308084566940238 -4.658732457291828 6.020360119207821 29.105613453060762 -4.220620234360358 6.501308910742849 28.846441468471962 -6.378264525701501 4.38389134406278 28.57288746475505 -6.45123841072533 5.845981844921822 29.128243378770232 -7.012531939985646 5.726659098302485 29.565734768040915 -7.160102836894025 5.273752367309446 29.539763612785265 -6.755305249726605 4.571626717473331 27.891608393977577 -6.9079952360990635 5.891236126016935 28.554059968876512 -7.361044361348008 5.718620055572269 28.895110034024555 -7.451254134260521 5.261087412865675 28.797567694827748 -7.1722310614122256 4.714559694327364 27.331220760356654 -7.211045209052974 5.859056780995244 27.895971487861495 -7.56170862547423 5.7557295568834785 28.265821605794393 -7.703099094622341 5.334699478324935 28.2261159542756 
-8.885391098103026 3.366428385064118 28.589379210215267 -8.242074241065607 3.492102629629027 29.93514394536172 -7.337848459061045 4.268074135857195 30.78249069884522 -6.7540033506662684 5.114072031528125 30.893770213841385 -6.413490940475066 5.680712170559425 30.470869047441575 -6.27125924019701 4.223311984332096 29.58335566779167 -5.205372612155861 5.374549877834952 29.318175989123787 -4.643123191073375 6.0158026412771255 29.09750043265721 -4.203516298056307 6.486606719717105 28.812727587246968 -6.369275637388785 4.371663402238733 28.578494770139883 -6.448755457687287 5.837275580441107 29.12686247389891 -7.010027317049422 5.717857043226832 29.564267328146556 -7.183091213101217 5.278634655982335 29.56908687146863 -6.724152933145388 4.564336769984579 27.877884155088246 -6.914153396161804 5.89232733816485 28.574383351670267 -7.368813296023202 5.7102706227594675 28.908738767117942 -7.461278825484489 5.261077777630218 28.812465367257964 -7.147715979848972 4.7078134307566595 27.3377284840789 -7.201785642583619 5.856050667018457 27.909099530955142 -7.56170862547423 5.7557295568834785 28.265821605794393 -7.704155931703204 5.325457442674205 28.21908340103669 
-8.897677826365346 3.3665583571590596 28.637092967222028 -8.252245616881462 3.5271614812372425 29.974753981952095 -7.3606898245698735 4.317469359258975 30.812189749449896 -6.786243068569641 5.177769469029658 30.918699529438275 -6.434131692559117 5.712871410908101 30.49079502139228 -6.291023809716791 4.249591607971158 29.65506359060886 -5.218115298834887 5.402263896985301 29.367881430680587 -4.63013067006792 6.020085096774948 29.090888819421668 -4.160392470057258 6.481258919082262 28.790381306040107 -6.365247065264096 4.38532005353218 28.618633696629473 -6.4554460686458155 5.856195631838099 29.155842311824756 -7.021289417516806 5.736461057942301 29.5883877345853 -7.177662430776126 5.292711983763456 29.585122186858598 -6.720140415455643 4.561274700455042 27.909924093848105 -6.9203172296136275 5.8934196752967045 28.594726939855757 -7.389906614127698 5.73163382945708 28.918892137179736 -7.472500296984233 5.278805100932978 28.835784552326412 -7.123184920417444 4.701065383941755 27.34421356853054 -7.2081532192714395 5.85715127749756 27.929063535020845 -7.590072817772152 5.768267061416767 28.288451844459583 -7.733630647045782 5.355090060105212 28.249889806123836 
-8.916498577528976 3.3779043122096564 28.64562326556081 -8.276615564326823 3.5302999818181697 30.00497200854053 -7.378321773095348 4.321452151560079 30.82143834508346 -6.782099367879349 5.177887028461282 30.924396108364387 -6.4623927256166995 5.721144131295213 30.48738083205876 -6.289537506914842 4.258351737898618 29.66197222589946 -5.194788636523492 5.3884666856625865 29.338159222764585 -4.614540645366158 6.015531553562249 29.08278576679323 -4.14339994914618 6.466619894743939 28.756821350386595 -6.36381446666247 4.393998014643181 28.625333301121497 -6.453722881940983 5.85468937319046 29.129625031732566 -7.016443805516465 5.726110240637623 29.559947081345527 -7.1893397374052785 5.286865224005784 29.564881701213046 -6.734437564436479 4.573651347683839 27.923434519784358 -6.910374577377577 5.899731205285223 28.555267156373212 -7.3694477094122774 5.734946889761325 28.891732466923216 -7.484633664014077 5.290571969576936 28.823843948350387 -7.153842277879134 4.708227053814791 27.35701828489216 -7.201785642583619 5.856050667018457 27.909099530955142 -7.569704522579009 5.7714299171071355 28.262047122952882 -7.732439302916455 5.361601452487792 28.22468569348364 
-8.932737881112242 3.3901064490813866 28.659813952681414 -8.2862719266305 3.543167775768634 29.99879134159084 -7.392228573471589 4.325616076114202 30.83631992934627 -6.822023930534903 5.168818902882735 30.955946229063372 -6.485918554263044 5.709287139589514 30.53625751622679 -6.2865426774138236 4.267008908806209 29.643086371237814 -5.2113571704610315 5.410342349576628 29.354762412388943 -4.672874801369888 6.050343184979936 29.103914835374585 -4.243490478826924 6.507115769941142 28.79965537649067 -6.368487468917615 4.410808661248729 28.628097389726836 -6.459530114815803 5.855722073654743 29.150150867434913 -7.023800216078273 5.745272445498551 29.589861982201374 -7.171354326464039 5.291972816397375 29.563928073475605 -6.723319028236451 4.586358393088338 27.91891139494546 -6.917503656100177 5.91858646097301 28.583851190552654 -7.374717452596155 5.745338386220173 28.919753999797585 -7.46715730728849 5.295788479907199 28.823432918391084 -7.147794503447665 4.729857699087802 27.378559531911687 -7.20505915586168 5.881814096998349 27.918123626497206 -7.575224830548234 5.7818469239771115 28.28957240996405 -7.733630647045782 5.355090060105212 28.249889806123836 
-8.932737881112242 3.3901064490813866 28.659813952681414 -8.27586512461868 3.539393965390388 30.012242607579534 -7.38471916877509 4.321557088717894 30.84357967426618 -6.808657393834377 5.164271932958807 30.94078954538171 -6.4799708781059415 5.723901354472694 30.552229299576595 -6.304630773720019 4.2709456300193525 29.677273729048014 -5.2014460747615185 5.392041226073971 29.331743916520733 -4.605279759822452 6.014424665042691 29.068524348173124 -4.146782654006533 6.461161978955929 28.7494426494789 -6.382103184063854 4.406124886705716 28.63421917438024 -6.441736919526332 5.86052903827589 29.149310307719357 -7.023800216078273 5.745272445498551 29.589861982201374 -7.198042175250378 5.3236768085190125 29.60353362884653 -6.7424744596508965 4.582135115579904 27.944118267921933 -6.901534371295596 5.914314358872614 28.57645844056148 -7.373462541211085 5.7547097685571496 28.926951363239727 -7.474877835658177 5.314306059774309 28.852593385592236 -7.160991363902514 4.725449543899227 27.383948563596125 -7.1858726267962805 5.878660869212284 27.917171113196282 -7.57635723817569 5.7995636315021635 28.29777889107807 -7.743835244947207 5.381793031490833 28.2796481572246 
-8.899829219766458 3.374733789667846 28.638434325218604 -8.258462696898908 3.5359313171268356 30.003837420210463 -7.369620835893371 4.326604294577424 30.836172632169234 -6.7938039550367275 5.1690460523953865 30.933192230705377 -6.482614244710895 5.733056832400585 30.55396166920488 -6.295975338017344 4.275901324097144 29.691111866596913 -5.194788636523492 5.3884666856625865 29.338159222764585 -4.610103025998143 6.014529497447359 29.06332321149811 -4.139236749149462 6.465388088633124 28.737790234100185 -6.371657398071644 4.402565733721802 28.646525075729134 -6.459530114815803 5.855722073654743 29.150150867434913 -7.027716205147596 5.744721777055698 29.584075446575458 -7.196783990043872 5.3131142321935565 29.569391998905974 -6.7424744596508965 4.582135115579904 27.944118267921933 -6.917503656100177 5.91858646097301 28.583851190552654 -7.377106837048723 5.753910651401273 28.92102978321075 -7.492374018603735 5.309089649327178 28.85301563457195 -7.145641334558419 4.7218579138243655 27.377525181873636 -7.201507935544613 5.8827816378299485 27.924010319596498 -7.593496053361409 5.794340601818787 28.297768687751233 -7.738133742725632 5.371690378475055 28.25214785076573 
-8.94022639410146 3.389764129516061 28.68092812529051 -8.278232957588708 3.548035020033376 30.01391810902715 -7.404928154253098 4.3345828656368255 30.85471377040568 -6.834876810565332 5.178489752326421 30.97416606499562 -6.520090180845378 5.734046688077749 30.592201866679037 -6.298442839886628 4.28463016201624 29.692775226297805 -5.17685845508086 5.392905787720909 29.33669669272814 -4.576752548134068 6.0141520676959255 29.053842929427102 -4.103809645228937 6.45584913761113 28.72722095155025 -6.362104601301937 4.416109155190422 28.66692377564628 -6.478220705916325 5.868819080800998 29.15945442358752 -7.044351610333883 5.749083384209273 29.592272722415476 -7.21605290421733 5.318564515162179 29.60449801464146 -6.73360564225519 4.595712107649895 27.964544508027046 -6.934892835131985 5.913599565137677 28.5841980674469 -7.409772470543094 5.762395912775434 28.936257864843274 -7.508714087055627 5.313130821119374 28.860554706963804 -7.151768985995424 4.722279852395319 27.396848099973457 -7.22069791910395 5.885932364525286 27.92496008826168 -7.608344557488023 5.8078506338322695 28.311969005270814 -7.7531130795688465 5.384920456353515 28.266231043674868 
-8.932737881112242 3.3901064490813866 28.659813952681414 -8.271239936973927 3.548339957581007 29.992068857309683 -7.387268763630282 4.330592238935242 30.845440188706522 -6.828788758058514 5.177896165842326 30.95208322997152 -6.51683373446834 5.74227889457759 30.572238813903198 -6.291486295585649 4.293331379511548 29.679119981891294 -5.17685845508086 5.392905787720909 29.33669669272814 -4.605279759822452 6.014424665042691 29.068524348173124 -4.146782654006533 6.461161978955929 28.7494426494789 -6.367053363277521 4.419495846123557 28.634801559688594 -6.476629225927575 5.878019716487501 29.166538988587774 -7.042952753937854 5.758453610556535 29.599541466664988 -7.218539252197375 5.327327378173528 29.60600727121365 -6.727810325218428 4.595401602984748 27.94503042163289 -6.949469785129846 5.9271384113235595 28.598649453419394 -7.408527471181661 5.771783755541809 28.943468543262444 -7.511069698781442 5.321636484112767 28.861850183874616 -7.147794503447665 4.729857699087802 27.378559531911687 -7.235078363012545 5.899304141528519 27.938746888568176 -7.610632474952252 5.816215909119277 28.313078708604888 -7.755367036899756 5.3932268978129425 28.267360615547013 
-8.933176972377145 3.3810766131225156 28.6528161063743 -8.2789832641599 3.538937607080032 30.006647944975143 -7.38086850808184 4.330480753278311 30.823293185034558 -6.828788758058514 5.177896165842326 30.95208322997152 -6.524379041830843 5.733850948973674 30.58647755907568 -6.294485135871418 4.284674556444798 29.698036062232827 -5.192821881235356 5.397214713596999 29.344944059133987 -4.623466655465209 6.027813531103479 29.07811006705011 -4.164628353733475 6.474683161328217 28.7587388063533 -6.371128287788912 4.428362853824813 28.661336132241225 -6.4757322662964025 5.860101905938994 29.15806716110122 -7.0404403217039215 5.74963883097274 29.598066335932728 -7.21605290421733 5.318564515162179 29.60449801464146 -6.726510144316585 4.60414174587032 27.951664440744715 -6.933482124610858 5.92286114437343 28.591248193556495 -7.392185086787196 5.76753314634863 28.935845451087186 -7.492374018603735 5.309089649327178 28.85301563457195 -7.131308469848384 4.735072003127965 27.378720578072688 -7.22069791910395 5.885932364525286 27.92496008826168 -7.593496053361409 5.794340601818787 28.297768687751233 -7.737083703737528 5.38095814351891 28.259190261895554 
-8.932737881112242 3.3901064490813866 28.659813952681414 -8.27586512461868 3.539393965390388 30.012242607579534 -7.378321773095348 4.321452151560079 30.82143834508346 -6.827651926182793 5.15937425076789 30.94269088743014 -6.520090180845378 5.734046688077749 30.592201866679037 -6.313554278532954 4.29725093484155 29.708111196828547 -5.190851888936882 5.405965471735299 29.3517334128703 -4.571918153333177 6.014037555843141 29.059035002735314 -4.101182752637574 6.44704683941574 28.725811625688078 -6.371128287788912 4.428362853824813 28.661336132241225 -6.476629225927575 5.878019716487501 29.166538988587774 -7.041551411355822 5.767827385116987 29.606815714712578 -7.214763375183586 5.327854300655933 29.611723257824117 -6.735851153682021 4.603908209581805 27.965737965947742 -6.933482124610858 5.92286114437343 28.591248193556495 -7.415090621228309 5.772831140751145 28.964368136099214 -7.512972562066174 5.332454750973099 28.895634675249674 -7.153924604325418 4.73028546321079 27.3978865787376 -7.22069791910395 5.885932364525286 27.92496008826168 -7.608344557488023 5.8078506338322695 28.311969005270814 -7.756578332028242 5.386726221954195 28.292631728165272 
-8.951583337302198 3.401471409958232 28.668358752469622 -8.293278035485985 3.5428587681806905 30.02065286256769 -7.398512078951672 4.334468651978676 30.832548031491065 -6.8538919377207215 5.173585464588011 30.97607837552993 -6.547438018093603 5.739397586031629 30.617370569425262 -6.291486295585649 4.293331379511548 29.679119981891294 -5.17685845508086 5.392905787720909 29.33669669272814 -4.576752548134068 6.0141520676959255 29.053842929427102 -4.119000316951355 6.460553038001176 28.735093156286077 -6.3520045962020015 4.432863568187841 28.635380805320665 -6.476629225927575 5.878019716487501 29.166538988587774 -7.060720718726749 5.781026826831456 29.616508016965124 -7.232694509562135 5.350105759841065 29.62866450188162 -6.728753653043319 4.612335017825724 27.952853179940092 -6.958055698630411 5.936771528623247 28.62025617421616 -7.426027788567841 5.794020367186529 28.959594861037786 -7.52511499627738 5.34424093360928 28.883663657399772 -7.146654515821619 4.7386689846568135 27.38514628912083 -7.237354137819777 5.9075790955031175 27.939794523371052 -7.625497350220269 5.829749898173523 28.32730113928476 -7.769318736559969 5.415771326635304 28.28853198187771 
-8.942382294466116 3.3979534252128043 28.682274509086845 -8.277480727763878 3.557135602179244 30.02119424496632 -7.377125792414081 4.3306571418038935 30.82891154641639 -6.8538919377207215 5.173585464588011 30.97607837552993 -6.554384365922245 5.743283736089047 30.610539237938543 -6.291486295585649 4.293331379511548 29.679119981891294 -5.179420229291174 5.401717502676358 29.33826233460465 -4.641664390650957 6.041210644053725 29.08770149826 -4.230853866255636 6.51120540064908 28.79315483933961 -6.356602655868508 4.415938556808124 28.647100134129452 -6.480710675256551 5.877537532651041 29.160842441109317 -7.060720718726749 5.781026826831456 29.616508016965124 -7.218447466612973 5.35468766310582 29.621972449622135 -6.73360564225519 4.595712107649895 27.964544508027046 -6.958055698630411 5.936771528623247 28.62025617421616 -7.4338505292963974 5.785676256485646 28.973292396390345 -7.52511499627738 5.34424093360928 28.883663657399772 -7.151768985995424 4.722279852395319 27.396848099973457 -7.243759633092551 5.908713976185564 27.95981180716461 -7.6243516015386765 5.811997773260407 28.319070001842846 -7.76585730358716 5.3898593934745 28.27920864767441 
-8.932737881112242 3.3901064490813866 28.659813952681414 -8.27586512461868 3.539393965390388 30.012242607579534 -7.378321773095348 4.321452151560079 30.82143834508346 -6.843665200664277 5.173123265280056 30.959692733122413 -6.5656034137832515 5.746968529701226 30.59796651164452 -6.281336386576325 4.307073010790712 29.69987883322313 -5.195383753205876 5.406028523194757 29.346509815971796 -4.672874801369888 6.050343184979936 29.103914835374585 -4.261394530330408 6.520673265242094 28.808981882915553 -6.357505189633977 4.433043985005462 28.655195613534723 -6.496922277892184 5.881923974205717 29.16876344392846 -7.055827910819835 5.770617713563787 29.587993218446055 -7.214678324725985 5.335319988324676 29.58626916444408 -6.7189321165941 4.608983089202671 27.965448825273715 -6.969252434396266 5.930652531933957 28.60020450797071 -7.420695533033006 5.783562841619276 28.931472890014323 -7.527418908504349 5.325681905356419 28.869393528491777 -7.137426363677736 4.735501403267675 27.398039160458787 -7.254276197794116 5.902449628184643 27.939692106450266 -7.619914982369092 5.819267867933801 28.299679817106913 -7.758833309819906 5.395040817688546 28.293764479300016 
-8.935330210147454 3.3892567340689994 28.654158484128907 -8.278232957588708 3.548035020033376 30.01391810902715 -7.4010608691026265 4.3435010550950555 30.834404145561866 -6.8504240746385205 5.1821936700483135 30.95582950991361 -6.558664222645128 5.743078387324884 30.604799757379308 -6.316024153301033 4.305986597952199 29.709775485340195 -5.166029475819956 5.406220147997959 29.3315861317991 -4.581967152052197 6.031811836866757 29.05682759217841 -4.126886516849399 6.486972869237742 28.739324006873602 -6.378989519324626 4.436965141833172 28.682572473813124 -6.501182558376378 5.892192412085176 29.196448539157018 -7.064632780986622 5.780462533101369 29.610703742334493 -7.237753978229087 5.3402691805475095 29.6157050905989 -6.734552488500105 4.612655487260105 27.972376903214585 -6.974066328023093 5.941056453441117 28.627676983975554 -7.429662202027696 5.7932022772607565 28.953648830715334 -7.52862542246969 5.343471421717591 28.877821622260097 -7.146654515821619 4.7386689846568135 27.38514628912083 -7.245025090055048 5.899455446099737 27.95285998207227 -7.630067818643505 5.819348420543353 28.31417438309193 -7.771404833997885 5.397193140511299 28.274405131766525 
-8.941933767738503 3.393626277099572 28.645908843458677 -8.287018727229848 3.5340721277503353 29.991520112218332 -7.395965163569471 4.325437620510743 30.8306929480079 -6.853585230334065 5.186295440770689 30.95462304710293 -6.576809168433471 5.7506503954016575 30.58538502984092 -6.299423084499063 4.30214028631662 29.701363470933558 -5.195978743405999 5.423601040862837 29.354865845065312 -4.7067323244499155 6.068334335651659 29.12164149343838 -4.315655103633579 6.529538058684456 28.820083349056624 -6.365356913208844 4.441648906117415 28.67642203229972 -6.479119763939735 5.8867413641695165 29.16792686361394 -7.042952753937854 5.758453610556535 29.599541466664988 -7.199336357668623 5.314393668586368 29.59631542166378 -6.736799977878009 4.620855633279038 27.973570714410954 -6.967851253274493 5.939930372556844 28.607267601619153 -7.409772470543094 5.762395912775434 28.936257864843274 -7.502150351679375 5.3123567127454665 28.839765155878283 -7.150966245879083 4.754677214429436 27.3872160996123 -7.253014212225458 5.911710084372483 27.946644592310097 -7.619914982369092 5.819267867933801 28.299679817106913 -7.746353503590811 5.384083429977065 28.24577880557665 
-8.929559203075838 3.4068039630553075 28.641396364635067 -8.287888317536945 3.5609069961720845 30.007738479929966 -7.4010608691026265 4.3435010550950555 30.834404145561866 -6.832918836106223 5.177768644337394 30.946382271692855 -6.527026193956804 5.743015779861811 30.58821657299599 -6.294930360248229 4.319569432215428 29.689362106033 -5.177447489961349 5.410465151706035 29.34504508025759 -4.5797416806813 6.040535296083803 29.063511884867033 -4.114108331132003 6.473590548211668 28.724874178651234 -6.375814430365222 4.445202397482214 28.66411162966835 -6.5115614509121285 5.895530439280039 29.183787379415772 -7.092671193124515 5.7991963832524815 29.64025704569051 -7.243061977896518 5.3535165468343155 29.61558206321601 -6.727451462941637 4.621081218915582 27.95949197490591 -6.986242904857185 5.952729593336759 28.61589052088416 -7.442393764423531 5.798284685197678 28.96723360297179 -7.5414832471690145 5.348301793546672 28.891224806541427 -7.153802535670896 4.755931928993967 27.412114115258426 -7.251750061340429 5.920974280606857 27.95360256213076 -7.641517778915116 5.833907657704485 28.334412481863453 -7.789919594776231 5.412290170363885 28.314980007725357 
-8.943646649641764 3.410842908374385 28.654249275743968 -8.2855232076168 3.5522665974511045 30.006068546485835 -7.40237837370227 4.325545279346734 30.85285300857778 -6.8673027702969724 5.178146847560275 30.991268656614775 -6.571548360117991 5.747907008973875 30.619716968361782 -6.309052031494246 4.314687467322083 29.696104524724564 -5.211955960641854 5.427923433946146 29.363125308337473 -4.735829258176581 6.086284101022194 29.14464599851073 -4.381935159116755 6.548587467138351 28.846529590207705 -6.375814430365222 4.445202397482214 28.66411162966835 -6.480710675256551 5.877537532651041 29.160842441109317 -7.035278745509364 5.766807493466472 29.585597921158325 -7.190414601591587 5.332198768224379 29.589524033816833 -6.746613969652962 4.624202966319062 27.960959995523933 -6.970237480774548 5.948443685120415 28.6084809792915 -7.423636978415767 5.785435236005202 28.958319252173727 -7.522759168123557 5.335727246190376 28.882369032069665 -7.164163173500371 4.75027305914101 27.392609762492327 -7.259433600820908 5.912848198595329 27.96667641888876 -7.629938768566936 5.822476238483506 28.34671405618576 -7.7715934711950165 5.399988223115328 28.306771297702863 
-8.91073908330172 3.3954477705782633 28.632874865084982 -8.271239936973927 3.548339957581007 29.992068857309683 -7.383417113442445 4.339510725912793 30.82514905328209 -6.86263999744906 5.183392083260198 31.00005365409571 -6.556018224726957 5.749513785615996 30.640877516062883 -6.31152166964294 4.323421669405969 29.697764414666768 -5.195978743405999 5.423601040862837 29.354865845065312 -4.626466478750187 6.054228526973728 29.087799347785236 -4.200350768569677 6.501749897169131 28.777347266441087 -6.390355917760804 4.457654023274156 28.678369354066213 -6.5131436165365555 5.886313179649933 29.176689206316542 -7.0773855889542885 5.7854096620585596 29.62472954583423 -7.2263308706188045 5.349328246557211 29.607392292208 -6.748884643614827 4.625086236490845 27.985958932469348 -6.992474738867204 5.953865455913813 28.636319963703105 -7.442393764423531 5.798284685197678 28.96723360297179 -7.522759168123557 5.335727246190376 28.882369032069665 -7.169173988994887 4.759540746988188 27.418562606354254 -7.259433600820908 5.912848198595329 27.96667641888876 -7.632229121921889 5.8308525174292845 28.347827609547238 -7.7715934711950165 5.399988223115328 28.306771297702863 
-8.949430528693188 3.393286330184755 28.66701705983042 -8.313069417185067 3.5549711658207794 30.030744049004436 -7.4350117426765525 4.33322692604137 30.843585265235287 -6.888968049385608 5.182446278463981 30.995029108123646 -6.59733847220857 5.7626594975276335 30.65243559079928 -6.317008844447457 4.32351600243851 29.71837649407664 -5.194007406135736 5.432361243926314 29.361659992344396 -4.655055324386422 6.054528374251448 29.102522856926278 -4.239246086229733 6.5058568165643145 28.780530905323047 -6.397323791043376 4.449136089607141 28.691512858556095 -6.492845337690407 5.882410943338151 29.174466887770382 -7.058206212387266 5.772205400689574 29.615032211083292 -7.194260211557322 5.324197400399462 29.6092495845572 -6.752428618694342 4.624531809886582 27.980502509186962 -6.967851253274493 5.939930372556844 28.607267601619153 -7.4272699089883 5.7846189930810334 28.952372041470653 -7.5087561721144995 5.340182518090869 28.876106865453107 -7.169173988994887 4.759540746988188 27.418562606354254 -7.259433600820908 5.912848198595329 27.96667641888876 -7.626639063117392 5.82036467406767 28.320179526529444 -7.749813728611973 5.385890042421985 28.272157353183182 
-8.934890885037769 3.3982897146571944 28.661155629363797 -8.277480727763878 3.557135602179244 30.02119424496632 -7.407479812988674 4.343621827853388 30.856575566200732 -6.859168140559432 5.19200111608073 30.979783506842487 -6.585451419194974 5.776392964238446 30.64672430992689 -6.317008844447457 4.32351600243851 29.71837649407664 -5.164054003890409 5.414964691599103 29.33836228047385 -4.5797416806813 6.040535296083803 29.063511884867033 -4.12273355515403 6.485729371847134 28.72031105277336 -6.381335737869923 4.445391368081381 28.683965265464625 -6.5115614509121285 5.895530439280039 29.183787379415772 -7.092671193124515 5.7991963832524815 29.64025704569051 -7.250645213145299 5.372388656715092 29.645630909688457 -6.734552488500105 4.612655487260105 27.972376903214585 -6.9838569982038035 5.944214546785369 28.614677264129387 -7.458769286027744 5.802551607220663 28.97487680255566 -7.5414832471690145 5.348301793546672 28.891224806541427 -7.152785779902568 4.739100910842345 27.404478593893362 -7.259433600820908 5.912848198595329 27.96667641888876 -7.641517778915116 5.833907657704485 28.334412481863453 -7.789919594776231 5.412290170363885 28.314980007725357 
-8.968713757906071 3.3956103045736103 28.66855591583104 -8.303679297550769 3.54663253171048 30.007189076085815 -7.409564382076246 4.310897424348457 30.8028499995846 -6.904199037864362 5.164933887970118 31.024197776246268 -6.641753746670808 5.752277386348404 30.734060686905554 -6.294930360248229 4.319569432215428 29.689362106033 -5.212554625913486 5.445515218363005 29.3714936520748 -4.754102025185109 6.0997327598043 29.154281327239655 -4.386564471642705 6.5675094119627095 28.87389678778176 -6.366265000366043 4.458778936975623 28.68453335664148 -6.496922277892184 5.881923974205717 29.16876344392846 -7.051918739738788 5.7711820957273865 29.593797573378065 -7.205829996339771 5.345671791524919 29.604934098935942 -6.735499303736222 4.629608974064341 27.980214433527557 -6.9876391252297525 5.943442091769979 28.60882108742413 -7.458769286027744 5.802551607220663 28.97487680255566 -7.539127686296964 5.3397862846092075 28.889930253199946 -7.153802535670896 4.755931928993967 27.412114115258426 -7.2751161645519655 5.916984807016604 27.973544796027706 -7.641517778915116 5.833907657704485 28.334412481863453 -7.7715934711950165 5.399988223115328 28.306771297702863 
-8.940663905095704 3.3807297922463153 28.673924054621377 -8.295645941856153 3.5515020141981504 30.022328543251444 -7.4010608691026265 4.3435010550950555 30.834404145561866 -6.85652919057944 5.182792575133969 30.977930463196504 -6.567251331832907 5.75319270905809 30.62829781168133 -6.3145367224022255 4.314775694976028 29.716711450612106 -5.177447489961349 5.410465151706035 29.34504508025759 -4.595306978224158 6.045096723690318 29.071602695182385 -4.142086653579628 6.491685611344319 28.74720116104488 -6.394977680665789 4.4407079755579995 28.69012004624324 -6.5115614509121285 5.895530439280039 29.183787379415772 -7.092671193124515 5.7991963832524815 29.64025704569051 -7.264916897019441 5.367811349173802 29.65234011239267 -6.755998820684405 4.616653291230177 27.998865685965953 -6.9838569982038035 5.944214546785369 28.614677264129387 -7.465380619918326 5.803620260821391 28.995835247158787 -7.568745227231073 5.345435301626439 28.93925728499591 -7.158922607862486 4.739533279620989 27.423829671006708 -7.259433600820908 5.912848198595329 27.96667641888876 -7.66430787459192 5.839177036181155 28.36208456756974 -7.805795966966015 5.422333883386202 28.357214074041693 
-8.935330210147454 3.3892567340689994 28.654158484128907 -8.278232957588708 3.548035020033376 30.01391810902715 -7.398512078951672 4.334468651978676 30.832548031491065 -6.872577208902097 5.196571795328784 30.994972320397213 -6.5999894371846635 5.771844018837423 30.654180761681395 -6.29590725592677 4.337090924571642 29.69795095784522 -5.178036395799147 5.428035192080227 29.35339890011177 -4.626466478750187 6.054228526973728 29.087799347785236 -4.218227511624448 6.515295471249338 28.786659584202027 -6.360753754385026 4.458582443978518 28.664685011557417 -6.515634846432668 5.89503676427607 29.178077936253416 -7.076108928632936 5.802013993177797 29.606416944850046 -7.248035824759305 5.371054484620216 29.618592210911128 -6.735499303736222 4.629608974064341 27.980214433527557 -7.004644754294158 5.965536083087388 28.62451821796384 -7.4647868780485584 5.810311884861809 28.970194274634984 -7.560218032538542 5.360883648005243 28.900085641647383 -7.153802535670896 4.755931928993967 27.412114115258426 -7.293085997012185 5.9294108288744125 27.981469064900526 -7.660967359879712 5.8370408009336385 28.335503006075363 -7.7932134219298606 5.411310187043934 28.309034043907733 
-8.952017458837275 3.392432628338532 28.661355246849194 -8.288636905415325 3.551804746370018 30.0004617119375 -7.402248416455548 4.334285354474557 30.82692918535028 -6.889275409535856 5.1697255037755925 31.016560973195006 -6.625546506429817 5.7662617514183845 30.7340815209706 -6.3194825214990935 4.332257542554584 29.720042358862383 -5.17524136587319 5.418594416346214 29.32673608091564 -4.640203874849302 6.06660761570337 29.07789842965168 -4.233483784149349 6.520026694199697 28.794565833542592 -6.398240045774676 4.466281981203203 28.699637012166264 -6.4910818185042185 5.880871637787556 29.14819567370958 -7.069685217206789 5.7937658342348834 29.61076061605017 -7.227526830742097 5.367399719135477 29.61613365073607 -6.749833476194889 4.642053402289574 27.99380726094219 -7.003649166103489 5.947723965298956 28.616228245846138 -7.461161252468083 5.8111416132119205 28.976153036990148 -7.5414832471690145 5.348301793546672 28.891224806541427 -7.174190609275327 4.768820491564629 27.44455013173231 -7.2773952955474455 5.925270281463475 27.97459710882722 -7.650555684356355 5.843392624423113 28.356068255511733 -7.789919594776231 5.412290170363885 28.314980007725357 
-8.934890885037769 3.3982897146571944 28.661155629363797 -8.295645941856153 3.5515020141981504 30.022328543251444 -7.4010608691026265 4.3435010550950555 30.834404145561866 -6.86263999744906 5.183392083260198 31.00005365409571 -6.5887603717280046 5.768163357875147 30.666783602854196 -6.315519274141743 4.332311299075415 29.72531741416782 -5.18281128681633 5.428726969567868 29.373298105715747 -4.642060701141821 6.058798908506154 29.095905200170208 -4.216393981524916 6.505316377065021 28.76093799508341 -6.398240045774676 4.466281981203203 28.699637012166264 -6.49533573387005 5.891134516429117 29.17585473759766 -7.068568862399448 5.775559481474825 29.602002219813205 -7.230207424908047 5.341334316923779 29.62715569378656 -6.759204799833472 4.641836117585564 28.00791736977916 -6.9838569982038035 5.944214546785369 28.614677264129387 -7.442393764423531 5.798284685197678 28.96723360297179 -7.528192192501695 5.345800837536454 28.91035736538274 -7.1774892511371835 4.768006329525852 27.43897976857615 -7.261713195100948 5.921132122384531 27.967728920371634 -7.64826401434369 5.8350135562064365 28.35495409509164 -7.780637749432 5.409158451996027 28.328424020467473 
-8.966560903452416 3.387426555904797 28.667213502418974 -8.306044342898884 3.5552716888671205 30.008859621520116 -7.425150866107276 4.347617577480331 30.865855427841364 -6.897747432440602 5.192264327347726 31.019042653824016 -6.607587193579653 5.763397389235104 30.668498245885793 -6.313992859823907 4.332157100189824 29.699425123124087 -5.195978743405999 5.423601040862837 29.354865845065312 -4.657664584573902 6.06337228054025 29.104016076684026 -4.25976391090253 6.528223578294209 28.791243808695935 -6.399671420477592 4.457565293370294 28.69290640367637 -6.5115614509121285 5.895530439280039 29.183787379415772 -7.075991498241355 5.794803910482674 29.6320233569503 -7.231405242284689 5.359412374766386 29.635907668826768 -6.754677403893897 4.632734649329424 27.98169694814245 -7.002257541101983 5.957018092793986 28.62330432869898 -7.458769286027744 5.802551607220663 28.97487680255566 -7.548087917526878 5.349098477290726 28.91208384221487 -7.185685308985095 4.7543183065094485 27.418405947355552 -7.2751161645519655 5.916984807016604 27.973544796027706 -7.66430787459192 5.839177036181155 28.36208456756974 -7.796723762002746 5.4131442424124 28.335515751232855 
-8.951583337302198 3.401471409958232 28.668358752469622 -8.278232957588708 3.548035020033376 30.01391810902715 -7.383417113442445 4.339510725912793 30.82514905328209 -6.855040055760407 5.192133370164938 30.985491984585934 -6.559678837807979 5.761628353477766 30.61401701965898 -6.317008844447457 4.32351600243851 29.71837649407664 -5.195978743405999 5.423601040862837 29.354865845065312 -4.675888529586158 6.076795814000391 29.113625831505026 -4.2750363369866955 6.532960575616514 28.79914947086529 -6.395891837754702 4.457849575159754 28.698243672550266 -6.5131436165365555 5.886313179649933 29.176689206316542 -7.087740671371379 5.788758479854299 29.611682595281792 -7.241861534894202 5.3354476958941675 29.606839544126576 -6.751132251931806 4.6332910806370995 27.98715231407059 -6.986242904857185 5.952729593336759 28.61589052088416 -7.460001709186937 5.793136808783102 28.967640256497713 -7.5426314592430455 5.339013972454863 28.88408017670809 -7.169173988994887 4.759540746988188 27.418562606354254 -7.2773952955474455 5.925270281463475 27.97459710882722 -7.658679039854155 5.828669491863756 28.334393055397438 -7.788703370996516 5.394673292627526 28.30676836207304 
-8.935330210147454 3.3892567340689994 28.654158484128907 -8.28060290798975 3.556677313638488 30.01559467557361 -7.4047985920147505 4.343315543150831 30.82878647017914 -6.890443132052867 5.1882970291804105 31.025997163911182 -6.59635203676675 5.759716617975203 30.681106033063426 -6.316465604639289 4.340893764072451 29.7010866516052 -5.182576582445171 5.428099015506455 29.348178573263493 -4.631687869000529 6.071911982722321 29.090787146250385 -4.208243087362255 6.528205840450777 28.78158147463425 -6.38224790471621 4.462529326154786 28.692083001211262 -6.5140532403314255 5.904257219379315 29.18517596207038 -7.078508077284329 5.803631989932918 29.633499838216157 -7.250645213145299 5.372388656715092 29.645630909688457 -6.751132251931806 4.6332910806370995 27.98715231407059 -7.00711065431995 5.967459638991334 28.650836512082922 -7.465380619918326 5.803620260821391 28.995835247158787 -7.56333610277472 5.362467449434721 28.926828341983217 -7.169173988994887 4.759540746988188 27.418562606354254 -7.293085997012185 5.9294108288744125 27.981469064900526 -7.666599087870994 5.847557736836635 28.363198548848143 -7.796723762002746 5.4131442424124 28.335515751232855 
-8.985498459483878 3.4121901443432305 28.7192403434569 -8.319360860146395 3.563787921158495 30.059947690593543 -7.42141473587146 4.347802843561671 30.871488405505957 -6.873424652708375 5.17874076588596 31.013405796085554 -6.577498783126925 5.748846440105802 30.641489211654346 -6.34012337074903 4.3450292313092085 29.756074078788064 -5.178036395799147 5.428035192080227 29.35339890011177 -4.642060701141821 6.058798908506154 29.095905200170208 -4.211375138994833 6.505217940843157 28.76614974228669 -6.406135353940076 4.474923079257288 28.720933737426357 -6.518127618328969 5.903761635628145 29.17946742736823 -7.094060615248565 5.789795289055989 29.632956088426603 -7.249440578446515 5.354297244166363 29.636871163646962 -6.774859473814471 4.64552454271322 28.014873445444632 -7.004644754294158 5.965536083087388 28.62451821796384 -7.462393409112948 5.8017237200115765 28.968916850273775 -7.548087917526878 5.349098477290726 28.91208384221487 -7.192881741810901 4.771621179670653 27.44544526658204 -7.2796760970988466 5.933556883339143 27.975650147592308 -7.649399536808587 5.825617114423526 28.347819966735496 -7.788703370996516 5.394673292627526 28.30676836207304 
-8.97796535442968 3.4125166677399887 28.69806353493882 -8.319360860146395 3.563787921158495 30.059947690593543 -7.427854079232909 4.347924521312531 30.89370188483612 -6.911204018036241 5.196846966620905 31.03428005620531 -6.6361417295002205 5.782309999074773 30.70024005256493 -6.323489227480043 4.341160976585441 29.747625891858437 -5.18281128681633 5.428726969567868 29.373298105715747 -4.657664584573902 6.06337228054025 29.104016076684026 -4.257136029450868 6.519404626799067 28.78983749400464 -6.404702963218294 4.483649943133517 28.727674520953748 -6.497827663773764 5.8998593699116615 29.17724334477614 -7.0773855889542885 5.7854096620585596 29.62472954583423 -7.249440578446515 5.354297244166363 29.636871163646962 -6.759204799833472 4.641836117585564 28.00791736977916 -7.004644754294158 5.965536083087388 28.62451821796384 -7.461161252468083 5.8111416132119205 28.976153036990148 -7.548087917526878 5.349098477290726 28.91208384221487 -7.1774892511371835 4.768006329525852 27.43897976857615 -7.29536633652112 5.937698982273325 27.982521915528398 -7.66430787459192 5.839177036181155 28.36208456756974 -7.7944668060950715 5.404817055325127 28.334379321751932 
-9.000500282552865 3.398119981937849 28.718101914602695 -8.319360860146395 3.563787921158495 30.059947690593543 -7.427854079232909 4.347924521312531 30.89370188483612 -6.892146283045512 5.201760999665714 31.03235766236329 -6.61719124929041 5.776481869496608 30.66338919280929 -6.323489227480043 4.341160976585441 29.747625891858437 -5.198795326151336 5.433056074785301 29.38157531491633 -4.688901373483513 6.072528007852994 29.12025292234926 -4.318282109566506 6.5383635015616095 28.821489272619626 -6.403783220714343 4.46648364554443 28.71953496717826 -6.519916750088063 5.905324984107437 29.20579081792451 -7.0773855889542885 5.7854096620585596 29.62472954583423 -7.232694509562135 5.350105759841065 29.62866450188162 -6.759204799833472 4.641836117585564 28.00791736977916 -7.010893377431214 5.966681746760312 28.644967742064946 -7.46777537365209 5.812216829660988 28.997116275439755 -7.5644803489896875 5.353164877193703 28.919665256103197 -7.175327848550579 4.759985667308707 27.437936865779225 -7.299541893108076 5.930562946479351 28.001554459940543 -7.66430787459192 5.839177036181155 28.36208456756974 -7.810562176970385 5.408803509805802 28.34147514577144 
-8.975807597130059 3.4043226613726185 28.696716123075635 -8.313069417185067 3.5549711658207794 30.030744049004436 -7.425150866107276 4.347617577480331 30.865855427841364 -6.903895006410198 5.192870956536984 31.041226047499325 -6.6135680983729905 5.764351207210622 30.690337396310678 -6.341606939287218 4.336220029689411 29.749120646930884 -5.195978743405999 5.423601040862837 29.354865845065312 -4.657664584573902 6.06337228054025 29.104016076684026 -4.262145235272528 6.519488982467447 28.78460632581944 -6.403783220714343 4.46648364554443 28.71953496717826 -6.519916750088063 5.905324984107437 29.20579081792451 -7.07990173904242 5.794234492187211 29.626206240084674 -7.251929416069891 5.363072099605317 29.638380928313097 -6.759204799833472 4.641836117585564 28.00791736977916 -7.010893377431214 5.966681746760312 28.644967742064946 -7.461161252468083 5.8111416132119205 28.976153036990148 -7.560218032538542 5.360883648005243 28.900085641647383 -7.190720757114247 4.76359901011975 27.444402508107583 -7.293085997012185 5.9294108288744125 27.981469064900526 -7.6575471571200655 5.838067853969059 28.341527798339666 -7.8059999647057206 5.416275218667412 28.322060539697787 
-8.968333237512086 3.418055043261011 28.719023246494157 -8.30354187301693 3.578082514947852 30.060484353418403 -7.406291078679361 4.352845351123706 30.864062733665445 -6.877547643038616 5.17861033334479 31.007686958963774 -6.58610672906161 5.75897437006626 30.66503299402448 -6.323489227480043 4.341160976585441 29.747625891858437 -5.195978743405999 5.423601040862837 29.354865845065312 -4.688901373483513 6.072528007852994 29.12025292234926 -4.305354084008925 6.524867895703722 28.80691222825574 -6.402350251532048 4.475207303504271 28.726275954079753 -6.519003434885708 5.887369950595221 29.19729338474767 -7.091546270103841 5.780969799848335 29.63148023869431 -7.228917772587986 5.350637665679159 29.63439911396355 -6.757907540409899 4.650605597085202 28.014577263338797 -6.992474738867204 5.953865455913813 28.636319963703105 -7.442393764423531 5.798284685197678 28.96723360297179 -7.539127686296964 5.3397862846092075 28.889930253199946 -7.1763522217222215 4.77684403194306 27.445592551837613 -7.2838372408954815 5.926419147384908 27.99466790616807 -7.647109794950481 5.81724215782687 28.346706134757966 -7.786451081839204 5.386356529824631 28.305636727710084 
-8.9661726213276 3.409853659977829 28.717671832962917 -8.30279255392045 3.587203692703575 30.0677856413696 -7.426521297355886 4.365894222084251 30.875213258528152 -6.903895006410198 5.192870956536984 31.041226047499325 -6.6059659544734775 5.772801576763002 30.67600434304326 -6.325967646351799 4.349913290175301 29.749297684666207 -5.180602497503243 5.436856099230716 29.354966107772828 -4.624622034638729 6.06203854110214 29.069808137131 -4.199579172209832 6.508145649516086 28.735393631962857 -6.406135353940076 4.474923079257288 28.720933737426357 -6.52241269345984 5.914059543902353 29.207185072374255 -7.081026379826895 5.812461445107897 29.634977185952707 -7.236385534333441 5.376965862809071 29.638927467589923 -6.759204799833472 4.641836117585564 28.00791736977916 -7.010893377431214 5.966681746760312 28.644967742064946 -7.463554985928882 5.81973287138689 28.977430101427345 -7.559072738767388 5.370184708972126 28.907242299286885 -7.192881741810901 4.771621179670653 27.44544526658204 -7.293085997012185 5.9294108288744125 27.981469064900526 -7.666599087870994 5.847557736836635 28.363198548848143 -7.792175638380884 5.420612148757362 28.316112753719935 
-8.99600215928957 3.442035116689205 28.720699432031598 -8.33607885658331 3.5763947268862637 30.07570308329088 -7.444376789587465 4.361171290377705 30.910529112464566 -6.876063837966014 5.187959291292506 31.015262883407 -6.58610672906161 5.75897437006626 30.66503299402448 -6.321998600298256 4.34996668384412 29.754577436878236 -5.178036395799147 5.428035192080227 29.35339890011177 -4.637595805756006 6.057770687993351 29.076409602901126 -4.231635033937675 6.51003749916455 28.768822592994862 -6.402350251532048 4.475207303504271 28.726275954079753 -6.519916750088063 5.905324984107437 29.20579081792451 -7.092671193124515 5.7991963832524815 29.64025704569051 -7.262429510184463 5.359032527394277 29.650831446807583 -6.773566537070909 4.654299970974757 28.021539447435647 -7.010893377431214 5.966681746760312 28.644967742064946 -7.46777537365209 5.812216829660988 28.997116275439755 -7.56333610277472 5.362467449434721 28.926828341983217 -7.191749170186792 4.780464737385019 27.45206391263037 -7.2848640369396 5.943997542966343 28.002700102095172 -7.666599087870994 5.847557736836635 28.363198548848143 -7.810562176970385 5.408803509805802 28.34147514577144 
-9.00087428874142 3.429149646975571 28.704055452209136 -8.329027866944823 3.5766842092559075 30.053765631209757 -7.44028137046175 4.342572176767703 30.873279033630357 -6.921481858947619 5.197314958725633 31.05074905311713 -6.630795503642455 5.768988980640258 30.699574847093555 -6.317993643891887 4.341056254385382 29.726983214330367 -5.211955960641854 5.427923433946146 29.363125308337473 -4.715649493961799 6.0806508326194 29.11693593817718 -4.351274416635266 6.5390903343682645 28.830667996648234 -6.403267902400933 4.492379678308764 28.734420317035735 -6.506173170423965 5.909656377017039 29.199236326731473 -7.082419614727715 5.803060699459875 29.62768380152158 -7.23767403778133 5.367652719774351 29.631684809222943 -6.756607871759898 4.659378135560274 28.021242305504277 -7.013284883211819 5.975207401711776 28.64618703047988 -7.477546024556564 5.815412956339364 28.983800596785812 -7.559072738767388 5.370184708972126 28.907242299286885 -7.1763522217222215 4.77684403194306 27.445592551837613 -7.3005729142607185 5.948149363257145 28.009592819663183 -7.666599087870994 5.847557736836635 28.363198548848143 -7.789919594776231 5.412290170363885 28.314980007725357 
-8.989530937535902 3.4174287246370985 28.71666137612423 -8.317874186845739 3.5820327029486383 30.074559435482783 -7.444376789587465 4.361171290377705 30.910529112464566 -6.898293452019856 5.202370250551944 31.05454835057685 -6.60331221948791 5.763610234332695 30.674253591933073 -6.352807831075886 4.348959388533278 29.76982163233788 -5.227943089360822 5.432248642992706 29.37138989907271 -4.780234881125834 6.09120718167037 29.167590802440746 -4.418363023898435 6.543896747650318 28.848267562375355 -6.434397890359394 4.482736558617797 28.74144071284426 -6.498689558682787 5.883462358516446 29.195055786001205 -7.060585573231833 5.773788645334023 29.642101414347138 -7.216041680890666 5.3384395605819295 29.645955387275414 -6.7892341329464045 4.657996471083422 28.028505457170166 -6.9726638987186 5.950342461410939 28.6347512531676 -7.445358552674347 5.800169919850295 28.994137511770624 -7.528192192501695 5.345800837536454 28.91035736538274 -7.21447111579753 4.7756943565787076 27.47133903388501 -7.260450462517106 5.93040372223817 27.974692132183346 -7.64826401434369 5.8350135562064365 28.35495409509164 -7.778380359862335 5.400832914995205 28.327287434066175 
-8.9661726213276 3.409853659977829 28.717671832962917 -8.328036474042397 3.5812828400840857 30.090879464880455 -7.441654567841812 4.360853030165762 30.88264393948281 -6.903895006410198 5.192870956536984 31.041226047499325 -6.59635203676675 5.759716617975203 30.681106033063426 -6.352807831075886 4.348959388533278 29.76982163233788 -5.191442423702164 5.423539483716773 29.36009331570964 -4.603835028272799 6.039807885470183 29.058746039587948 -4.13091991491105 6.462927834316306 28.69977982888298 -6.406464800886777 4.484143905315258 28.752949649667762 -6.532756448962737 5.883034583519428 29.203847208945884 -7.108231546259587 5.785356188643614 29.639711779548154 -7.280476162639697 5.3539105415389985 29.651790424444066 -6.762438657957284 4.659725915363036 28.04084271048038 -6.974066328023093 5.941056453441117 28.627676983975554 -7.442393764423531 5.798284685197678 28.96723360297179 -7.540332883703352 5.357593227648969 28.898375105732473 -7.167112980331249 4.773678176364804 27.458513317892017 -7.261713195100948 5.921132122384531 27.967728920371634 -7.64826401434369 5.8350135562064365 28.35495409509164 -7.792175638380884 5.420612148757362 28.316112753719935 
-8.949443609030324 3.4066620870098134 28.710430845585403 -8.29236205825792 3.583427972473818 30.081254665759015 -7.407654368615415 4.371119625553209 30.87341814176335 -6.856188412175793 5.210693266411148 30.99491206138923 -6.548451826463859 5.7579495384839126 30.626591806040537 -6.321998600298256 4.34996668384412 29.754577436878236 -5.178036395799147 5.428035192080227 29.35339890011177 -4.626466478750187 6.054228526973728 29.087799347785236 -4.1859399261043775 6.495883356944261 28.745183311874452 -6.399999059905952 4.466765758468909 28.724878122275978 -6.496922277892184 5.881923974205717 29.16876344392846 -7.07877720514306 5.77601898682872 29.617441260964785 -7.235183379714678 5.358878559341092 29.630174206587576 -6.761482777918745 4.642728581831296 28.03296984097127 -6.986242904857185 5.952729593336759 28.61589052088416 -7.462393409112948 5.8017237200115765 28.968916850273775 -7.544988592236444 5.347527595621734 28.885375967186523 -7.18148730322622 4.760431044044033 27.457329967521186 -7.2850919512501005 5.917140321537509 27.987698178364248 -7.667729538547896 5.8381517642868 28.35605830222089 -7.79424926467524 5.402011984745839 28.301961087016938 
-8.97796535442968 3.4125166677399887 28.69806353493882 -8.330503393348378 3.558442476891134 30.0391646310113 -7.44283340321063 4.351616015902533 30.875141325829038 -6.896269097128754 5.201624011057173 31.02662654413818 -6.60434185950469 5.782209189678451 30.68351580366082 -6.327500115469306 4.3500756962147875 29.775245605935645 -5.18281128681633 5.428726969567868 29.373298105715747 -4.639451511875878 6.049957022208908 29.094412054118088 -4.211141525506736 6.487697738775596 28.758126565889402 -6.395978564318207 4.480581874587863 28.76528329998925 -6.496922277892184 5.881923974205717 29.16876344392846 -7.07247330199558 5.77499030098568 29.59619076799193 -7.208418691634213 5.327091147624231 29.590479157857008 -6.751637628170585 4.639371037328719 28.045591935085966 -7.002257541101983 5.957018092793986 28.62330432869898 -7.453397917578977 5.792073972977187 28.94670916628061 -7.516178221367097 5.3349408913006755 28.86155167397368 -7.163926392588437 4.748793116120811 27.44980741004625 -7.29205877705563 5.911845942665358 27.973446132079882 -7.6575225060268535 5.810907805523887 28.326154406899857 -7.764649704621098 5.37227226321154 28.27101928137134 
-9.000500282552865 3.398119981937849 28.718101914602695 -8.337551388768699 3.5581438489575032 30.061089049334125 -7.410925700201294 4.329128169725289 30.812170528635153 -6.900695771602986 5.173554995882988 31.003891365142504 -6.6195545331471966 5.765305994194074 30.712198477277997 -6.331515193754376 4.359001723716332 29.802901568739106 -5.18561362375596 5.438184058554618 29.40001827639499 -4.680384171562804 6.077837862407646 29.133175683025446 -4.284316133187848 6.534318690352303 28.813076234634583 -6.4047145616818915 4.472531317484749 28.803786450610687 -6.5140532403314255 5.904257219379315 29.18517596207038 -7.065895844919652 5.801543586360865 29.590985561716785 -7.228816937056807 5.358094486666527 29.6088968606828 -6.762328667867759 4.623033537648576 28.076947730722267 -6.994622195175855 5.965173269952126 28.60995556158552 -7.44556546712288 5.800417678015855 28.933023710154046 -7.539127686296964 5.3397862846092075 28.889930253199946 -7.176335258773563 4.723971934312435 27.474327593261137 -7.284360104393844 5.919979209171127 27.960355992889998 -7.646226754636938 5.8202276563773 28.318784251928662 -7.7670896074950315 5.383353159416726 28.304509501623652 
-8.991299569942965 3.3945990204189522 28.732053428858443 -8.319360860146395 3.563787921158495 30.059947690593543 -7.418716074119322 4.347494065779156 30.843665249208996 -6.891605599764648 5.191658310145771 30.996881603676584 -6.587131650716538 5.777563784947603 30.674287283424256 -6.349554804129524 4.3505126040424 29.85811708908712 -5.226976351946732 5.447629373752735 29.431359029867583 -4.725124702112163 6.100393880320039 29.164354705693505 -4.333851741606366 6.560710120345882 28.83749512955689 -6.417260716323322 4.464194309778515 28.837000732347345 -6.496238995503151 5.909076509121 29.184339694582825 -7.065895844919652 5.801543586360865 29.590985561716785 -7.228816937056807 5.358094486666527 29.6088968606828 -6.775289164201872 4.614907657602566 28.109569206501956 -6.986242904857185 5.952729593336759 28.61589052088416 -7.45216423833572 5.80148408010154 28.95393963408101 -7.5414832471690145 5.348301793546672 28.891224806541427 -7.182490785008823 4.724396038789101 27.493744555060523 -7.2792753817345766 5.909836690978045 27.99255531217869 -7.662018439814597 5.830797493843295 28.36097137476526 -7.792211675005395 5.396490992141097 28.333243698457867 
-9.002661017629205 3.406318711751569 28.719454780022065 -8.346358434817525 3.5703782375454227 30.021724403658737 -7.45249344092163 4.3459272630248 30.826875401083676 -6.925004943631704 5.187049955379617 31.009523895726346 -6.599009367859416 5.768910350627219 30.682863084718917 -6.344033823401747 4.350403248383902 29.837369341525886 -5.206411160098297 5.443222940450712 29.4282762540985 -4.635382023385022 6.056281153159478 29.12681320854147 -4.2069584389735075 6.494292852653932 28.789827588574138 -6.425191249335727 4.472874243937339 28.85844810493734 -6.512468952579059 5.913481085304296 29.19227919857685 -7.0684085552424145 5.810359710545104 29.592452672688182 -7.2492407575493845 5.389143916849173 29.627341962109217 -6.760542179284943 4.628233572052404 28.110438971654283 -6.9848442931048735 5.962020727993913 28.622965364575855 -7.453317797578448 5.819484496547677 28.962446862646015 -7.542690482812561 5.366113056818834 28.899670108955853 -7.159959291746578 4.725645499565882 27.501214377136357 -7.259433600820908 5.912848198595329 27.96667641888876 -7.64826401434369 5.8350135562064365 28.35495409509164 -7.7931956321089295 5.420173342223966 28.376624036898708 
-9.011843731562486 3.409832821756223 28.70549271945907 -8.363792319428503 3.5738498004905126 30.030130738966285 -7.470157426420244 4.349914538359362 30.836120628462545 -6.938471901688535 5.191629075378238 31.02473354682916 -6.623182871232923 5.777442981931939 30.685231162265556 -6.363218247823671 4.3630705487909855 29.847584852240075 -5.190397308952532 5.438881220753967 29.419959932811665 -4.5793201763299205 6.041438079540557 29.0881584944176 -4.091464230700308 6.477418089872886 28.728748315771597 -6.419626487173806 4.4726696569177875 28.83842689897658 -6.520830045480271 5.923291118254181 29.214293938445426 -7.0850583809509455 5.814749360166881 29.600652646720658 -7.269897047257495 5.3853730665452595 29.655360144262787 -6.7749654927436564 4.6407165935142 28.12416077049261 -6.992068363710238 5.980989264381307 28.65170468804019 -7.4599268841584605 5.820563276656804 28.98339489919248 -7.565696202494653 5.370995536479941 28.928128047689704 -7.176423168703511 4.746130091856157 27.515409045363146 -7.28777171274516 5.946147206318679 28.02872617337403 -7.679015535951101 5.85921176315661 28.41154183168627 -7.819640607795031 5.451065865656591 28.41377194472783 
-9.0303303490247 3.4302899761643646 28.72110395580424 -8.358362818526498 3.5919047328643607 30.017172504319785 -7.480576728835275 4.377370484865448 30.86955685272467 -6.942298042618843 5.219447342682166 31.036044455419535 -6.624114564932983 5.785446245750073 30.659374888204106 -6.362739292757748 4.389534280594832 29.86325587465084 -5.192971200543273 5.4477240156695546 29.421542307459646 -4.573002081550776 6.038002948731782 29.09431482582951 -4.090512010023021 6.474229924174976 28.729552652966934 -6.419125504907798 4.498645790110584 28.853402362047504 -6.552690364551045 5.959369042897906 29.245875213606066 -7.124488604126187 5.85227844838522 29.654476471344633 -7.304670143299362 5.41192458468738 29.680600559959192 -6.77593507855792 4.6577565033403925 28.13207632105017 -7.026544863960787 5.998139133699996 28.667812491850324 -7.492653803545461 5.856607877167478 29.014512398345154 -7.595486186227808 5.403907377962923 28.99327703359412 -7.190729056863483 4.758593005020912 27.52855981986037 -7.312758063313715 5.953303947714231 28.02242620669266 -7.688346869557804 5.88951935203397 28.41354086141746 -7.8428491862721055 5.483027269395364 28.457006162783003 
-9.07538972225125 3.4618968112027804 28.766612871942588 -8.397265785885818 3.625317723183871 30.044632295383753 -7.521097580795392 4.403481146979854 30.891844206568383 -6.981588741838603 5.228179775336569 31.049327807868345 -6.665622501078453 5.814339317098886 30.70896197259282 -6.425993913397447 4.4278137701704665 29.914839848068652 -5.179168013990764 5.435237077268292 29.431592897037376 -4.536271607335284 5.993663252832164 29.066916798915795 -4.0165411355128064 6.394060158221006 28.683092339287974 -6.4602503857958755 4.5322187648118355 28.898503088715458 -6.545505960214004 5.971930084850979 29.23495879391077 -7.127073126818777 5.868268023019695 29.630252087879324 -7.332721925711252 5.441962983300771 29.687613366405177 -6.814272157112286 4.68261368664763 28.173855530199006 -7.0473888426421105 6.0195271108986645 28.677702600963187 -7.512042932191767 5.866696874053887 28.990466936910654 -7.623268814832788 5.426722567762508 28.963312330212165 -7.222688229391081 4.782759326287986 27.54933515115859 -7.3173256483519715 5.9699087284702825 28.02453925462812 -7.7101579704017515 5.901074134895672 28.41577618542636 -7.877200846059659 5.496562912786717 28.439854844907966 
-9.074986650295324 3.470998940281388 28.77367690571096 -8.381466233137054 3.639630145596487 30.045199795774852 -7.501065700853502 4.418007260098082 30.897590740331257 -6.9637264552744025 5.2517485152193295 31.056882579127542 -6.624470749793949 5.821443663050362 30.65028116550904 -6.430119765621379 4.436855166170625 29.94274233027882 -5.199976576264362 5.440277471233025 29.459899217219974 -4.587805813898335 6.007429771839766 29.086043930375773 -4.11758782150278 6.422420403205515 28.71992059832613 -6.464429039147814 4.5412431306960785 28.925415802291653 -6.5651801017809195 5.9687208322621474 29.262232831930877 -7.138720043199139 5.855016456131622 29.635534282686592 -7.3342995781628035 5.428333913687393 29.677192892409476 -6.820156691234747 4.682976568986088 28.1936131019556 -7.044993962991574 6.01098943681919 28.67648264045607 -7.508424891067638 5.867550123333865 28.996453854822274 -7.639707579299957 5.430821071273924 28.97092451716642 -7.227765365734967 4.792091708029923 27.575502294173837 -7.336021244100247 5.976261209823723 28.05755035921673 -7.726251432224808 5.905268046318673 28.422946388794234 -7.8864723611757706 5.499673414495191 28.4263216727966 
-9.067577187289222 3.484823567473553 28.796123529364298 -8.38238725487045 3.666609122258051 30.061507935489157 -7.499676888019642 4.43593642465327 30.87902935475446 -6.969030575238079 5.270219814866621 31.0606129583834 -6.664196991161872 5.849133638247521 30.672172514950034 -6.436758020389661 4.454736052030075 29.97239476094957 -5.201950422460515 5.431500447697944 29.453081082217874 -4.5766396789801 6.003875858475948 29.097391794948372 -4.106533712456661 6.418946896979215 28.73104808992157 -6.4700427626954395 4.54148781279804 28.94554286208219 -6.566109822877338 5.986746684032712 29.27077314778274 -7.142377542825071 5.882119956029503 29.64579417451149 -7.341786315376512 5.454709668427731 29.68171959238577 -6.810257236573738 4.6796087357795475 28.206283672476395 -7.046001930028205 6.028862273444871 28.68481292760753 -7.5260085187710155 5.88991066991355 29.01265915765713 -7.6409482348480084 5.448720495779715 28.97942707453958 -7.219611933050084 4.780041780638786 27.581807944898557 -7.3295250415557325 5.975081347187387 28.037393983298358 -7.719426971333765 5.904112508863395 28.40229298291173 -7.869289635505301 5.505010686900849 28.42630262780104 
-9.080686653790812 3.5138950818733927 28.791886934186845 -8.422089954705209 3.6909837291128498 30.081731048985827 -7.539067101741806 4.471407875243472 30.908853424319204 -7.008120948821517 5.307072535996959 31.091027428512106 -6.692799719962266 5.87322547521721 30.706802913899512 -6.450441002456538 4.467326053338231 29.961800294996184 -5.199374129525977 5.42264990342894 29.45148944685947 -4.555842503466665 5.9816505223443475 29.0862666857482 -4.074813018488948 6.375755170691102 28.72347071406445 -6.47242418555819 4.550002457817738 28.946985698153657 -6.58491317484318 5.999952705548972 29.280175758910993 -7.155207893773949 5.894272828548086 29.634147245283316 -7.358587438927003 5.45894168520058 29.68995375883001 -6.811241627775283 4.6967071425128655 28.21424528463123 -7.0644676224267835 6.041732601912044 28.69349493914157 -7.522948203975276 5.887921126601065 28.98563947495938 -7.634248993035864 5.447855531942226 28.958441365937823 -7.220661856651031 4.796980724917685 27.58953522876194 -7.334095482321848 5.991697303625153 28.03950725642329 -7.720603156209654 5.9219580212003855 28.410584111339276 -7.880827895815702 5.516477950010346 28.413920323379916 
-9.095171459146044 3.531636658226025 28.848765410606752 -8.40956759647557 3.714807941734188 30.117351910250285 -7.51668333651586 4.504560321323437 30.929713861834163 -6.962273688171065 5.325675642976471 31.072515782758497 -6.661878104850337 5.87594665034633 30.66129864023519 -6.448968949092695 4.47622721638059 29.968846162628765 -5.197399332395347 5.431423554075037 29.458307432483867 -4.537667254340267 5.968274653197036 29.076653124989623 -4.050512717242228 6.369752731803652 28.701795050422977 -6.47242418555819 4.550002457817738 28.946985698153657 -6.546429788448184 5.989940653373816 29.243482068627603 -7.141044232867744 5.898683892964528 29.627396615468328 -7.362328620978647 5.485921789121793 29.700271728297775 -6.82703500644925 4.700445963641058 28.221357537655 -7.0507973399977555 6.045947396729012 28.687254525183935 -7.533206649220919 5.915733231745489 29.01648399082819 -7.657794574503588 5.477598624640451 28.969947879095297 -7.220661856651031 4.796980724917685 27.58953522876194 -7.334095482321848 5.991697303625153 28.03950725642329 -7.727506146067975 5.9471624900877105 28.413934560126087 -7.908366791018558 5.5623206218440675 28.426799763706715 
-9.115289081192902 3.5560196055309246 28.829121083989413 -8.417543140758161 3.7360999300178253 30.085069005036726 -7.535084539691214 4.480256576431787 30.888387553366822 -7.012227917799717 5.306890411941759 31.085272719145976 -6.6860599145992 5.880083635698649 30.74899710345353 -6.445855142155502 4.484863755817758 29.949631682040497 -5.20443600505152 5.452000973830573 29.435095195893116 -4.54661250922726 5.980540783752193 29.072016394583905 -4.044008004161732 6.377202567606694 28.689417210846532 -6.489550293074476 4.57114482040244 28.963007298151993 -6.602159037760839 6.022459488477005 29.296741192399583 -7.196183744886975 5.9225550412398364 29.68080206437467 -7.376629071213696 5.508961978582926 29.723140322751075 -6.822126502160219 4.717178871330949 28.209534137342896 -7.064095603819759 6.068984482542888 28.70896521582644 -7.547193260497149 5.939016070202104 29.038728715683693 -7.662266373723815 5.497238620495724 29.00539100271257 -7.229943323639051 4.800155919823444 27.576569868828358 -7.319859781549559 5.998628841867749 28.006235903238327 -7.7345122392399075 5.969112451695812 28.414794352935044 -7.911220429710718 5.600890040696204 28.47614902316153 
-9.096620707155301 3.5731823679265116 28.767774438490612 -8.419772688452712 3.7391327073090896 30.016105727105366 -7.567362092995316 4.496443091691708 30.85279128809224 -7.057120578301996 5.306022778260233 31.085211368938253 -6.757072812885619 5.90522585038171 30.81690581689359 -6.459323033742782 4.4882455919506485 29.905738138739963 -5.189204986055116 5.403678017594212 29.403187000174626 -4.53468663755571 5.941921612237139 29.066976461963275 -4.039024595250281 6.331452171060964 28.696947475781872 -6.485433232295755 4.596151659844999 28.927017014960253 -6.5852075349284 6.045360557191319 29.30444939002389 -7.180382884888282 5.964242481249631 29.69754693144854 -7.37660871875083 5.536588793758762 29.73929650187839 -6.8293716411162695 4.745532045473084 28.186257965134324 -7.032952984224309 6.078197519830086 28.7023602539716 -7.516689386991793 5.966570920592207 29.0404887181765 -7.666010057557109 5.551109270681963 29.030989970098055 -7.236136298515211 4.853686733915539 27.567244629434978 -7.302652305231607 6.0307053309750875 28.021402201136517 -7.703551351440253 6.005892643808566 28.424250360689783 -7.9172969710176355 5.6627153304174165 28.502284164616622 
-9.120696767307294 3.5853650318263206 28.80349278130941 -8.426200597034871 3.748149072371215 30.045435018987188 -7.562768583206626 4.533693520972526 30.8829126240994 -6.999235140868496 5.361715619127822 31.074861536410786 -6.652804652979713 5.90962567654667 30.692522959822334 -6.457856749560354 4.497147694382987 29.912768328703308 -5.189441343131364 5.404276815567236 29.428349515993418 -4.52687582582298 5.9154422543232315 29.06247010168167 -4.008352249435601 6.291493719139811 28.68853818262253 -6.47655619471402 4.6040911798552475 28.888196499258115 -6.58242382681672 6.025622284395682 29.269386629313065 -7.165270853369801 5.922524927189761 29.665776442702754 -7.377888004458043 5.499562877846005 29.715826393135668 -6.8280228616834 4.76167045589376 28.168935902762875 -7.036753414717481 6.077398831507771 28.696463410339714 -7.5137023166401455 5.936957362795808 28.997607336558282 -7.638267142770859 5.499048820845267 28.951147080529164 -7.230957959091466 4.87013794476204 27.555440433573423 -7.306199442616641 6.029689813865834 28.01544291271063 -7.7069553877711945 5.977487068888149 28.40269973994815 -7.886790686294117 5.602209369548887 28.422655921028113 
-9.12804832017417 3.5714643714736916 28.78097196310265 -8.426921948150818 3.7389545533654096 30.038103042584133 -7.549940946647866 4.520065354879192 30.86043739337907 -6.988663333193684 5.338161979882148 31.044354692116592 -6.628690231558066 5.901065783869359 30.690208958555743 -6.448076959390756 4.487846878162712 29.863999396455185 -5.200075562654264 5.390334931096586 29.408329647317878 -4.522511109013373 5.914507968889868 29.043093671948945 -4.02350626957487 6.296135688401318 28.69639390826321 -6.4846682906612205 4.599133336307655 28.874357885968998 -6.585849281419404 6.018002983344636 29.288729364771466 -7.165270853369801 5.922524927189761 29.665776442702754 -7.381647754246479 5.498972187215022 29.71003053341609 -6.83559854824174 4.756742607491995 28.15501764111314 -7.01829169611953 6.064508854507237 28.687775054912372 -7.499715752281252 5.941249730703599 28.991229612115138 -7.647352318510506 5.508501900657778 28.973444411719537 -7.261914104089789 4.8774790631954525 27.56854118189794 -7.284024071716107 6.024294920357098 27.98844353468482 -7.702441414779691 5.9846818213405175 28.38316880444975 -7.907513290162799 5.623011138573833 28.432095166551285 
-9.094451731616347 3.564955991691465 28.766432387425095 -8.409478881371589 3.735421798721243 30.02970234042058 -7.552783443085378 4.5205629827501 30.88843862688591 -6.991526592511282 5.370431684592732 31.06018135049423 -6.647941671925033 5.938021057390219 30.7151316155502 -6.443928245720591 4.47876142891286 29.836152554903787 -5.18663665721276 5.394845709356737 29.401606867437337 -4.513925403259115 5.9197459107143935 29.055874704051433 -3.9998664672345354 6.2967552661582085 28.700980908168194 -6.4828386120450405 4.598543967754449 28.84888441197561 -6.57991519889824 6.01685998823735 29.267987640109627 -7.163891706618956 5.931987754371665 29.673113994393315 -7.379132904853134 5.5177733431636335 29.724652184627182 -6.833253994197613 4.755757223350601 28.12976522223213 -7.019691515898183 6.055170554952424 28.680668142974096 -7.502740126153934 5.943275588011423 29.01824558917312 -7.668272231986758 5.532315966061302 29.016530886424544 -7.2578432806808655 4.885023496909143 27.55004951632237 -7.303914205726815 6.021384589466221 28.014394255474805 -7.724209902662455 5.999583785056412 28.41815671172712 -7.931899059034004 5.645885692451315 28.46831755716322 
-8.937197291209381 3.2319112495094573 28.3057356669743 -8.252340197621297 3.317291137723498 29.706773739678944 -7.434154660899835 4.077917069105481 30.685653945202358 -6.863203602600388 4.995854336617398 30.82944569758308 -6.496419419770353 5.565946417461631 30.155153451816446 -6.398707921513883 4.022253868129712 29.386529207263887 -5.2036730158516 5.011752487489711 29.107879975446686 -4.518181829095374 5.5749401384188735 28.858197775896794 -3.9741135241811723 6.00663167182873 28.570276197575566 -6.481077856166026 4.266500745036558 28.421536560595122 -6.4969054539861855 5.760514221949587 29.102609321656786 -7.095607195850175 5.657956787940479 29.4960147005662 -7.373471235409787 5.237139405241823 29.50790269318967 -6.85267203843208 4.550145100964059 27.763081957609494 -6.9206095709633955 5.875921893641032 28.527054332627774 -7.396872379564075 5.705737116402986 28.863261876736505 -7.590187925410932 5.253154055373045 28.790846342858032 -7.2832906044434305 4.761961869848686 27.23680352054717 -7.221556953171309 5.852831061951825 27.875912880441387 -7.615472623782888 5.772364635507723 28.249716353308486 -7.79765797212134 5.38612751638406 28.193598149275783 
-8.914435896307626 2.9784209294480837 28.005325475558518 -8.209991202907075 3.026655843270886 29.4226404645387 -7.435929662083369 3.762133459320752 30.517004753972493 -6.863238402225551 4.72611240464017 30.69861408113348 -6.515132266819986 5.394648265286307 30.119774352822173 -6.390705824303812 3.69577630481874 29.020207555941653 -5.212385423957891 4.762380334951532 28.79442107731734 -4.540646280453271 5.334352320447209 28.619986124727884 -3.9955643280085127 5.772786468862882 28.391610208003822 -6.425854587352435 3.969592620324129 28.010714942466507 -6.406997593806338 5.604337262321351 28.892672366903234 -7.044317110727222 5.519587001642465 29.432135695207307 -7.323976516215143 5.101012240667574 29.471012873078916 -6.780606702240277 4.281191893032085 27.391255721086715 -6.855863503223483 5.708406235973627 28.360661656407252 -7.385776777704601 5.524139990852551 28.807211880938684 -7.5648240367045645 5.073847763002753 28.72628778306164 -7.215015346162201 4.533864596012921 26.93333897000947 -7.188091986887728 5.665775428771697 27.740059014912916 -7.608152058171789 5.56498106273904 28.174834015857773 -7.816747196286118 5.171307300180762 28.13094117942169 
-8.857940090814886 2.896465716274243 27.71163462857364 -8.158657629335787 2.840938738987604 29.223197467831394 -7.354569095685532 3.493699876716628 30.372403966716686 -6.781293586484181 4.470537632486208 30.625670138922096 -6.467282707598108 5.196859868807021 30.1565335679017 -6.2751064149766425 3.430436231603024 28.807969259102183 -5.139830266269604 4.588370406784113 28.66933175812184 -4.500248866122663 5.197992971547362 28.552941737178568 -4.008571941117106 5.66468570439517 28.394279372902936 -6.390143535677524 3.792382854892036 27.85752492403286 -6.233944511796212 5.413596149938688 28.754247494101104 -6.852822840700292 5.327400810265577 29.304429275157936 -7.143246627147756 4.90161574063208 29.31989946975962 -6.7526777841593475 4.178153867867025 27.267300861579457 -6.721075618558442 5.584774685750319 28.265842583401156 -7.2498114085181955 5.401160653434125 28.734957965987874 -7.4300563542225255 4.947545066201192 28.61972708030077 -7.190164566762954 4.487933902548779 26.833592141576755 -7.069188103234532 5.590883181571051 27.65443959819622 -7.490410131384779 5.455338628937486 28.08998330656907 -7.658070593001803 5.04707673354174 28.011409025899177 
-8.818044538305658 2.9370169867975062 27.641279840086064 -8.18834135718897 2.8610367361584728 29.19027152940251 -7.3608210989923055 3.4800495449448556 30.35600316381212 -6.74936371259154 4.444763716067466 30.65239199771059 -6.353489579555661 5.116557525454792 30.0617507791229 -6.298369914869421 3.404321313864118 28.76269050125813 -5.149915358394141 4.574968009732376 28.625692831444493 -4.525234286746984 5.213411726193197 28.508156028793348 -4.036892012510169 5.705468795541139 28.359388048213734 -6.395253296146646 3.7711696365337515 27.8121367377253 -6.220424224820317 5.388564414409829 28.7598562117407 -6.8225800055665555 5.305124023796604 29.277253898573182 -7.085157141323454 4.879887710840875 29.272916862178484 -6.736985753998156 4.162143963499118 27.2273692809855 -6.690403170854286 5.591051060723924 28.28654562743365 -7.152502627379986 5.383695411392533 28.66521268206725 -7.333569573301182 4.9224297515862 28.543843590992065 -7.1466723523132485 4.491210474764824 26.820125755061415 -7.011021571685749 5.594086269321687 27.661023513739536 -7.411216355763942 5.4621291977419855 28.070333502213366 -7.587062325728866 5.040379733179874 27.970828066433658 
-8.919913148043296 3.053323188799002 27.872958377694555 -8.203062899554283 2.9645763379024044 29.202681731735602 -7.324824855489136 3.6018735380787055 30.269691744510688 -6.632476089671957 4.501189737244453 30.345089886937682 -6.201530602426269 5.09339348148819 29.63463285047105 -6.3626673892991485 3.4130979193308724 28.844869433522653 -5.197841861803214 4.591995195814231 28.7244053664353 -4.57262448149074 5.224265662219012 28.62299367793496 -4.0732095939410655 5.71691556707404 28.458977231373183 -6.456891174755996 3.7306456285150738 27.83761785821908 -6.195022454334028 5.457444446991418 28.74911786690901 -6.776127554401911 5.361514411227851 29.230271251097857 -7.018985669419871 4.887710089018666 29.167416873762633 -6.786275972431909 4.092905659265469 27.225695429637256 -6.655509992877545 5.593303547987796 28.226554766580264 -7.122582496809709 5.387205343082443 28.62395762661361 -7.311143938349146 4.891591538904081 28.501064625042883 -7.2033130943647325 4.408142838310673 26.797373235279753 -6.996105935350128 5.590392846542584 27.59653813725757 -7.377205145610118 5.446398380645322 27.9962335064491 -7.549345332093021 4.99788110447044 27.85654057343823 
-8.965787029762893 3.104151438370078 27.95926622051299 -8.226337304062497 3.010723361480873 29.26090835167563 -7.3150728801020675 3.6023337420530788 30.253604774705725 -6.567074318897429 4.467078277128261 30.29494659101436 -6.1283836861523815 5.079830494884317 29.694398377124408 -6.359044756725372 3.4131808733022133 28.849910685696063 -5.203703475229721 4.621181358501761 28.756818692844895 -4.574843818575974 5.244616403935636 28.629780695392522 -4.0690500055081005 5.727087565151777 28.422192022451267 -6.477300983960579 3.6923412711085573 27.84187357631389 -6.173615863209633 5.452505684169729 28.72153233011088 -6.767272327252269 5.379034479332773 29.223728011387337 -7.024131278680696 4.927430060298837 29.18269161018073 -6.80439169783692 4.046998928282416 27.22859054578313 -6.66887246992376 5.589022268920258 28.232521385288912 -7.148806045263966 5.387573806272143 28.643286789041927 -7.3277847332401524 4.918244227994309 28.52056921252502 -7.207407328422319 4.375508927226323 26.801542522254216 -7.003114975109743 5.585269786833071 27.5825800981696 -7.405323536600357 5.455241387061245 28.015829177474792 -7.587449584138102 5.008410262408183 27.92158578196343 
-8.890566166522795 2.8368727269684095 27.9895858262688 -8.142276996677756 2.7431464664819014 29.218889429915404 -7.159192934924284 3.3229520686430827 30.173475336990215 -6.378462096128258 4.184848982626391 30.174627466590323 -5.892361029390992 4.809592024683062 29.603442869965694 -6.1877498880407185 3.089445709946575 28.78616088927738 -5.184355506344665 4.451277906792352 28.89149696946533 -4.606526766080086 5.158738691214775 28.859901999700348 -4.114453747186473 5.681973227197368 28.73902284436761 -6.3752504941999675 3.3566484186376897 27.802612218840455 -6.002054656647425 5.204080735324028 28.686682763589047 -6.651300011658166 5.193955329654517 29.282428587939627 -6.959927586212803 4.744405839432129 29.345018071549987 -6.752661681412708 3.7001590373738633 27.201237935807022 -6.506146731216352 5.310282208442998 28.12579205448645 -7.085722181007786 5.181652349303537 28.680896319727154 -7.3128328888282725 4.719355366828719 28.667892677441213 -7.18744389568515 4.019291914347626 26.753303993061778 -6.90332467119287 5.250237764293874 27.47286499196771 -7.353247072243453 5.195477509295063 28.012739604692808 -7.582810433315229 4.79149623768268 28.04775593423727 
-8.744070000868122 2.7914047413764904 28.087405299242157 -7.9639328828399565 2.70755673784212 29.344693436283467 -6.978019096725212 3.331047924973068 30.24359536886686 -6.172943071780476 4.209915968075171 30.224037525445794 -5.5878027052672605 4.774214184881148 29.591592953626222 -6.099020209916838 3.1634185471127134 28.863309442771317 -5.034475671383535 4.5415781218022655 28.8941984436625 -4.495072886738066 5.272861883990862 28.900567246645803 -4.033352161392232 5.8375369073479275 28.78724540189154 -6.280777505145688 3.4358375250306934 27.870390747007388 -5.910281014954302 5.2715379520078445 28.710968407644565 -6.544725756293531 5.196663831265179 29.261119853099412 -6.827350118442498 4.725473928552459 29.260273735768106 -6.70146769384878 3.761792637222392 27.28389312233842 -6.429037877313851 5.354088474310403 28.176894423986216 -6.938264611717767 5.1565781978750485 28.652508986504873 -7.113368798869073 4.6696586385865375 28.555995504491932 -7.146292249519501 4.049086917171194 26.836067994050598 -6.7978166607446635 5.276740413282338 27.480732206013133 -7.185955603999166 5.183208271314582 27.944621200557588 -7.385054511648442 4.7591508572801855 27.924928224573623 
-8.618585582418122 2.7684399558764965 28.059034928648476 -7.867566346739408 2.7127316154649233 29.429427901594 -6.878966655540684 3.4102464495995184 30.304087550815936 -6.084034130744436 4.3405988074344934 30.215483964209675 -5.52829740808609 4.909794153101789 29.580439607749636 -5.981322907816957 3.211562000541353 28.85473085448096 -4.974815364509845 4.627935679121968 28.91091437735915 -4.442039288050209 5.379580259570486 28.91890906879027 -3.9888420843990713 5.955833318420225 28.801000495579174 -6.175667809883595 3.4785301286526686 27.852544226620765 -5.85985202246299 5.337751169546617 28.73282877831293 -6.4693868491255175 5.231022674837857 29.29870551809674 -6.7600532680978205 4.7592798486621 29.287049609059274 -6.589648001078835 3.8048025079770826 27.255261981510312 -6.352091804453035 5.404821829129492 28.203802116650373 -6.865541217969919 5.191483677300999 28.69178371937758 -7.042471806888088 4.695511152438362 28.5884018114443 -7.0658284490226295 4.075396441917433 26.837682731039305 -6.751205725883745 5.307215750693491 27.540026678690595 -7.121211195251267 5.201946249374774 27.99712105831572 -7.299795122475538 4.764614229417637 27.944023847510174 
-8.43959056344555 2.8185660158090506 28.036591774843906 -7.68507609851952 2.785546266589861 29.402190507607436 -6.69731123426161 3.5027242160979997 30.275875794981044 -5.92456184592325 4.428421128053974 30.160796329871914 -5.434937728017102 5.0018164898832405 29.535632751553724 -5.770793914995232 3.2819015058694494 28.792841659418677 -4.804829172657337 4.734039465919568 28.84917451118292 -4.295813888237251 5.504370339000439 28.84316244979743 -3.895513729610713 6.110359860250821 28.775959208681872 -6.000274743424994 3.5289264191931378 27.80401569202345 -5.679178586088747 5.44203174735145 28.658669487374965 -6.3236664806594005 5.390211486625917 29.24988790800629 -6.615274242339435 4.920417778402986 29.264726275460134 -6.431865940579714 3.841277330875017 27.21052533169121 -6.2139928551946175 5.486500052152747 28.144782464375727 -6.733679964758704 5.319446443954952 28.66825102755964 -6.914299828712591 4.815927652017947 28.584295250762334 -6.907837555424804 4.103646941989323 26.795272843966185 -6.61212359007109 5.363229819675427 27.47607906267343 -6.996281523801006 5.294323595171429 27.98025859533796 -7.180808528269461 4.858022374978075 27.947396771662547 
-8.469703997997364 2.8749576660608076 28.05362625657098 -7.699948039493125 2.840623772297704 29.414759661246666 -6.715935998715214 3.585713162740977 30.300979933973167 -5.915523942132339 4.513080326115139 30.164713572332722 -5.408984804108992 5.11257737835985 29.548925698404233 -5.813972952890569 3.33394061503106 28.819051251975687 -4.819305832150923 4.775083982224084 28.85260720307971 -4.2961862882294435 5.532740581085568 28.832595229660697 -3.8550735844891064 6.12498402314904 28.736885936293525 -6.013808700670097 3.597898257271752 27.822411790811422 -5.65212574008904 5.4625169367753665 28.626648889878904 -6.24348126096863 5.426714432034698 29.23932343068244 -6.529975445561967 4.981242073379086 29.30253619186558 -6.414726868949091 3.9031823729711914 27.21502326183456 -6.161823102312154 5.516836272620909 28.126440024609007 -6.673202842055799 5.361989602150386 28.693071754918776 -6.864928675037814 4.894634264836146 28.671264747145084 -6.871756895594592 4.1907259561101 26.815542176436104 -6.531334422482954 5.402826795915605 27.453640227943627 -6.924145963348903 5.367971902553489 28.015062125043524 -7.128772570009853 4.976492614701192 28.06424135381828 
-8.417422335988569 2.9819159119258276 28.04958834125387 -7.6550965622179845 2.961168528042337 29.40373410669427 -6.661369621389116 3.7069223619513925 30.243066408480757 -5.857514064239914 4.622497810688454 30.080735449957178 -5.360744732000655 5.201657525209233 29.474153975623594 -5.785181287353917 3.444326582104646 28.786254392496268 -4.799606593546369 4.8587887527711935 28.8210351388313 -4.271886991809881 5.597709156606802 28.77464479185392 -3.8422417499001127 6.192287747452015 28.668830869691064 -5.982225818248596 3.698011905653091 27.788899316307347 -5.633074499352861 5.584063245393731 28.583993602935724 -6.236918778758785 5.518734490707155 29.16035737881399 -6.524492518829468 5.0553340480031626 29.182852987245877 -6.382361289245023 4.002654254716175 27.18172194192435 -6.1579000219529805 5.615643785212016 28.07555841654145 -6.671993852574182 5.444873617505328 28.626915525632402 -6.849078471264742 4.965166066817092 28.59054342302365 -6.850533725769836 4.269371925811416 26.7799144119258 -6.520354890374826 5.499410812213374 27.38307851722174 -6.898362093095628 5.45356718144465 27.929055946312467 -7.106604711006608 5.081624785724481 28.01120504515518 
-8.44853370299537 3.021077867215211 28.053373645881297 -7.688469855342995 3.0021578699504916 29.410535074778416 -6.690220416489418 3.75000940885985 30.23098341406054 -5.8838776167090066 4.656799911120932 30.067430489188173 -5.370329566696834 5.231111128581706 29.45239233086006 -5.796725103240578 3.481975372944735 28.766195889489037 -4.807855334527972 4.913063322290915 28.790437264332322 -4.280796915074609 5.668860579479455 28.75248837154903 -3.866167214098703 6.25046375721853 28.64692672555094 -5.979465255231256 3.7391205223362287 27.762653120738268 -5.664121232836426 5.608822186564485 28.582167322840732 -6.249018314725764 5.567908330318093 29.197777056241243 -6.518300204310706 5.127856328673585 29.25927768827541 -6.39923803207252 4.046089194013387 27.180081967243435 -6.156194028062308 5.657656020251242 28.073043427169647 -6.664390218859132 5.523988589036954 28.65236061512384 -6.8406169512501 5.052750472146267 28.6226983255849 -6.846921631541278 4.32504074922463 26.760098937951756 -6.519200969048936 5.557622007065007 27.38780141272987 -6.910228071361982 5.535005337672866 27.95477417462356 -7.102179710873219 5.141697412345061 28.02209448988464 
-8.448834206589428 3.0710348337042634 28.05152824320884 -7.695296694580801 3.040880546428584 29.362203926299678 -6.702268209466752 3.736594129196225 30.178200901135 -5.915065241347156 4.6347530397593895 30.070720080207263 -5.44393637526971 5.219844066290588 29.537377819179973 -5.81469080306588 3.5108952772511177 28.759052200121555 -4.812348305819633 4.9132263055404035 28.785410837972314 -4.276424852376634 5.639767292751883 28.744060146547938 -3.8537204039553665 6.209290088882959 28.64286031078707 -6.014617707008056 3.7620206954882054 27.77890252458346 -5.712482486579782 5.62727444966808 28.632446850474235 -6.283817865071722 5.610374102001305 29.284067465514006 -6.575587321429579 5.20079339819662 29.390346489621233 -6.4194252650877575 4.081627003724416 27.195997788312543 -6.176377589827639 5.678527085144581 28.08244791959147 -6.695548760327926 5.555991536913934 28.70982578855483 -6.876295017845805 5.119902189380176 28.72255596612682 -6.85778065461905 4.357153810423175 26.78789941943807 -6.533851322537937 5.59391154659369 27.384786593407075 -6.921364554227472 5.596228610815373 27.9995206324519 -7.1306218500284135 5.24321382548716 28.1215259469571 
-8.48485686343631 3.101758665998505 28.07431911587165 -7.725027874988099 3.0563475303873466 29.39029731518993 -6.735756481298183 3.7612897814763326 30.236304453346396 -5.9216160585993665 4.647479805610821 30.0969949412639 -5.4177435144210895 5.241934877402994 29.554700811625597 -5.8535445104800905 3.53367335078431 28.826393834352682 -4.819739064493931 4.939287283419293 28.81406834586666 -4.290086708455567 5.68708342531777 28.77438693845218 -3.862731655743507 6.255944170068847 28.654215451557775 -6.02564129489702 3.778044183686651 27.82421823484441 -5.69048309739898 5.648453335024915 28.620070187812594 -6.276665800316186 5.608300926694144 29.237517147249797 -6.560196975333051 5.163082756334939 29.3058256645283 -6.4195024549440305 4.094139537424869 27.229156438332705 -6.177844100457308 5.713132170329652 28.09826713116944 -6.686039825182065 5.562794383736394 28.670626017907207 -6.868322645302801 5.091652887533722 28.661142113494428 -6.8537326283094835 4.385940994391044 26.80972777932564 -6.528297378431239 5.6330398019932595 27.41366452811093 -6.917537032155482 5.60359947324669 27.980799338880054 -7.124170662766267 5.222949302648572 28.06209976277766 
-8.458386767450325 3.1127840231653146 28.09443950005509 -7.71285152801787 3.0700371001998077 29.417116841675274 -6.705451994438008 3.7534109201006864 30.271500439893956 -5.882390361344121 4.630438791164171 30.108839768551178 -5.377755008031932 5.218703183551371 29.51326366358236 -5.826563750145736 3.5264554764376763 28.830417340258517 -4.802155585078288 4.9436814741844195 28.812729748783045 -4.270208859143318 5.699710217627693 28.779528135506876 -3.8489132400879544 6.288991866582572 28.66139051536243 -6.01024395438956 3.7746713069249394 27.817318102451967 -5.689321669829115 5.674749673165558 28.63493422479403 -6.277515854218299 5.626117030294271 29.245988184547507 -6.5535609290138686 5.159216441858663 29.312801022713003 -6.4147411503191885 4.103060405591093 27.24070625178315 -6.182491489191279 5.740346523859459 28.132484167501193 -6.678351582988109 5.56798675100212 28.684596720680275 -6.870658893558084 5.100109710066521 28.662424647542608 -6.855127461743708 4.395484966037655 26.840127175472787 -6.554387577418298 5.664892081477636 27.472888578101475 -6.932040132702211 5.613725519063882 28.02154317274072 -7.1351285669493505 5.2138227841777445 28.06939531549941 
-8.472495491170132 3.1077896028117618 28.099969578842458 -7.71285152801787 3.0700371001998077 29.417116841675274 -6.7168234723442435 3.7573472105571213 30.25918319317215 -5.909711336184117 4.620623537466453 30.096972565162552 -5.416161948797313 5.201381218549855 29.534835226699414 -5.830027452901282 3.534436061979181 28.85642800905218 -4.8026316948721535 4.960758458136193 28.820743465268084 -4.286525611994242 5.720763453038938 28.771358706126225 -3.855321492825493 6.305680311054119 28.64040034842769 -5.998519043962815 3.779420080743276 27.835617852309603 -5.669665290349399 5.643342274629262 28.592874246946163 -6.252341044886198 5.594404539295194 29.207649989728893 -6.54532114372202 5.149924043373487 29.290757888835685 -6.392088550892702 4.10424643140231 27.247685075223266 -6.163091376801888 5.726285373567381 28.09907944367331 -6.672420157604439 5.567122097604362 28.664383325282632 -6.864644081743368 5.099518217692394 28.64220663393057 -6.8331132153735155 4.396716655628942 26.847659085880306 -6.539192098073868 5.660898540082595 27.46632362716429 -6.918674730044008 5.61795365054705 28.01568982581106 -7.133887084564138 5.222864595893558 28.07626914951518 
-8.458932523617563 3.1430982188361143 28.080670055811666 -7.72574558205831 3.0823383570017486 29.437371773669707 -6.709227665513112 3.7573144924888626 30.26974789341071 -5.916258781876466 4.633337428152505 30.12336718558189 -5.444731702302718 5.239295426224047 29.545507276159462 -5.825056804167952 3.534797979179318 28.836917349137163 -4.8207027659200135 4.973456148870383 28.830105013735576 -4.289097174757391 5.729489935292491 28.772819613198703 -3.8679256380112053 6.318874450425567 28.654725737202742 -5.98909893093594 3.7962226223966407 27.80549693446318 -5.687508000938747 5.683616295597862 28.641711139235294 -6.27103097733668 5.607438913439304 29.217075996576938 -6.543488725450775 5.148975965935031 29.264645826021113 -6.378586757235172 4.121040500472564 27.222950442749646 -6.179225328139378 5.758254253728786 28.146032913737677 -6.676876413595649 5.577093309689791 28.691593657964106 -6.84994167913857 5.08652685397863 28.627806968067087 -6.816755746141595 4.430522654666805 26.83571292292236 -6.547856753382371 5.680682440352977 27.518119467942945 -6.9308993634917675 5.619808300997227 28.055402713289862 -7.13636779873295 5.204784414694072 28.06252686863674 
-8.468659724443313 3.137832040082802 28.060435931935196 -7.716888628407647 3.07444217620466 29.38320212557901 -6.712398505055926 3.7487899659144834 30.2309440439926 -5.914951478752481 4.620859641410559 30.117719595171884 -5.454147924180786 5.228098155938668 29.58025910646636 -5.820915092595975 3.551902767928147 28.825463652458204 -4.818689234397015 4.981926085222024 28.836636351240003 -4.286823539495686 5.738014330751196 28.779342784294904 -3.8679256380112053 6.318874450425567 28.654725737202742 -5.9941992607972026 3.796039441559962 27.824355341823008 -5.686607285209029 5.682448701366795 28.61660605368168 -6.271877459164804 5.625244264758933 29.225536463309147 -6.548732833040225 5.17632714055829 29.30072017457558 -6.384014808677466 4.121072016549676 27.241632480633832 -6.183225633943638 5.757691579926515 28.140421136758036 -6.6718462635912825 5.593850700072359 28.679631404805725 -6.85322358444782 5.105128716086771 28.66190341699555 -6.829558385936262 4.422427702389733 26.866714929691785 -6.544319180286734 5.687884552622372 27.499880873993973 -6.918244528358394 5.644452735925455 28.030547229614058 -7.125343716187814 5.23695555882003 28.09723351121108 
-8.447020113190675 3.152059038508567 28.041312548007927 -7.700571397816681 3.0971469224903942 29.390689837477417 -6.7168234723442435 3.7573472105571213 30.25918319317215 -5.909020044850577 4.629583351368743 30.13001017411495 -5.403040415388236 5.218307131559785 29.533627037907543 -5.82437277017852 3.55990115630346 28.851475468479773 -4.80560266975836 4.986473383388769 28.830256880136048 -4.289097174757391 5.729489935292491 28.772819613198703 -3.8679256380112053 6.318874450425567 28.654725737202742 -5.991312060788936 3.8126827607035563 27.83703750577749 -5.6917814849485575 5.6833293030186836 28.636259181680153 -6.273518409052056 5.616162686319893 29.21850367659724 -6.538666915006221 5.166064485789843 29.252584480039495 -6.366243636061891 4.134524294546559 27.2478710555082 -6.18877830245983 5.758654397020858 28.159987625142662 -6.675706886701593 5.593260903443955 28.673896326509116 -6.850918465533006 5.103979620617441 28.636027165560677 -6.808494037080304 4.443736403813976 26.85563487622346 -6.550118703158501 5.68884463655215 27.519134404516375 -6.919604374713542 5.635348600054324 28.023665298693192 -7.129915816476817 5.230430103935625 28.057469239920813 
-8.456182938397205 3.155557636764075 28.027786186415323 -7.730177191657768 3.1126104747350953 29.38726454152682 -6.729334120539436 3.778915115308246 30.25575298042229 -5.935392319969157 4.663979716142852 30.11670039441889 -5.444896756458365 5.256382018266981 29.5285681561949 -5.837343777176011 3.542489461565444 28.877510432157244 -4.827635368259504 4.982503362765635 28.85081025044047 -4.291367324781913 5.720968035107624 28.766300509302056 -3.8564733003087155 6.304793222936923 28.61658411260629 -6.005200661337407 3.812127401974023 27.86975140168636 -5.709267463197623 5.67872941613078 28.637075640933173 -6.272011008463069 5.614936599921893 29.192479039403295 -6.558949963185838 5.169830020795413 29.25501847028016 -6.375968741632202 4.150468831321036 27.268754995862697 -6.184856787571093 5.748736319018575 28.1336494433922 -6.688704052543261 5.578357045990703 28.647203036527642 -6.866008495622521 5.097800722949331 28.610678845001246 -6.803514369733922 4.4562194795366565 26.87016789886077 -6.531372232765612 5.692032221880775 27.49430547409787 -6.919429359019128 5.641895441197061 27.999148223088202 -7.115961324102776 5.24154033025206 28.027123347665125 
-8.473891915106469 3.1753485596874014 28.042502224632948 -7.723738544078408 3.1131796278124466 29.366328446619594 -6.7319701057365675 3.7612869861048055 30.24157745335168 -5.913265594988513 4.629686393206162 30.124743744155097 -5.389446522074522 5.222891777886971 29.52685851163616 -5.8518523122335715 3.5542898541786583 28.891813951110638 -4.825139175599914 4.97387104646074 28.849310953045524 -4.2872058573691145 5.720155970040389 28.747317500330386 -3.8698875975776246 6.282467853736129 28.59128896655216 -6.005200661337407 3.812127401974023 27.86975140168636 -5.7068085486671265 5.670151113759417 28.635750669876824 -6.284085754893856 5.6196104607121535 29.20606528095391 -6.552557955879967 5.161512472334774 29.259125664113267 -6.39571385658314 4.137529056044949 27.28648251809888 -6.184856787571093 5.748736319018575 28.1336494433922 -6.6789186602711945 5.578080609407379 28.632739109300456 -6.873704071162261 5.092746831637292 28.596650226094894 -6.821293225283549 4.4356521963188476 26.88666002188712 -6.54078342138663 5.695076626580348 27.481653182191007 -6.926660563084701 5.636731605048471 27.985157859654624 -7.120975539131743 5.228245259021243 28.01193298274543 
-8.483013110575635 3.182883123107974 28.064085387054046 -7.722876492918212 3.121940435918747 29.373257826536737 -6.754010170908614 3.7865466908380196 30.257552297837602 -5.936647896872377 4.632128293606368 30.097764131399767 -5.457627982948586 5.228935356812998 29.524041196128522 -5.870221207919528 3.5661606521532505 28.901162047049123 -4.818209774126086 4.964830798748781 28.828611043775634 -4.262329341300681 5.6803316735847735 28.709651678199535 -3.8266092365682347 6.236311100374271 28.527718053155493 -6.025755387134604 3.815350080469651 27.895627219067247 -5.7110705079241955 5.669859256828075 28.63030177277782 -6.28092831791764 5.627454838277009 29.187061488649242 -6.5477246834324845 5.178598529632268 29.24706367609645 -6.4011591577249165 4.137570029412435 27.305225790834218 -6.201992552591869 5.743956415635679 28.134006226910564 -6.681295071676881 5.586585602352839 28.633991191046384 -6.877023733742145 5.111362796148232 28.63072946683334 -6.83836906409476 4.446921881200539 26.893721547554428 -6.542246053142938 5.6861308575053195 27.474993493537987 -6.925305661691097 5.645832786738884 27.99202940010041 -7.125946820885284 5.237985163612051 28.03868091992796 
-8.49920593195517 3.1859172744188275 28.070869467267965 -7.740605829832964 3.11641150327072 29.374268885595193 -6.759107159380125 3.777720537310427 30.245150283714143 -5.955656769920984 4.6327885338315395 30.128723936144713 -5.46519800612923 5.226502593274855 29.56559096745159 -5.866375086405909 3.56610619743178 28.906139311334996 -4.818209774126086 4.964830798748781 28.828611043775634 -4.280186200793819 5.693418093541495 28.718944555650573 -3.8430734714409485 6.250501603969097 28.560588114615765 -6.025755387134604 3.815350080469651 27.895627219067247 -5.7068085486671265 5.670151113759417 28.635750669876824 -6.282448047657308 5.6286942898356545 29.213099283198943 -6.549565444484594 5.179573610354359 29.273183223633907 -6.4011591577249165 4.137570029412435 27.305225790834218 -6.184856787571093 5.748736319018575 28.1336494433922 -6.685762752567087 5.596574693540539 28.66118144886666 -6.875670841825366 5.120380402739237 28.637683445092954 -6.842097170266329 4.439329972315319 26.911483618912413 -6.555986531000714 5.69908543881303 27.488229722941057 -6.923948419565423 5.654937487232133 27.998906247317862 -7.145447356533247 5.260721496584844 28.079316449545292 
-8.504161676130504 3.177452741489416 28.08996613031356 -7.746203591128574 3.124615108700402 29.40216347380466 -6.779560222742096 3.772360426733801 30.273394219508273 -5.974264939408438 4.610412472322287 30.14780513161128 -5.471885628093996 5.201152157524823 29.59586305807489 -5.8874361339947505 3.5692173270202785 28.933551600510828 -4.818209774126086 4.964830798748781 28.828611043775634 -4.280186200793819 5.693418093541495 28.718944555650573 -3.82414146789181 6.244813814835432 28.534162619770548 -6.030888747344532 3.815177474950424 27.914578427250756 -5.7068085486671265 5.670151113759417 28.635750669876824 -6.284085754893856 5.6196104607121535 29.20606528095391 -6.575676196745089 5.183974565309793 29.296197979109902 -6.4079297711606795 4.129163868927042 27.31764156433518 -6.200368263063317 5.752914780522606 28.14077926869379 -6.69938102786799 5.592255604992705 28.667423053700936 -6.877023733742145 5.111362796148232 28.63072946683334 -6.85120780823619 4.438833243231617 26.924831870866278 -6.555986531000714 5.69908543881303 27.488229722941057 -6.915553230913875 5.645705003183263 27.977998202271344 -7.135714018287355 5.260794368214231 28.06514675175059 
-8.485316030477675 3.1752023824095814 28.088621049548326 -7.727033626175503 3.1129454490844193 29.392606569892532 -6.744139719312571 3.7473402582264255 30.246799299358905 -5.954954286852899 4.59739834559179 30.13719338356694 -5.488668321456603 5.205933975510048 29.629794471386344 -5.857689295370296 3.570737384932096 28.919475992804617 -4.818209774126086 4.964830798748781 28.828611043775634 -4.284339663690598 5.694213685821291 28.73789632011583 -3.848149128141789 6.250732307856412 28.555535372773942 -6.015437641270495 3.811778290464964 27.907608068848887 -5.722493969512544 5.674418804378327 28.64334376584415 -6.294539674402454 5.633384851517591 29.226722159989492 -6.545615292140994 5.179926039036863 29.2787646457477 -6.38928780461868 4.126231365052651 27.316414026211817 -6.198003281272512 5.744523324569395 28.139614118127486 -6.69938102786799 5.592255604992705 28.667423053700936 -6.879362384595478 5.1125279897820075 28.656629057835367 -6.832916243574081 4.436141658901945 26.92411237904864 -6.55372836080586 5.690932768625755 27.48722265594446 -6.921664479130875 5.646646951235896 27.997816297511147 -7.14094380449273 5.244185497974912 28.07707338621087 
-8.504161676130504 3.177452741489416 28.08996613031356 -7.744776876180254 3.1074154409850254 29.393627630482147 -6.763731426228027 3.7598431930187775 30.25744320257401 -5.948576851051512 4.611401144322539 30.15266070902078 -5.4438969463748235 5.192698204049078 29.573769060010477 -5.869880439977207 3.574136642384205 28.932273668170964 -4.822644087483581 4.965239849362025 28.84781222778466 -4.284339663690598 5.694213685821291 28.73789632011583 -3.8605643092724535 6.246590669424876 28.561896021945046 -6.032355899864871 3.815206875709313 27.938628879301948 -5.706155481315434 5.652710129150869 28.627652356368333 -6.281600963588683 5.610891090279132 29.204642512722884 -6.556854310218911 5.171156283982769 29.286711370561623 -6.402297365457235 4.121675018401557 27.321774502973845 -6.199628140533846 5.735567980281571 28.132840870136707 -6.684855731219682 5.578952897833662 28.652932913737857 -6.880714561154501 5.103509180311986 28.6496691427389 -6.836636004478788 4.4285334735953725 26.94188563330129 -6.555187135277959 5.6819836985486285 27.480556641405748 -6.923022069242498 5.637545199120563 27.990939090026572 -7.128671196926192 5.239474004870773 28.06434249339985 
-8.509120855006731 3.1689771809629894 28.109075143500387 -7.751233924386098 3.106841651278532 29.41459588423076 -6.772841090430327 3.7505261069562064 30.298063689488437 -5.996342944937684 4.614731958542641 30.177499591236494 -5.499356259429137 5.209102061134845 29.59250790220396 -5.879395868442478 3.548662757448003 28.93226259624673 -4.84025086309576 4.960843310095996 28.849161656349736 -4.282069986688606 5.7027226486354055 28.744406125148213 -3.8541688264177862 6.254021129160787 28.549667657802644 -6.021199556266652 3.786783951350188 27.912549211822956 -5.734699210457093 5.667292579241709 28.67595615656714 -6.313248965052603 5.61658123085156 29.247947572233414 -6.586917864721245 5.175194379853259 29.30418251160529 -6.397373250805981 4.109382430596409 27.322490430134525 -6.209132966901437 5.746435393011535 28.178775750293365 -6.690798176114301 5.579826072567357 28.67314654030674 -6.891774684635047 5.094520623810651 28.657271111404462 -6.837825187357543 4.419946865354386 26.935509277269794 -6.550118703158501 5.68884463655215 27.519134404516375 -6.92913775411895 5.638483746839939 28.010771170582462 -7.15067660813776 5.244107084556814 28.09125624604547 
-8.509120855006731 3.1689771809629894 28.109075143500387 -7.751233924386098 3.106841651278532 29.41459588423076 -6.775316410372739 3.7593568331874496 30.299880019036593 -5.96533992165753 4.615488942861319 30.16152371664599 -5.455145044960836 5.196381428557974 29.562008186130747 -5.882915476768891 3.55668773972608 28.958423714603327 -4.84220512323117 4.952616923404864 28.866887830192255 -4.292255839286732 5.689684798812294 28.749365754173056 -3.8490922332234825 6.2537941779243535 28.554730370798932 -6.03893171681224 3.806681028134268 27.951236963328952 -5.734033543343649 5.649828870534695 28.667836265060842 -6.3123862350744115 5.598760883591769 29.239472749051437 -6.579555437312893 5.149137421580166 29.29978322854793 -6.411224985407321 4.121230033790773 27.335304132697104 -6.210755794025994 5.737471578647066 28.171991927257647 -6.704425611486334 5.575499777739919 28.679392875153653 -6.888091902452832 5.095083703899379 28.66294230416751 -6.837825187357543 4.419946865354386 26.935509277269794 -6.565348321343887 5.692857969123038 27.525738759016544 -6.932971954386157 5.631124384065517 28.029524453701402 -7.149662511462319 5.226784962413144 28.083244753184996 
-8.541064865459946 3.1838598984165607 28.129455188703886 -7.7873436743937745 3.1217534085783902 29.43215573579151 -6.792478662214642 3.7630506234327705 30.308759647337638 -5.982113738264123 4.619579471617759 30.17039241124204 -5.464511873894546 5.208857530107873 29.557106600490815 -5.900481922887609 3.551757976641578 28.959719227880502 -4.839711098612399 4.943983412537428 28.865385530512768 -4.289691156238645 5.680970149049156 28.74791171432367 -3.8464817861622573 6.245050351711494 28.553332466533355 -6.041793510638723 3.7899862240079205 27.938493995633834 -5.734033543343649 5.649828870534695 28.667836265060842 -6.328624839366456 5.6030728360382245 29.247488756769243 -6.591600120431129 5.143617322115011 29.280184896553735 -6.4125425440917185 4.1127847093250365 27.32895879101974 -6.226298524358009 5.741650723878635 28.179148875620765 -6.721902536345454 5.570574125214206 28.67989819333587 -6.897149902552916 5.081014165381844 28.641940548832512 -6.858675791763691 4.42361571869827 26.960411147469074 -6.568902137709938 5.685652311188962 27.544005831958486 -6.949984483075457 5.626089444733504 28.02959633540292 -7.150899367411566 5.217736907515859 28.076364605189447 
-8.531896310010247 3.1803525958452936 28.14304281205512 -7.7769074107331555 3.11794731201828 29.445183485203383 -6.775316410372739 3.7593568331874496 30.299880019036593 -5.987414420222852 4.619814455900408 30.19123797145598 -5.474446263695494 5.210006688993082 29.597484218046134 -5.881416259783419 3.56506889641169 28.964971116651736 -4.84220512323117 4.952616923404864 28.866887830192255 -4.276937900253635 5.685293879661926 28.741496709336776 -3.8464817861622573 6.245050351711494 28.553332466533355 -6.0440758526594385 3.8065023682347428 27.97023621289582 -5.738570500148983 5.633229866589783 28.679426274993016 -6.302613250612827 5.598263144270705 29.224620069851845 -6.5741282197679265 5.15852638839409 29.312402819530487 -6.416681051468173 4.121261723730232 27.35409092123793 -6.2155764210616455 5.72105728699849 28.183633342565503 -6.708918608840715 5.585490293473449 28.70664741948042 -6.889088812445827 5.105258054241188 28.69584028722549 -6.843646110895392 4.420182657512042 26.954271022083827 -6.568902137709938 5.685652311188962 27.544005831958486 -6.945931142763172 5.653431171335018 28.05028116975605 -7.148683944916116 5.2554425139995065 28.129669638793427 
-8.531363997707645 3.1891633681794294 28.14979045875603 -7.792996038544617 3.1299798275123663 29.460150207831944 -6.80717605263489 3.7579114164770147 30.315828060673116 -6.015908064890406 4.610111784918416 30.205482601553165 -5.513032968714587 5.204511986599405 29.59931908164489 -5.900177370936238 3.559733971400817 28.990911098931697 -4.844700255537108 4.961251550927901 28.86839070415806 -4.297388040380772 5.707117493338135 28.752275301443866 -3.8556386548975583 6.263631884375981 28.574823381303286 -6.043270247095536 3.789997755847523 27.9625572449635 -5.741986102711806 5.642962614120864 28.705941612456584 -6.310759875508915 5.607850400238086 29.246514887203205 -6.6002844513540095 5.162915997653766 29.33548402127719 -6.404781316699841 4.10990165135881 27.365275662531264 -6.213956733737979 5.730019056666644 28.190417694784948 -6.726415369651863 5.58056648755117 28.707163949472992 -6.908885360330201 5.108697633650286 28.697653561223714 -6.847369957280493 4.412557923310462 26.972063246315805 -6.568902137709938 5.685652311188962 27.544005831958486 -6.944999193965314 5.636011377485708 28.04228381119298 -7.166979372275331 5.241255866825121 28.12286656748331 
-8.51510784679151 3.186114387249145 28.14294631775818 -7.756843536222731 3.115043281767866 29.442539167892978 -6.776619617763891 3.7505293909606174 30.292773710730362 -5.962469649610096 4.594177933856623 30.180205824534145 -5.471888356271544 5.189283288063812 29.615716717280623 -5.884937281498646 3.5731098098761267 28.991175151830994 -4.843183091715527 4.986852442108552 28.882984859045152 -4.313017475304935 5.728762599494354 28.768131766678728 -3.871959053806077 6.28465083450417 28.566692606474643 -6.046984647943467 3.798162709984672 27.987948611499284 -5.734317555464234 5.633514629420252 28.68487589990385 -6.308272268845086 5.599120810363782 29.245082945089226 -6.575088822505876 5.176260278822175 29.32091723193339 -6.41998042246726 4.11331223812882 27.371776828054394 -6.2155764210616455 5.72105728699849 28.183633342565503 -6.710384776586229 5.576370678889325 28.699637156670246 -6.907540077408455 5.117731496659092 28.704631419854135 -6.847369957280493 4.412557923310462 26.972063246315805 -6.568902137709938 5.685652311188962 27.544005831958486 -6.953423744280897 5.645255480427331 28.06326784112109 -7.151171639212754 5.2373194441378 28.115859563151886 
-8.522177514765973 3.1856523046711596 28.163372190923535 -7.759131804009616 3.1234872682834345 29.444142682201054 -6.78241876960117 3.75028155951228 30.31401707937155 -5.956566610658633 4.602914083037599 30.192524790822826 -5.458752456237107 5.206261143725761 29.614512962249858 -5.891464775464129 3.5643756034600287 29.00428283245601 -4.851651536882538 4.970301751192475 28.88914545511148 -4.317201644430925 5.729578705029457 28.78714502844512 -3.8723162479508093 6.295185052551192 28.615703801311987 -6.036620038414919 3.7945722742443255 27.99993691563062 -5.741986102711806 5.642962614120864 28.705941612456584 -6.308272268845086 5.599120810363782 29.245082945089226 -6.582393659665409 5.167828867965005 29.33447844472301 -6.410231793634348 4.109925694902443 27.384079859398913 -6.219530367831465 5.7309670760404865 28.21003591024421 -6.724953719106851 5.589692639575746 28.714180886704284 -6.913595024926581 5.1183343006420134 28.724925750811444 -6.832334613534654 4.409125827260936 26.965912977482915 -6.568902137709938 5.685652311188962 27.544005831958486 -6.943645390877696 5.645125857404625 28.049184436393432 -7.154933510273535 5.256152508174149 28.149663697376237 
-8.5080170946189 3.190630778881208 28.157793200758036 -7.764751009499933 3.1317089476358495 29.472128931796746 -6.779812016384661 3.7679477326823703 30.32824691587872 -5.961988611706845 4.633178632999553 30.175631073419467 -5.439617192468918 5.221610508857769 29.542293212902692 -5.8768709232688385 3.5525301183321254 28.989854007947574 -4.847639823760462 4.987274634944604 28.902245949460372 -4.310748450194516 5.737292515355085 28.77466275364812 -3.8685105624321876 6.311378319589323 28.604852485620132 -6.032917004263203 3.7864113448553924 27.974543308480932 -5.7377280607606345 5.643245249529572 28.71139663577296 -6.308272268845086 5.599120810363782 29.245082945089226 -6.578069244270749 5.158175188363289 29.306822700371026 -6.403941523075482 4.09348135572064 27.357807611915206 -6.217909006395307 5.739936344116096 28.21683054293237 -6.708918608840715 5.585490293473449 28.70664741948042 -6.892777611356894 5.104698508496755 28.690155852546024 -6.841546203875835 4.412327488431999 26.953287639484795 -6.5521963100717695 5.690593532978014 27.544068493285856 -6.93638489502429 5.650286034190099 28.063184857311352 -7.134125294459093 5.242438835424358 28.115752426692964 
-8.505915014551222 3.182603143450737 28.15651675660792 -7.747813842687321 3.128457857651101 29.46410888593136 -6.767735802936022 3.7554264277865004 30.306955043530614 -5.940201592802882 4.621913471530936 30.195648466837127 -5.408413072298278 5.207571070158804 29.598950496555872 -5.878884173177752 3.5689533235483477 29.02263398698082 -4.843183091715527 4.986852442108552 28.882984859045152 -4.311047843342705 5.754555984818992 28.78265463654209 -3.8822240695338044 6.323661396617766 28.595310301872775 -6.036620038414919 3.7945722742443255 27.99993691563062 -5.726256009571215 5.638699032916373 28.698300471874635 -6.293670378320222 5.585727294964362 29.230029551815438 -6.58200800722113 5.1578218475414275 29.3012488689974 -6.410231793634348 4.109925694902443 27.384079859398913 -6.213956733737979 5.730019056666644 28.190417694784948 -6.710384776586229 5.576370678889325 28.699637156670246 -6.894125011526339 5.095674330394078 28.68318992059326 -6.8531988537652495 4.412788592464338 26.990856690412055 -6.547856753382371 5.680682440352977 27.518119467942945 -6.931616293266332 5.640231924527376 28.03641306592695 -7.135372665627033 5.233385310156414 28.108856443307744 
-8.498860245246231 3.183067067648745 28.13610577902976 -7.759131804009616 3.1234872682834345 29.444142682201054 -6.763950513847829 3.7554196111225626 30.312237630135026 -5.944906864732691 4.616715095708952 30.187187799275375 -5.410315653349282 5.210613742551224 29.572282108254036 -5.873865816491398 3.5692986516742224 29.002961399268337 -4.8501413154652075 4.995923993925429 28.903755031118955 -4.311047843342705 5.754555984818992 28.78265463654209 -3.8861904025613256 6.324790365910491 28.614062358975243 -6.019672957473056 3.799516585105841 27.99928094581898 -5.721993865005623 5.638977089361962 28.70374893555017 -6.293670378320222 5.585727294964362 29.230029551815438 -6.565633517478232 5.153699478151546 29.293220881072827 -6.393702479069574 4.114960381877273 27.383922474816494 -6.211587930981699 5.721614419820921 28.1892403163818 -6.708004133814466 5.567847333864628 28.698372718945155 -6.894125011526339 5.095674330394078 28.68318992059326 -6.832334613534654 4.409125827260936 26.965912977482915 -6.566639694601731 5.677483631411445 27.54298753924752 -6.929330454392111 5.631931166816647 28.035315800728153 -7.136617775778568 5.224335243046481 28.101965853327272 
-8.499402376994736 3.1742673977728284 28.12937015477093 -7.759985027480454 3.114707885804537 29.437188741883308 -6.7702162795816605 3.7642599042718197 30.308778469904848 -5.949144953585883 4.616818490677958 30.181922930338832 -5.403497545717965 5.206997648959851 29.57878635366059 -5.8753698338841565 3.560913195988722 28.99640535699083 -4.8501413154652075 4.995923993925429 28.903755031118955 -4.311047843342705 5.754555984818992 28.78265463654209 -3.8822240695338044 6.323661396617766 28.595310301872775 -6.0233555134569885 3.799331174956186 27.99420794020128 -5.723793153221731 5.630105929564243 28.69695863139106 -6.291184778567186 5.577004160758595 29.228598249293693 -6.567120862623311 5.144668116425628 29.286193615498448 -6.395027948344625 4.106514830746346 27.3775685584386 -6.196040226547802 5.717438016414021 28.182072524134213 -6.704425611486334 5.575499777739919 28.679392875153653 -6.888091902452832 5.095083703899379 28.66294230416751 -6.838150657015716 4.409354203956674 26.984693292930423 -6.545596275574476 5.67252127662931 27.517105162001414 -6.926853214289254 5.63019105455793 28.00967720687011 -7.132643348658054 5.231909855115523 28.08314837168909 
-8.489114003589156 3.1883570957702627 28.156406229993678 -7.730020942368818 3.133986277516126 29.463051323031852 -6.756225043186027 3.7779936129702385 30.335351040103635 -5.941220451770381 4.62204324124614 30.22175229845418 -5.3945565857406015 5.195022830317776 29.609045521751025 -5.843658134941718 3.578781981483866 29.019960033551847 -4.844160359239699 5.021128848152887 28.899102481118284 -4.326696926102524 5.776261544657442 28.79855625114624 -3.912505119133182 6.350289539493572 28.618808575795388 -6.005615286296633 3.787766412447624 27.985865383741128 -5.712115595542276 5.653039095783454 28.723963302438268 -6.289586147044986 5.6009392621997875 29.27141441473527 -6.563304242132012 5.159483221737555 29.327838057008815 -6.392865185256862 4.098532122512504 27.37644646594614 -6.200715993102355 5.744714931856952 28.216435090319198 -6.710384776586229 5.576370678889325 28.699637156670246 -6.901507393353023 5.087240340736495 28.696491112185416 -6.837235705104572 4.392905919806768 26.97732093135304 -6.549933019135535 5.682423473051032 27.543050359665102 -6.932971954386157 5.631124384065517 28.029524453701402 -7.1282967767365815 5.212056121105964 28.10803631585178 
-8.49670771671029 3.1790894086438812 28.170081448628363 -7.736472640058614 3.133425651815164 29.484071481655153 -6.747961245943533 3.7693872310669865 30.312276704260732 -5.929016369286911 4.630408587930944 30.187120823152828 -5.3966986625914 5.2152057034622095 29.565490378320135 -5.84753410578606 3.5788613118448587 29.01498508870883 -4.835493298614617 5.026119207955299 28.911955521659223 -4.311645770126276 5.78911368822312 28.79865363320497 -3.8975868413686983 6.362968207837077 28.61890584185099 -6.011533617924054 3.8040916772763604 28.012563532144274 -5.7139201017767745 5.644163993917954 28.717169559837163 -6.283942336454921 5.600079926652055 29.25093908381851 -6.563304242132012 5.159483221737555 29.327838057008815 -6.378502575236735 4.111545839450361 27.377408919319272 -6.2023442398203095 5.735748785932485 28.209641834834834 -6.716349345888207 5.577242466203265 28.71990133713975 -6.895469952852189 5.086653456855868 28.676229295511174 -6.82904175205517 4.409850651912419 26.97130779281217 -6.549933019135535 5.682423473051032 27.543050359665102 -6.93909628088106 5.632058674314445 28.049391243021105 -7.1440915713115665 5.215978327363048 28.115037587847752 
-8.510333301821705 3.182914520882619 28.182421981307687 -7.7469529696359505 3.137241281043369 29.47107335985904 -6.753594336737188 3.795668391923285 30.349584624081412 -5.946674512007253 4.652311125912041 30.204847867057204 -5.405600686849685 5.227147839956269 29.535239660141997 -5.8451748126876035 3.5703994825602536 29.013402188968094 -4.848623005124737 5.021570544071982 28.918382941233833 -4.32699907004999 5.793553871919551 28.80656478897877 -3.9128152658654693 6.384987970613596 28.63463235145172 -5.988677497715618 3.7927034703560096 27.985205382735657 -5.711454013768303 5.635563410630099 28.715823052022095 -6.283086522179199 5.582270517507546 29.242468072660426 -6.5565448710112095 5.14115479939672 29.2987435606406 -6.377669031151391 4.095124710934336 27.36993850620477 -6.1860462300752 5.7141997943358485 28.19449320382524 -6.695831636499006 5.563067752084809 28.68511639455678 -6.880727664670075 5.073658234992616 28.661800381827046 -6.817306894699425 4.405695561334216 26.95976582901841 -6.549933019135535 5.682423473051032 27.543050359665102 -6.938160789628415 5.614649251305826 28.041400067909034 -7.1465681397980925 5.1978867472944525 28.10127220620499 
-8.503761120728788 3.1786226976725027 28.190518413650697 -7.739632689372093 3.1331000275472487 29.478721558275584 -6.756225043186027 3.7779936129702385 30.335351040103635 -5.929016369286911 4.630408587930944 30.187120823152828 -5.398586145064351 5.2064247528660195 29.558641154935888 -5.844499374279133 3.5956353887094252 29.028105323192605 -4.8334753919227 5.0346181062988515 28.91851480238147 -4.314222770526323 5.797854764887946 28.800112439499657 -3.897738612772157 6.380314136718287 28.62681381389034 -6.006393622125333 3.812622301115188 28.024026285247018 -5.708732723765427 5.643306013174826 28.697447583198542 -6.284718267692584 5.573196345665711 29.23543900258198 -6.558032819383439 5.132128723250433 29.291722603157567 -6.380436107950753 4.112023396365639 27.40144081584091 -6.19840933743735 5.725840978414846 28.183250022684728 -6.704975408730367 5.548768738041914 28.664139130923843 -6.892122831856172 5.068043985559043 28.642093304976754 -6.836047260501127 4.401490157615914 26.98370247701717 -6.547058010453955 5.663575671246515 27.51043406033133 -6.925925056642421 5.6128027363843005 28.001705802215984 -7.1306274416196676 5.197299893842314 28.067143690620174 
-8.494604813053073 3.17105870065769 28.16880142395739 -7.736472640058614 3.133425651815164 29.484071481655153 -6.739060779199484 3.7742915231290546 30.32644507330563 -5.92086690287181 4.608879300798864 30.184972530780776 -5.394105966093644 5.194534507975096 29.58366742744694 -5.829926797741068 3.5837697675187603 29.013644512344364 -4.8334753919227 5.0346181062988515 28.91851480238147 -4.327300928210241 5.810856478876771 28.814578417732445 -3.9154396771798323 6.39376820205065 28.63603574758961 -5.996027532794039 3.8006822968965275 28.005513383941196 -5.696383116661654 5.648764858273179 28.716302856970888 -6.272489736663048 5.57881093112733 29.254899038675347 -6.545955689225758 5.137638733607063 29.31128588342729 -6.38393331759889 4.111569439550343 27.396208413851635 -6.1688685555579 5.71897242194628 28.194094696416876 -6.6774434424373466 5.550366930361457 28.676340134348205 -6.864652157924716 5.069682986523594 28.65433109558218 -6.83933882287172 4.400767124844355 26.97831221884477 -6.545596275574476 5.67252127662931 27.517105162001414 -6.916389164572354 5.609660402321445 28.014591675286603 -7.1210721953614415 5.194066967458267 28.080090612663696 
-8.477793964673786 3.1768098420185265 28.16868008493399 -7.719535430702667 3.130170740087071 29.476037507489707 -6.741028972544169 3.7740393612786636 30.352978695091274 -5.917498143613131 4.626550772840416 30.19904713035905 -5.3854271497493595 5.211522696239984 29.577215919591765 -5.813844905169711 3.5802945170598015 29.005750838153816 -4.835983191431666 5.043278785487688 28.92002594896835 -4.318721586962657 5.816018936453391 28.8271810971886 -3.900362976579672 6.389092456299893 28.628217172153388 -5.994578192711849 3.8090287492331822 28.01189271546009 -5.712115595542276 5.653039095783454 28.723963302438268 -6.288726752876658 5.583119096510258 29.262932810350872 -6.547446909997333 5.128614775142315 29.304266050747962 -6.367393669748866 4.1165956318906085 27.396037039289517 -6.18515589821604 5.740523506456308 28.20924412351895 -6.699398195441768 5.555407286775336 28.704090008590885 -6.879735213307938 5.0561998380577835 28.65356862257019 -6.821006270184494 4.398059036806751 26.977542061743005 -6.555739102694132 5.683377656613255 27.56233800609025 -6.945636075435912 5.6064676371014865 28.054387108615906 -7.129767484667295 5.17667710526829 28.086280132375112 
-8.486936896732734 3.1843776405644 28.19038729979414 -7.725108190435443 3.1383906368258527 29.504030419475715 -6.744685600499144 3.8005843660741654 30.36376477930817 -5.920945940718159 4.653304879683642 30.209661698344085 -5.374388417574618 5.22497230752755 29.57205174249259 -5.817293204967223 3.588334657905368 29.031948934369655 -4.840442013394241 5.043733783748863 28.939323063650203 -4.320998169470579 5.807458566295936 28.82062774883594 -3.902832362843962 6.380517148889476 28.62171147893484 -5.9790767768456705 3.805615743920816 28.004840559614543 -5.696383116661654 5.648764858273179 28.716302856970888 -6.270851956335716 5.587886076726086 29.261931962683633 -6.544461782163461 5.146665847370052 29.318310893390077 -6.370648624817895 4.1086243645608045 27.41371553781119 -6.186788324075322 5.7315637376428406 28.202457215784325 -6.697930703434555 5.56451824320871 28.71109425476258 -6.865615987663932 5.0798173155233215 28.687165079626503 -6.811766097895797 4.394848184421882 26.99015268457273 -6.549933019135535 5.682423473051032 27.543050359665102 -6.919779689743447 5.628782741572936 28.048205018452293 -7.124794633507405 5.212823329207027 28.11378718160618 
-8.468559523514031 3.173288110729197 28.182223016692614 -7.691223843071432 3.1318712041523162 29.48792990492332 -6.712441698399587 3.766388896238433 30.35637409524368 -5.912895355834796 4.614087449063784 30.22475719685744 -5.3994646956236325 5.195588129209835 29.62922599185624 -5.783587540963512 3.5897463140498025 29.02267842201121 -4.827310968504302 5.048281562958638 28.93288441407314 -4.321303665718029 5.824771623904616 28.82864589613664 -3.906978154120132 6.39904612178596 28.64842509172518 -5.95987726554206 3.802371788409889 28.00285210505562 -5.684012110208006 5.654219469060897 28.735152945643097 -6.254620502493944 5.583574025114316 29.253896187235693 -6.5117253545452085 5.138427397344092 29.30222371013514 -6.350026169622253 4.105187671625553 27.38838532260839 -6.1688685555579 5.71897242194628 28.194094696416876 -6.683376584234437 5.551221790810123 28.69656307651397 -6.866969321770675 5.070807949161016 28.680211704227553 -6.803870210851032 4.38676945162844 26.970394299734533 -6.532431142875279 5.670238689493699 27.535411656792075 -6.90319134460755 5.607308283652688 28.03324668826143 -7.1092497245332575 5.182562467414115 28.091897872714412 
-8.475588611277667 3.1728157376096977 28.202651878972354 -7.7104598924005385 3.1435946023124552 29.497595595629814 -6.730784285113069 3.7877848290285203 30.37426688450982 -5.926315451232529 4.635876547308234 30.247792202324657 -5.399045138726742 5.2069268892101155 29.584013882420372 -5.807005404010559 3.601373876944094 29.051839651737996 -4.84093469279492 5.060913402311395 28.947408371164617 -4.336672453306849 5.829227237509694 28.836578891404848 -3.937164235860109 6.408411255204923 28.66409693523639 -5.972303879416324 3.8101816953863192 28.042178340855124 -5.684012110208006 5.654219469060897 28.735152945643097 -6.258754992852416 5.58323668053888 29.248312014406448 -6.522940164974766 5.129678122549019 29.31023952881247 -6.355434953130506 4.105205289799073 27.407175927523657 -6.1688685555579 5.71897242194628 28.194094696416876 -6.6774434424373466 5.550366930361457 28.676340134348205 -6.853592633260295 5.048831493622528 28.658846922002123 -6.794622119094356 4.38355399841393 26.98299081640956 -6.539688523051994 5.662235493492978 27.548000337387744 -6.905912887639613 5.589132244614998 28.019498199559546 -7.1139948571796285 5.172777510855436 28.079301530583223 
-8.46086053488321 3.1866047315765686 28.203795023741826 -7.709583399819432 3.1523779042789353 29.504562772164064 -6.730784285113069 3.7877848290285203 30.37426688450982 -5.907822179744902 4.640612883455302 30.24590365708433 -5.369678020294094 5.2077549724141505 29.594151610331682 -5.809609219593388 3.592560429781591 29.069921075372648 -4.829742013410378 5.057249703960529 28.958755734497352 -4.325507166618091 5.825643877329969 28.847728687918345 -3.906978154120132 6.39904612178596 28.64842509172518 -5.9700527525665725 3.8019999798131674 28.04085711026683 -5.704937330922759 5.659365477782369 28.76258534205211 -6.276484355391329 5.588736684229461 29.28240610026953 -6.535353318444651 5.1341199195787794 29.32382056038282 -6.360848371937484 4.105222921945664 27.425984041826936 -6.172769974854151 5.728864755999452 28.220474575476235 -6.683376584234437 5.551221790810123 28.69656307651397 -6.868320185873781 5.06180186561619 28.673263619459018 -6.794622119094356 4.38355399841393 26.98299081640956 -6.533898951876103 5.661294549275693 27.52873594384069 -6.918852239156112 5.611378842033901 28.040215393538755 -7.1092497245332575 5.182562467414115 28.091897872714412 
-8.46030010109922 3.1954084340932325 28.21054742301297 -7.692641381244412 3.14911118521714 29.496508008329872 -6.718029522473058 3.7926748113092716 30.39371497480983 -5.91049482088844 4.6318825094425895 30.264972199301916 -5.404418539159925 5.2079925149390265 29.629594768895522 -5.778227294522565 3.6024439518040148 29.06219013046216 -4.827717701770054 5.065761802382871 28.965327282128378 -4.323228986444105 5.83421398785201 28.85429117107013 -3.9085007426229637 6.408810262167612 28.673765356615128 -5.937564703546121 3.8035014852571325 28.03307836609328 -5.671619707564158 5.659669829593278 28.753997802929877 -6.252111374763885 5.589699170565218 29.28822034141344 -6.523905082616213 5.147389242210311 29.318733320619035 -6.328249273775055 4.090389664386759 27.41175439498304 -6.157214121442112 5.724676933714856 28.21327697605869 -6.667364299479325 5.547038851857318 28.689040528153363 -6.855932733891154 5.057284499028776 28.66014003243598 -6.779590788010503 4.380127527447588 26.97682652471211 -6.539688523051994 5.662235493492978 27.548000337387744 -6.904553294800078 5.598218516561776 28.026369795807003 -7.112750426350261 5.181802693092923 28.086163910275705 
-8.45384216497929 3.187068879664638 28.183370776023033 -7.695823373642904 3.148797466737725 29.491166133030937 -6.737876993331537 3.778717230197815 30.388433673869653 -5.9254320965372695 4.618064076808209 30.238941724298222 -5.420642730540342 5.212263464153832 29.63806464414338 -5.7758572810487365 3.593961010824901 29.060593048159927 -4.827717701770054 5.065761802382871 28.965327282128378 -4.323228986444105 5.83421398785201 28.85429117107013 -3.9220665671407438 6.403727162409642 28.656258610529513 -5.937564703546121 3.8035014852571325 28.03307836609328 -5.673440116072299 5.6507996723929 28.747203676080712 -6.247349625941773 5.606663810929523 29.276230922212054 -6.529134909091057 5.174763251115937 29.354858521374652 -6.324731257713434 4.090819859415762 27.416972332011564 -6.1548395372879074 5.716261768521168 28.212091252757485 -6.6703356481144755 5.5660994633563465 28.723266225251123 -6.855525977901186 5.076407780854359 28.699907712745187 -6.774176337236698 4.372964483089775 26.98120969090069 -6.5207132578955465 5.658996354057603 27.547028353996932 -6.907925708337967 5.617322656215834 28.059982798291752 -7.115211159148443 5.209581678427504 28.126731652678007 
-8.454961357117707 3.1694791541295237 28.16989517068474 -7.712760692506468 3.152060393938031 29.499214359272262 -6.749295157060249 3.782660712238216 30.376093086460838 -5.947508337018034 4.622401714438435 30.268768810050517 -5.439253359228227 5.208233888022028 29.66513415764923 -5.778936599329765 3.5772122910668376 29.047487013315436 -4.834198435079454 5.057712529390347 28.97808230771539 -4.322923035430769 5.816885178625972 28.84625913241217 -3.9043509672976753 6.390260582177552 28.64701663469946 -5.961081778307149 3.790054423094037 28.04641137190001 -5.6752575374993475 5.641932519081681 28.740414286736893 -6.246499231591696 5.588847748869069 29.267753757214496 -6.5281683998942155 5.157024098870772 29.34634333748929 -6.329595298233574 4.081963608281981 27.405408691150715 -6.158854453541457 5.715728712967424 28.20649727027899 -6.6658878257803424 5.5561367716207695 28.69603145788966 -6.856882702791269 5.067400433003937 28.692955283573195 -6.784458239963071 4.3639041712810815 26.98821376716952 -6.522976898462327 5.667167387391943 27.548049763081284 -6.901827034101899 5.616401550993088 28.040128877725362 -7.0971574105448365 5.197377254541791 28.11857939078233 
-8.456510712403775 3.186307884921412 28.177914791158038 -7.705448893835889 3.161391672274308 29.485151476447207 -6.726967382646999 3.7877596127868327 30.379550464000957 -5.95312111067876 4.635014982092362 30.269180019024777 -5.446282407227225 5.2290424502418755 29.64167677950525 -5.781305003273817 3.5856885145580923 29.049084197643225 -4.834198435079454 5.057712529390347 28.97808230771539 -4.325507166618091 5.825643877329969 28.847728687918345 -3.906978154120132 6.39904612178596 28.64842509172518 -5.9427508067045025 3.795012070824603 28.021654271446266 -5.686483625173817 5.662830022414517 28.736504757958137 -6.257113589417462 5.592308457557681 29.255337975054186 -6.5224047114256765 5.156414292249813 29.325750056012367 -6.32503169090372 4.098372819470482 27.394107064703118 -6.157214121442112 5.724676933714856 28.21327697605869 -6.6658878257803424 5.5561367716207695 28.69603145788966 -6.853225297223782 5.075286994830308 28.67401719348422 -6.77382552362106 4.379919228591021 26.95808880898869 -6.525242003488635 5.675339450251405 27.549071801723063 -6.90928888161296 5.608225025262977 28.05309508576639 -7.096981906598724 5.177899136976362 28.07918286240184 
-8.45469637356273 3.21679868899264 28.233425272636804 -7.693173975879605 3.1751483298648386 29.512063165458706 -6.713044808942529 3.7749431875182657 30.39002838883575 -5.910594709222807 4.614162352284351 30.282247114199897 -5.404198411128099 5.190813530627341 29.646515849113673 -5.76469894270853 3.5901330505236606 29.072302232886063 -4.814480235990198 5.0706055895788404 28.983238946014826 -4.3209473228702 5.842786638507693 28.860857747304884 -3.9155962097596366 6.411137213344477 28.64395588383075 -5.928593111114694 3.7915627218758643 28.03861792566472 -5.674961451685786 5.669410829665792 28.780549836205083 -6.266718538854491 5.603100616132813 29.303325994766276 -6.533937271471407 5.157634506413161 29.36695672865989 -6.318424401500943 4.086981347237334 27.42399213424889 -6.161102357217182 5.734572419292611 28.23967016181384 -6.671813578176067 5.556993771664942 28.716264422505787 -6.858236951964505 5.058396361370703 28.686008140463 -6.753188317226492 4.3656192149395485 26.982238208399263 -6.528759621053638 5.668110502794384 27.567324096188287 -6.912008151697182 5.59004026442048 28.03933556496756 -7.102163691163174 5.161275580157286 28.091099076323214 
-8.462410754256503 3.2034557908480457 28.21183534667326 -7.717449043702139 3.169095704681939 29.534209982275602 -6.748623897932258 3.800099416659403 30.41695664958837 -5.951434623334131 4.643874883875311 30.27626013697973 -5.453111471373687 5.232680348027818 29.635186094169857 -5.787300085408447 3.5849056235212844 29.093377276578817 -4.834116440473622 5.05800560671092 29.00247672647822 -4.318059441805819 5.816691143808331 28.85135204102261 -3.897738612772157 6.380314136718287 28.62681381389034 -5.9336532398881126 3.7913702138664425 28.057621039634157 -5.675914094531526 5.659414524758878 28.748560213697687 -6.244851794387422 5.597920487423962 29.27478355275489 -6.511786887166126 5.152898801067595 29.338274342783624 -6.323806706126904 4.086986999394208 27.44279026338702 -6.141667124729117 5.720491624812322 28.20608347582269 -6.664408783710028 5.565238075546918 28.703027614542712 -6.838068007931809 5.081425032222336 28.69935406010586 -6.75893581542772 4.365817809916597 27.00098118336776 -6.5077402524023205 5.6631532153388155 27.54142184987287 -6.88479909168644 5.621417424366161 28.040038867830727 -7.085029011360501 5.212195333434526 28.14527340091661 
-8.439691231242742 3.192049998178538 28.177775644718274 -7.694942391496164 3.1575782594779866 29.498126220851095 -6.7155363207859535 3.783808368362347 30.391871217499773 -5.939877172464312 4.639994696032523 30.288190683070983 -5.45995971075689 5.224450363018095 29.648521405816012 -5.7662429502446395 3.581759468702523 29.065748135893198 -4.813993384627273 5.0534112124888875 28.975138411486856 -4.318059441805819 5.816691143808331 28.85135204102261 -3.9117158023796423 6.385949960142276 28.658554385022292 -5.9336532398881126 3.7913702138664425 28.057621039634157 -5.676783905211474 5.66053348544788 28.77374570739566 -6.250464981737364 5.598776290235467 29.29525579266643 -6.524199517751099 5.157351329126971 29.35188419459023 -6.303217172307627 4.083567125320261 27.417439083895836 -6.161102357217182 5.734572419292611 28.23967016181384 -6.667950075946095 5.557566929552791 28.72199313082324 -6.844438141652357 5.055521503379934 28.704390913810013 -6.75893581542772 4.365817809916597 27.00098118336776 -6.528759621053638 5.668110502794384 27.567324096188287 -6.896054361745024 5.605851684207374 28.071746372283368 -7.101095870122075 5.189767514624949 28.137387024562713 
-8.448810507352544 3.199633319584203 28.199478936696913 -7.694059259786371 3.1663618787776038 29.505091897760746 -6.716866351982656 3.774976562866766 30.384750260162516 -5.948527115587849 4.622516008120609 30.29494525892175 -5.4491566065612025 5.2093757085022405 29.705652616719185 -5.769639634072988 3.5897947761783944 29.091970477900663 -4.8276299245405 5.066059555306867 28.98971304570984 -4.333443425744752 5.821152329729441 28.85930659152226 -3.914187367672885 6.377368275373348 28.652034406253048 -5.932182270138067 3.7997056230676973 28.064000000861448 -5.6752575374993475 5.641932519081681 28.740414286736893 -6.2432015388991156 5.6069964340387575 29.281818405379788 -6.503276605737171 5.180308830890353 29.364902067503788 -6.322456199966637 4.09541787999775 27.4491448866032 -6.148827728984982 5.712482244168451 28.21889335852606 -6.66646907218413 5.5666728826774285 28.729000394518327 -6.841327513439624 5.100031177483622 28.733529701857545 -6.766800401168303 4.373892591013646 27.020748204152024 -6.510005793324219 5.671323781274472 27.542444067762546 -6.882049556138177 5.639608755540834 28.05381704483272 -7.079954085495405 5.248371616516303 28.17287952297837 
-8.423440817472807 3.1889943145469952 28.170900069622665 -7.660195452316114 3.159818405370396 29.488982834494827 -6.675444114473241 3.776611841109776 30.35271262492897 -5.91228938505057 4.605319948501104 30.275182290330722 -5.442122952800422 5.20040263491543 29.70925528868793 -5.7501482826129156 3.578275372758873 29.05780256055067 -4.811962079407479 5.061920167857168 28.98171255114619 -4.316441521772591 5.824581840217728 28.83373853390524 -3.9128152658654693 6.384987970613596 28.63463235145172 -5.918139792736546 3.7879551194064005 28.050525259838157 -5.673440116072299 5.6507996723929 28.747203676080712 -6.23989256128296 5.625157968925577 29.295903283348533 -6.500238372925757 5.198382799564565 29.378990338176344 -6.308586784085027 4.083570629267289 27.436223597539012 -6.15270620023315 5.722365952465068 28.24527935265215 -6.670917408929495 5.576646984956444 28.756278022632934 -6.845958499023615 5.109642324186893 28.76078541256848 -6.7577225107145935 4.37437773373088 27.00735021579925 -6.517809107963526 5.673982188592756 27.58664571630849 -6.903074241367214 5.6241874745834135 28.09963195076817 -7.091220158472342 5.212876455930902 28.165238310505785 
-8.432545423036686 3.1965740559386977 28.192588417165506 -7.678535780084883 3.1803425577995776 29.50561779665501 -6.7166973991819825 3.8015129479530962 30.40084109583422 -5.923045197940254 4.635872550695112 30.279211080601748 -5.395489367799311 5.20782883111708 29.640076182567796 -5.769639634072988 3.5897947761783944 29.091970477900663 -4.816510514361975 5.062093308425098 28.976664647152624 -4.316441521772591 5.824581840217728 28.83373853390524 -3.9128152658654693 6.384987970613596 28.63463235145172 -5.932182270138067 3.7997056230676973 28.064000000861448 -5.681079690665669 5.660280173094638 28.768307569518395 -6.265073605770693 5.612187591167188 29.310373411138343 -6.510547108308024 5.171890811364145 29.37847491068864 -6.307232247915024 4.091995941506804 27.442572514029806 -6.15270620023315 5.722365952465068 28.24527935265215 -6.674788487959814 5.576075202720498 28.750537396934273 -6.8486938331730345 5.091600026360849 28.746834135864916 -6.76558849711412 4.382459314223829 27.027121726399123 -6.521555089668904 5.67321701928841 27.58099194126393 -6.896976975853012 5.62326317557207 28.079748057602913 -7.092220083383459 5.2302186079166155 28.173282738602484 
-8.421158660198495 3.1850120462790565 28.204816407637942 -7.675305159194751 3.167203910521333 29.532644831208664 -6.686898569832477 3.7761366614743688 30.39520672758975 -5.894647280032562 4.627870491439917 30.282134950480973 -5.386073653053329 5.195329669434183 29.64490757890087 -5.758459542212442 3.5859622433516725 29.103673399434754 -4.8254107303346485 5.063022419982765 29.015349516112302 -4.3248491935202935 5.826322907386156 28.871921459363524 -3.919439325493262 6.394939704865239 28.6548501112876 -5.921717567628797 3.7960939623432703 28.075909384904804 -5.676783905211474 5.66053348544788 28.77374570739566 -6.2560831607431115 5.599632939944125 29.31574796428931 -6.516036395975716 5.162536670074486 29.365897874373115 -6.312607488385841 4.0920032866486045 27.461379380823114 -6.151061004000457 5.731319488755304 28.25206823366118 -6.676267875363297 5.566961725741766 28.743524702392055 -6.851419208000369 5.073570873019754 28.73290401320289 -6.748424730662355 4.37114855506516 27.019915882776584 -6.519284747979187 5.665034407659108 27.57996135902605 -6.881297141811299 5.619178527670392 28.07274521466299 -7.077668344340306 5.217233530211068 28.159334965482685 
-8.455826147345697 3.199178440308426 28.2199176853327 -7.692262339185886 3.170480561602064 29.540730564692105 -6.7096684155257895 3.8061788745201466 30.44159986100584 -5.905394395640041 4.658434914655152 30.286179371539074 -5.375029251842866 5.220639095426899 29.619931932440018 -5.76494014159267 3.577241960390002 29.116798969553884 -4.818439601564069 5.053869660054031 28.99446721346929 -4.318059441805819 5.816691143808331 28.85135204102261 -3.9128152658654693 6.384987970613596 28.63463235145172 -5.9231914101110545 3.7877603758587517 28.06953145436998 -5.678603368851738 5.65165915068696 28.766946320021972 -6.250464981737364 5.598776290235467 29.29525579266643 -6.516036395975716 5.162536670074486 29.365897874373115 -6.311784779455445 4.075565146126964 27.453880000938486 -6.1659001458473295 5.718130025796651 28.25130764782357 -6.673879764454753 5.558422900994352 28.742246942419385 -6.8500577640327815 5.082583809084694 28.739866430684344 -6.763476150628307 4.374580472338308 27.026115873672147 -6.515539808899027 5.665797726355101 27.58561609546468 -6.899409259793144 5.624969991950711 28.1054218083288 -7.07932218826913 5.201318920040676 28.1770092624171 
-8.443867512034284 3.1964109707183366 28.23890922253767 -7.689066446395318 3.170788233827506 29.546078328778325 -6.705251840113807 3.7975610235735315 30.413156441639533 -5.914047772416486 4.640973466733894 30.292925010001053 -5.391216322435991 5.213081488632436 29.648189081833298 -5.763395274813349 3.5856212590586947 29.123362097499687 -4.8164091380325225 5.062382507674382 29.0010462769235 -4.320643735499726 5.825451984985669 28.85282135671788 -3.8937555822888137 6.379153107321609 28.608035884737895 -5.931046257742128 3.779169040654917 28.106253603922745 -5.678603368851738 5.65165915068696 28.766946320021972 -6.247116395544392 5.572210051234695 29.285317777622296 -6.510139500461328 5.1273909309108845 29.35439821217566 -6.31933977987268 4.083577634408768 27.473845062408127 -6.15270620023315 5.722365952465068 28.24527935265215 -6.675357081396697 5.549315947549212 28.73523925509808 -6.834322300767226 5.05210419487664 28.717116186412603 -6.755385927641798 4.362786987485601 27.032312773995862 -6.519284747979187 5.665034407659108 27.57996135902605 -6.894685056933059 5.614947847298323 28.078638916497816 -7.077934803963224 5.190875607227708 28.144419784699213 
-8.438977179093666 3.2049203552316716 28.219757028166526 -7.672996692517557 3.158724647444363 29.531016230128973 -6.702755611783457 3.788687221011917 30.411307551850314 -5.892943156388356 4.636715424473316 30.289202365783268 -5.3792679702901625 5.203552033338963 29.631598113383838 -5.76494014159267 3.577241960390002 29.116798969553884 -4.818439601564069 5.053869660054031 28.99446721346929 -4.3203398638080035 5.808127643157703 28.844790076610856 -3.900209183690847 6.371742100347704 28.620308446555935 -5.925988364965035 3.779369712117203 28.08721692223069 -5.662855704943057 5.6473771488625 28.759246983751506 -6.251932923127636 5.599959564188828 29.3213377017672 -6.517817877644598 5.163467809841719 29.392061574355125 -6.31716135466557 4.075563115660979 27.47269531294217 -6.154348669424583 5.713415643235988 28.238495417961786 -6.673879764454753 5.558422900994352 28.742246942419385 -6.856060807686427 5.0831640775715625 28.760152393764514 -6.769234846330476 4.374783415692489 27.04489930154194 -6.519284747979187 5.665034407659108 27.57996135902605 -6.899409259793144 5.624969991950711 28.1054218083288 -7.09615405736814 5.222605873376762 28.192127532709087 
-8.438977179093666 3.2049203552316716 28.219757028166526 -7.668005701738539 3.1765274037789686 29.518576153057108 -6.706587264777031 3.788724955109251 30.406031584965792 -5.916723737406244 4.632226716724795 30.312023701530208 -5.407225915600571 5.200165563021603 29.673612047959157 -5.745715061057755 3.5905033457750495 29.12192903371395 -4.8164091380325225 5.062382507674382 29.0010462769235 -4.320643735499726 5.825451984985669 28.85282135671788 -3.900362976579672 6.389092456299893 28.628217172153388 -5.908980569813255 3.7842829316601243 28.08647345506315 -5.682895400676323 5.6514056542432085 28.76151295685349 -6.266718538854491 5.603100616132813 29.303325994766276 -6.511098900775322 5.145118664995963 29.36291524315526 -6.300566824220786 4.080570375758211 27.47245806771809 -6.15270620023315 5.722365952465068 28.24527935265215 -6.673879764454753 5.558422900994352 28.742246942419385 -6.8477095892219 5.07410264291102 28.73856113738858 -6.7529530180317066 4.379914416175634 27.045064532295182 -6.517809107963526 5.673982188592756 27.58664571630849 -6.895605667221492 5.63236581585231 28.08664555471175 -7.080319655672901 5.2186595476788105 28.185057123729738 
-8.438406639133254 3.213726425042329 28.226507695818622 -7.684952526832816 3.179808054474041 29.526651885362575 -6.705251840113807 3.7975610235735315 30.413156441639533 -5.91147163764996 4.631989844844984 30.291120506495876 -5.386509019327684 5.19579548071121 29.670345319492824 -5.76494014159267 3.577241960390002 29.116798969553884 -4.818439601564069 5.053869660054031 28.99446721346929 -4.3203398638080035 5.808127643157703 28.844790076610856 -3.913753435763102 6.366676819708099 28.602829262060556 -5.925988364965035 3.779369712117203 28.08721692223069 -5.664676112175346 5.63851225933862 28.752458883671913 -6.250464981737364 5.598776290235467 29.29525579266643 -6.512058341986628 5.162857352663008 29.371437954153535 -6.301923805099001 4.072145944346406 27.46610476685044 -6.15270620023315 5.722365952465068 28.24527935265215 -6.673879764454753 5.558422900994352 28.742246942419385 -6.8339403580797295 5.078587122968745 28.73232842387006 -6.754170607740092 4.371349223455561 27.0386861270575 -6.502550368703947 5.669958136792012 27.5799875899354 -6.885085883489483 5.611779850351202 28.091500763626506 -7.081587208965271 5.209618236285605 28.178158848721047 
-8.434001795422876 3.2016907876184755 28.259194281598575 -7.674934431738562 3.202062552107365 29.555198342774553 -6.712169602697305 3.8150636990867324 30.44345510864291 -5.921882390977653 4.650207799703203 30.31564434991331 -5.4123735300591544 5.217934157929658 29.67690411157811 -5.75064269559609 3.5901638352655305 29.141625207363354 -4.818439601564069 5.053869660054031 28.99446721346929 -4.318059441805819 5.816691143808331 28.85135204102261 -3.897738612772157 6.380314136718287 28.62681381389034 -5.920552450708792 3.775548705746155 28.118158368994145 -5.680419845483551 5.642787821455097 28.76015167407604 -6.264219745015616 5.594350178965376 29.30187441354249 -6.516854775244413 5.145718441987995 29.38352813671152 -6.292050083088573 4.068724345376866 27.478323194812887 -6.154348669424583 5.713415643235988 28.238495417961786 -6.672399874627178 5.567533245196366 28.749259864719782 -6.839929397863158 5.079164522330226 28.752598849396108 -6.749694439245883 4.351860771160019 27.062647925598363 -6.504030268107951 5.661016541052789 27.573309264712517 -6.891939323623723 5.6331506898820285 28.092439898402873 -7.07777764494184 5.236752471455823 28.198869788290374 
-8.453988063647724 3.229715900716161 28.275510127121475 -7.699229854069727 3.1960321882799025 29.577404215068807 -6.7096684155257895 3.8061788745201466 30.44159986100584 -5.909771653748533 4.640841330879021 30.29819519046225 -5.3841727743946635 5.204115314741914 29.651784711403366 -5.752193407463232 3.5817841512484017 29.13505869193109 -4.822889359308559 5.05432850522909 29.013813624371046 -4.318059441805819 5.816691143808331 28.85135204102261 -3.8975868413686983 6.362968207837077 28.61890584185099 -5.915503095941855 3.7757516190136227 28.099118635652307 -5.664676112175346 5.63851225933862 28.752458883671913 -6.237324091042922 5.58655533176469 29.306209918862532 -6.501409249291346 5.159328180094747 29.383951051814776 -6.308645651685663 4.06371617670277 27.478570573154762 -6.15032653354802 5.713940203620916 28.244084586309768 -6.656355431250973 5.563328851961037 28.7416906282606 -6.836210635648386 5.079690026810221 28.758255816983503 -6.759020262093615 4.3550990952690976 27.050082046616637 -6.501760963577681 5.652836471507815 27.57227913883322 -6.899409259793144 5.624969991950711 28.1054218083288 -7.076784115555801 5.219398942705799 28.190811933843904 
-8.437672442717721 3.2266342569093944 28.26856009814891 -7.6822479533592425 3.1927396728540294 29.56928807057618 -6.6911069858863215 3.8112829666417833 30.439725249401036 -5.8938135985216045 4.654551486117367 30.298079146359985 -5.376087621052571 5.226958731364084 29.673656672032024 -5.752193407463232 3.5817841512484017 29.13505869193109 -4.809730863386311 5.058884311269528 29.00732926439039 -4.30526912916009 5.820991712562497 28.84487162172504 -3.88514482377459 6.367077797442281 28.612501065068365 -5.899968587125096 3.7723361869332916 28.09198764268798 -5.664676112175346 5.63851225933862 28.752458883671913 -6.247966097422974 5.59002784331094 29.293804221636528 -6.497981441959842 5.132875934940765 29.373929471433456 -6.292050083088573 4.068724345376866 27.478323194812887 -6.154348669424583 5.713415643235988 28.238495417961786 -6.656355431250973 5.563328851961037 28.7416906282606 -6.836210635648386 5.079690026810221 28.758255816983503 -6.731013109237486 4.356127660114399 27.038663772600046 -6.504030268107951 5.661016541052789 27.573309264712517 -6.893313378549857 5.624047514159849 28.08553675827545 -7.075511622340187 5.228444104583684 28.197721325011983 
-8.452434077940742 3.212828716395326 28.267439935211492 -7.674934431738562 3.202062552107365 29.555198342774553 -6.711005423058637 3.7973357775962135 30.43446378053465 -5.918419608619518 4.623373766432034 30.304948150369963 -5.430994935913472 5.213902817365119 29.704025070610633 -5.754021733572076 3.5982098534901343 29.167915824923703 -4.814375336953264 5.070897846139649 29.00762963117218 -4.315775532101572 5.825257180025508 28.857918093750545 -3.8951150834774815 6.371536971597559 28.625410882229577 -5.925606027922446 3.775345584170143 28.137215587945548 -5.666493530409208 5.629650363263022 28.745675516453993 -6.250464981737364 5.598776290235467 29.29525579266643 -6.499894749098707 5.168359495628298 29.390986852326396 -6.314017652864627 4.063708138983884 27.497402334844896 -6.132549110544383 5.690954370076349 28.20373743771429 -6.652824876542829 5.571005482180215 28.72271963865767 -6.837192255426871 5.097196169104929 28.76653761487349 -6.769310105167611 4.346049624865471 27.05714533196383 -6.497480489575051 5.6429732522742055 27.546349763583688 -6.870172153022468 5.628132070890323 28.065567762575053 -7.058098555376723 5.259942170797959 28.212530620408273 
-8.466488435271899 3.2119291760947823 28.308454215182692 -7.704780236752852 3.2043163161691433 29.605510816672663 -6.716594237933117 3.823702383603324 30.471941942477358 -5.9016376372067825 4.6637962655985055 30.32079236219784 -5.392329583960683 5.23124955052614 29.68216973711589 -5.75064269559609 3.5901638352655305 29.141625207363354 -4.8164091380325225 5.062382507674382 29.0010462769235 -4.318059441805819 5.816691143808331 28.85135204102261 -3.91528276913339 6.376409439908243 28.62812060990142 -5.922025038317699 3.767214992281064 28.11177615490572 -5.678603368851738 5.65165915068696 28.766946320021972 -6.248626799346176 5.618132109349046 29.33544541623679 -6.523304457244388 5.200895887569823 29.461617149681143 -6.313186770020385 4.047264316795485 27.489890757385616 -6.148092394257677 5.695125859440931 28.21092897909618 -6.670917408929495 5.576646984956444 28.756278022632934 -6.839462958505222 5.098306726099466 28.792508298566872 -6.772036304589405 4.321899896324189 27.06753535315791 -6.498956919116264 5.634045431037406 27.53968642524901 -6.88584785399108 5.632224795001988 28.072568854322167 -7.0703985350269605 5.264659210437265 28.225412614789914 
-8.441007943792918 3.201233574107027 28.27967155040575 -7.688671592135628 3.1922118309177088 29.590378835701042 -6.703946568229532 3.8019961270067233 30.475244201948584 -5.9129581452445334 4.637573514971131 30.346672223991533 -5.391354049823639 5.184496035359465 29.710386628406035 -5.758958601515093 3.597873494192212 29.18765344455894 -4.825313884664926 5.063308392242683 29.039766601080554 -4.32646949786448 5.818421729476651 28.88956001007432 -3.908182768455438 6.374059508549582 28.657905636721967 -5.906302849579845 3.7720495229371624 28.135090975456272 -5.668010265585277 5.648234335893354 28.77899297609595 -6.251932923127636 5.599959564188828 29.3213377017672 -6.521108899801739 5.1553545734307 29.41120455411933 -6.301946960544149 4.052259946704986 27.508467103894013 -6.151969596185713 5.704992942138494 28.237300465979715 -6.679814819702598 5.559279741710364 28.762520639287327 -6.843570354339197 5.071250797641893 28.77157440835919 -6.756653511688827 4.343487540531219 27.07507130882304 -6.503238815010161 5.643901107248289 27.565605549594228 -6.900779800086652 5.615865956935466 28.09851842732627 -7.08297258564391 5.220081150241021 28.210808139855192 
-8.443132038238694 3.209303010803993 28.280977806926437 -7.688671592135628 3.1922118309177088 29.590378835701042 -6.699357452653394 3.8199558903344877 30.46290778783606 -5.899056072804966 4.65480033269395 30.318981640628678 -5.3871785310837055 5.213471650737995 29.678877427254214 -5.744347928403546 3.5859803243617803 29.173028447468155 -4.820859738085024 5.062845249010127 29.020397619159272 -4.320643735499726 5.825451984985669 28.85282135671788 -3.91528276913339 6.376409439908243 28.62812060990142 -5.910045997077744 3.771926084584931 28.130055719569132 -5.667353026763074 5.630744324526698 28.77083424981405 -6.249432323161691 5.591202721905526 29.31988200127921 -6.517126540851212 5.155667146574596 29.416753265123766 -6.286691198979985 4.048847326289946 27.501848166125587 -6.151969596185713 5.704992942138494 28.237300465979715 -6.656355431250973 5.563328851961037 28.7416906282606 -6.826062871304205 5.0762616266044756 28.770975667346693 -6.741574175513558 4.340062835655847 27.06883588503421 -6.509002245160312 5.644829895559258 27.584879915060448 -6.881417127737956 5.6125556970561545 28.09728512556109 -7.063584818799529 5.216861031913858 28.209476594868924 
-8.441007943792918 3.201233574107027 28.27967155040575 -7.688671592135628 3.1922118309177088 29.590378835701042 -6.7140897748057595 3.814807790364919 30.470081251395314 -5.8895256189165455 4.65441359135743 30.303351795302234 -5.375454744606459 5.2211232857743735 29.645355468280105 -5.765450310081954 3.58914321436911 29.20082259449523 -4.822889359308559 5.05432850522909 29.013813624371046 -4.318059441805819 5.816691143808331 28.85135204102261 -3.912660380007469 6.367633636734666 28.626717967435862 -5.916565468429594 3.7633850426245536 28.14272988397574 -5.669829729636846 5.639365271497264 28.772199620975076 -6.251932923127636 5.599959564188828 29.3213377017672 -6.522073553659453 5.17312107889424 29.41975377991132 -6.303300244598052 4.043837928097433 27.502114227133593 -6.153609932467428 5.696048901423374 28.230521289857993 -6.673879764454753 5.558422900994352 28.742246942419385 -6.842203720758334 5.080266159378036 28.778547084710382 -6.755747198529401 4.3270398932218415 27.067676142820414 -6.509002245160312 5.644829895559258 27.584879915060448 -6.881417127737956 5.6125556970561545 28.09728512556109 -7.07943433945639 5.220817199160197 28.216570971749906 
-8.46002407022509 3.2035602344273144 28.28116860638547 -7.700117459860547 3.1872292575237937 29.570416816971846 -6.71926732603503 3.8059977160724716 30.45765262245217 -5.907708609248876 4.637332719847865 30.32574122606033 -5.368971316409862 5.206132236763309 29.697041447104212 -5.744347928403546 3.5859803243617803 29.173028447468155 -4.820859738085024 5.062845249010127 29.020397619159272 -4.32226284689629 5.817556050224677 28.870447378803735 -3.9066607683351484 6.364326901997877 28.63259250906563 -5.9150910184611085 3.7717207175080225 28.149115970183185 -5.664676112175346 5.63851225933862 28.752458883671913 -6.246316226022956 5.59910490838645 29.300844814606133 -6.5195992656472885 5.164393490029888 29.418253126486242 -6.301946960544149 4.052259946704986 27.508467103894013 -6.153609932467428 5.696048901423374 28.230521289857993 -6.670012796017651 5.558992428932832 28.747983059851343 -6.842203720758334 5.080266159378036 28.778547084710382 -6.755747198529401 4.3270398932218415 27.067676142820414 -6.51622248014097 5.639733634898359 27.57122214591317 -6.889648225668726 5.624830481346637 28.091332140325175 -7.071680279925246 5.255600254822857 28.218481731700052 
-8.443132038238694 3.209303010803993 28.280977806926437 -7.6822479533592425 3.1927396728540294 29.56928807057618 -6.7154283663397605 3.8059576527285186 30.46293392794539 -5.899056072804966 4.65480033269395 30.318981640628678 -5.373511592377535 5.218071334667304 29.672010322929307 -5.7459004943959435 3.5775987653077483 29.16645804308299 -4.8254107303346485 5.063022419982765 29.015349516112302 -4.322923035430769 5.816885178625972 28.84625913241217 -3.9026761719514274 6.363172597209226 28.613806989101878 -5.910045997077744 3.771926084584931 28.130055719569132 -5.667353026763074 5.630744324526698 28.77083424981405 -6.243818150486861 5.590354443659308 29.299394064994516 -6.5098518139863115 5.164098753758802 29.40316188861027 -6.298766776686486 4.060294147338554 27.49079364870704 -6.153609932467428 5.696048901423374 28.230521289857993 -6.656355431250973 5.563328851961037 28.7416906282606 -6.824689193469105 5.085273887468427 28.77794698256346 -6.741574175513558 4.340062835655847 27.06883588503421 -6.50471419386646 5.634969083061138 27.55893702286388 -6.87395844274516 5.620736291479666 28.08431623053796 -7.07560551891788 5.247977307408946 28.237349320238263 
-8.461583902377622 3.220451379805469 28.289243997658605 -7.70709890476674 3.212822087588964 29.60715061061535 -6.716594237933117 3.823702383603324 30.471941942477358 -5.919461006836966 4.668058852906355 30.35603580499344 -5.373511592377535 5.218071334667304 29.672010322929307 -5.758958601515093 3.597873494192212 29.18765344455894 -4.825313884664926 5.063308392242683 29.039766601080554 -4.324542503061332 5.808988646092576 28.863880621075616 -3.9151254861665326 6.359060917809657 28.620210466279634 -5.924131641001542 3.7836855392944746 28.14360739946271 -5.677945596026521 5.634171163662965 28.758791034117397 -6.249432323161691 5.591202721905526 29.31988200127921 -6.5195992656472885 5.164393490029888 29.418253126486242 -6.318042937609222 4.072133365495002 27.522614749805673 -6.153609932467428 5.696048901423374 28.230521289857993 -6.656355431250973 5.563328851961037 28.7416906282606 -6.842203720758334 5.080266159378036 28.778547084710382 -6.756653511688827 4.343487540531219 27.07507130882304 -6.50471419386646 5.634969083061138 27.55893702286388 -6.87395844274516 5.620736291479666 28.08431623053796 -7.076884107528608 5.238920488613991 28.230417827743043 
-8.452434077940742 3.212828716395326 28.267439935211492 -7.701545539863064 3.2045285827223275 29.579039272005115 -6.717932162146274 3.814848663943256 30.46479466720025 -5.890036683985664 4.659911656195946 30.332690300483208 -5.3459348902298425 5.210068274688886 29.6751859443678 -5.760510314240294 3.5894837701488145 29.181071963469517 -4.822889359308559 5.05432850522909 29.013813624371046 -4.324542503061332 5.808988646092576 28.863880621075616 -3.9026761719514274 6.363172597209226 28.613806989101878 -5.925606027922446 3.775345584170143 28.137215587945548 -5.683109961495839 5.635021118891439 28.778542427003554 -6.251081811100014 5.582124542001556 29.31283566236319 -6.517126540851212 5.155667146574596 29.416753265123766 -6.319394248546892 4.063700088404521 27.51625162142303 -6.153609932467428 5.696048901423374 28.230521289857993 -6.672399874627178 5.567533245196366 28.749259864719782 -6.842203720758334 5.080266159378036 28.778547084710382 -6.756653511688827 4.343487540531219 27.07507130882304 -6.5242659424411515 5.648843065921676 27.591540066697945 -6.897116016744778 5.61664657109882 28.104309326930434 -7.085627129287676 5.221498322644707 28.23658805119998 
-8.463842013859766 3.2244142497577153 28.255194288004404 -7.709773848551175 3.199850163937194 29.56442163139748 -6.732671446192753 3.8096978719473613 30.47196627997162 -5.915903066780532 4.658937932447299 30.327999591597607 -5.390425075278998 5.240051685223032 29.689061772267472 -5.790982743128511 3.580045412957134 29.164244884928532 -4.83362287920036 5.040803477230412 28.994365049606955 -4.333138294589498 5.803824068287867 28.85126953371661 -3.9151254861665326 6.359060917809657 28.620210466279634 -5.939839670901632 3.778832460637751 28.12026686845241 -5.670489043032167 5.65685965355686 28.780358960542404 -6.242129242711913 5.614330575578972 29.342257235527565 -6.508122304414972 5.177698738495446 29.413121339069317 -6.326072050202776 4.075146983954168 27.486323336127796 -6.159874439500793 5.7143499661324775 28.258116312000578 -6.680727201060537 5.576942740105676 28.77082143757278 -6.844557700657442 5.088761027618467 28.779861544084824 -6.763252804265248 4.370869619269046 27.052110265208086 -6.529376221176487 5.675875615948616 27.625270154294665 -6.907808035139255 5.6342241121695 28.126443999498164 -7.085240806523989 5.228392628896375 28.21196140060135 
-8.469746426536052 3.241628699688712 28.28924334603069 -7.714449662131559 3.2169529913584096 29.59953029802043 -6.715253550552758 3.832558879472684 30.479094449162197 -5.897347651338955 4.6636585904433145 30.32606465325547 -5.332347593497263 5.2264901318131365 29.64857026580335 -5.780563065888665 3.588657692452143 29.156042782972108 -4.824626631901563 5.0401795638318125 28.98008148460859 -4.32664986351278 5.811529411169098 28.838749162554706 -3.912660380007469 6.367633636734666 28.626717967435862 -5.953936143279282 3.79059820136594 28.133808263773208 -5.666187809733004 5.6571063992935935 28.785791067997785 -6.236517889138502 5.61346751421321 29.321750036863 -6.516307741051829 5.172505641861807 29.399104268718496 -6.343507461697875 4.086583810061288 27.49408010572337 -6.157492969255017 5.705921125409084 28.256916884342598 -6.66227770695657 5.564186958853986 28.761954450044364 -6.845923873912798 5.079742505667334 28.772889134921428 -6.7804434612385105 4.382190026812969 27.05934586241783 -6.514091355843362 5.671845556601521 27.618584147019874 -6.907808035139255 5.6342241121695 28.126443999498164 -7.085240806523989 5.228392628896375 28.21196140060135 
-8.458366317301387 3.2417336108620547 28.242774628461937 -7.689570613456266 3.19676906246584 29.529901414463396 -6.714839529851977 3.7973731181896526 30.429188276450784 -5.919908312705052 4.628951847892194 30.360537605122076 -5.399533115277755 5.211657286328033 29.740866085929213 -5.781074415543239 3.5807320875439395 29.124791773400162 -4.838082161264336 5.041255281974936 29.013717210316415 -4.328438595100448 5.792516553128865 28.87494316161661 -3.91447426831072 6.349274481826399 28.662286752792017 -5.950324219996278 3.782447199870336 28.108346200294253 -5.676803270348021 5.631348855364656 28.785165201012774 -6.259202395266435 5.591729227921579 29.334798610391328 -6.526876227951119 5.155959910121581 29.431863476378293 -6.343507461697875 4.086583810061288 27.49408010572337 -6.157492969255017 5.705921125409084 28.256916884342598 -6.669687501167742 5.555933344629886 28.775220606562428 -6.845923873912798 5.079742505667334 28.772889134921428 -6.779234052550621 4.390767515616766 27.06572884482059 -6.529376221176487 5.675875615948616 27.625270154294665 -6.907808035139255 5.6342241121695 28.126443999498164 -7.101093713174123 5.2323481329351695 28.219053033868793 
-8.454028863776692 3.241400133509591 28.216844803283696 -7.705642293084449 3.2088596404446688 29.544963981034403 -6.73517548976402 3.8185912799232344 30.47382730546523 -5.908590564297518 4.65518832737294 30.33463626964849 -5.359855885067068 5.22267074235724 29.665148971661658 -5.796376563849186 3.5673380451422108 29.124602137800974 -4.840102656554874 5.032740640207291 29.007135486892764 -4.328438595100448 5.792516553128865 28.87494316161661 -3.907863303584269 6.33934976879255 28.642065933273198 -5.963620525308745 3.7776631018898708 28.114140335019236 -5.669829729636846 5.639365271497264 28.772199620975076 -6.2560831607431115 5.599632939944125 29.31574796428931 -6.541517295663674 5.159178539406124 29.413787037415908 -6.351180427432655 4.081979436779872 27.48067123978372 -6.155988414502795 5.7044685566669635 28.231716429290035 -6.682205473544791 5.567824863747321 28.763803074412408 -6.863428445209849 5.074723317891471 28.773484489938564 -6.787627607832122 4.377529082553947 27.0457412968508 -6.509797150169155 5.661955562016241 27.59259302208261 -6.907808035139255 5.6342241121695 28.126443999498164 -7.087510653466286 5.23670515806849 28.213115389627855 
-8.481110711664627 3.264862143641195 28.21823522743325 -7.7395957075803725 3.2154512371797743 29.561153433497662 -6.7499255651894865 3.813440571785943 30.481004420111244 -5.913322728651704 4.649940935711505 30.326189442784543 -5.358827415126399 5.216359413426764 29.611468657006 -5.834341980048124 3.5486726749424604 29.14556809785531 -4.841338819376196 5.001437760330928 28.965297720298388 -4.314576108744186 5.75601609243293 28.82580923286729 -3.8820742736022673 6.306354491148526 28.58742366213426 -5.982093582105406 3.764383560440024 28.1084932175284 -5.684923274759646 5.626151804861973 28.771747228391828 -6.273991703126045 5.594872329314558 29.316786402161405 -6.553659642020002 5.153662676088878 29.394199936249777 -6.352519749027269 4.073540695369621 27.474310841739705 -6.174710764247101 5.701153031916755 28.25735751569641 -6.683681175771557 5.558710381875271 28.756789952625375 -6.880930821226486 5.069697101658692 28.774076268070072 -6.803615599551361 4.397432910842342 27.05935494428956 -6.535167488452302 5.676823761293812 27.644610384945857 -6.913917569650275 5.635154694546908 28.146372617516406 -7.105888268379102 5.222548962903878 28.206381723567556 
-8.493542713094794 3.290565888728384 28.279574942393037 -7.745750735925288 3.2499230170777755 29.604942625707 -6.726799008661458 3.8321452333671338 30.52186003443583 -5.895276578741334 4.6601644413470655 30.353620583980685 -5.351092304282807 5.2278479993058165 29.678488978829364 -5.81015144597438 3.5623258028916966 29.130982511463777 -4.836392612024304 4.98385393850573 28.937907098558682 -4.310088657208457 5.737912922358049 28.798759538144544 -3.8819241015449437 6.289057776161949 28.579541989153068 -5.992553683579133 3.767996010918635 28.096546611075087 -5.69437789366943 5.626750514040462 28.786086524338486 -6.275483878089189 5.59605798010917 29.34290134072006 -6.570437222656743 5.167792090732983 29.435614839779053 -6.362358281509437 4.076951771449755 27.46204967916876 -6.18025115319123 5.702080998845747 28.27700225978596 -6.704225332610622 5.572897383736767 28.791699371418854 -6.884252145548048 5.088334122147895 28.80837314386213 -6.819899964837769 4.392285254565673 27.059182595574438 -6.533692547774432 5.6857875790663455 27.651315498649 -6.918663560332557 5.6452099081808935 28.173245898922193 -7.123179954680715 5.237000796348298 28.246198708226146 
-8.580324983504159 3.2976339620972035 28.333696897246572 -7.81667034209602 3.236833999903313 29.648438552906505 -6.825752021243932 3.81018919629419 30.55641792480607 -5.970918466063351 4.653734804344425 30.367152453738143 -5.438052971225359 5.234734843724193 29.680567288841097 -5.914931705939489 3.5194772261649994 29.134394584099663 -4.871902518666438 4.910080524107614 28.931472698898947 -4.310105324956004 5.654893496531508 28.757852343278437 -3.8834853887718044 6.198134489408124 28.55670885190468 -6.070383520517047 3.7559224338217225 28.09066058865773 -5.714688347413204 5.565829945432122 28.7797063781148 -6.304501057528312 5.543558137448556 29.358234078782775 -6.58856535512071 5.1237161091588925 29.44292380755513 -6.445457232257687 4.072959412421427 27.473994234519637 -6.187964512808264 5.663586734242908 28.27263893134234 -6.715247464615864 5.552868320477269 28.821533309255262 -6.93285696644741 5.085593465292856 28.88074780035405 -6.887451451534097 4.401381178087904 27.070416395771044 -6.541378205206772 5.648048998481297 27.647149624430867 -6.9407239932034175 5.640011729198795 28.222633686338416 -7.155862405928919 5.277325971951222 28.364978237774473 
-8.68878334350136 3.251482011489742 28.350043197370113 -7.934227306989737 3.2164108844873196 29.681180806641454 -6.90797605205688 3.793552937089933 30.556888708111362 -6.031215049984059 4.652008451284091 30.347061710101016 -5.434845237041362 5.175424511073314 29.60119312856524 -5.977873884463784 3.3840714937355627 29.14022491046311 -4.939022389498968 4.767947868768585 28.975125293373686 -4.363606827448897 5.493600467694811 28.804343573778116 -3.8834340722791736 5.997951046804536 28.551459758690218 -6.144959493488801 3.6196892829864566 28.10177644222161 -5.708134234578878 5.431492950174019 28.74388587794206 -6.28943813176183 5.441761094492222 29.322743848070896 -6.578964438724033 5.014995263133908 29.45236360081141 -6.524202043501969 3.971451815877902 27.494296954393597 -6.177133775205931 5.551624862026894 28.22912573945757 -6.723570782405886 5.479757357682236 28.826388132241075 -6.961098876361073 5.035082972943993 28.927698643028855 -6.962817211399542 4.325200026378232 27.079447947827482 -6.560550048129881 5.5718837285422715 27.633158275698513 -6.958136631432778 5.624754585351721 28.245229128694703 -7.198827173353613 5.2945744534622 28.456477368087846 
-9.294202669225914 3.3524953532600463 28.776931408939706 -8.540210337727142 3.030419797328404 29.74179502028278 -7.515803627102993 3.1940693473714354 30.552894651002934 -6.460034490697261 3.673422099078461 30.283765867675513 -5.549550283971949 4.020038108341374 29.285488903794523 -6.727378583908721 2.229797740769999 28.585583024274047 -5.365962635071906 3.237332408606018 28.362400073776694 -4.665364643790264 3.773067063619143 28.26666831681271 -4.1115979936683855 4.119589238667632 28.059606373162662 -6.89748970157526 2.5408752288246643 27.583713116192435 -5.965211649776626 4.296447739492646 28.38750397075994 -6.587583731026 4.43926825652393 29.005900723891735 -7.000808507684027 4.049575626699585 28.973762685177142 -7.208346897999007 3.0660949198825875 27.045162475776056 -6.478238522053507 4.633449397918493 27.941519753666814 -7.09640660121744 4.639823198353904 28.564009986475664 -7.466895161220701 4.243282470217473 28.545485827777803 -7.583559156186017 3.6321583920217204 26.784865090211653 -6.89501603675044 4.808483077274582 27.473281224180237 -7.311539170036569 4.8995641694011285 28.060478721699404 -7.597578375543611 4.619458029155547 28.107060627763584 
-9.357327660199326 3.2675220166552017 27.715670304741515 -8.696659535850067 3.05564348823868 28.752276607858608 -7.677030254427966 3.020555014108375 29.345785234113272 -6.652401360521952 3.382785201988965 29.2138627010228 -5.638126662282329 3.807867369313845 28.39793385402021 -6.851994038305431 2.2296719166506387 27.363219866948345 -5.509725383105865 3.141481095318129 27.102561122084733 -4.878169605730895 3.3718514834397992 26.88915528555227 -4.394138347138098 3.422949850591722 26.505129694472007 -7.047107237724157 2.531535351677953 26.49344225587789 -6.029303074610009 4.098717704569214 26.98273867341046 -6.723294424684623 4.210669622178346 27.632367110739118 -7.177571580369173 3.8631641274603035 27.798776151188385 -7.34903592170061 2.9782755151190834 25.939929470041733 -6.49824243924513 4.457595453986331 26.60930017073647 -7.11413556426642 4.436110614243136 27.09949872410363 -7.500395138722152 4.040880407492194 27.24272387038726 -7.687098265562658 3.4888590941550306 25.661703816474443 -6.919177713062091 4.572872735701846 26.168105104285775 -7.327651461259723 4.578698670570648 26.56971581526207 -7.671638577805047 4.293438348549032 26.710076219373544 
-9.599397689264961 3.542243168265627 27.974637517472186 -8.742827404270319 3.3384186756850327 28.657721969917546 -7.669728335303418 3.269752914772394 29.114316292495896 -6.654474403395664 3.5589847716143277 28.893219196962395 -5.7028100749258135 3.9013849491932313 28.313745601911762 -6.968219183760693 2.312733661634682 27.20928674786159 -5.66764281448376 3.097415926254527 26.846040209508192 -4.933785038928184 3.5102730657029206 26.519694226427063 -4.411220575688225 3.7622649169537348 26.203391030961217 -7.107950738044896 2.5834243695647223 26.258184397819345 -6.079501443860899 4.195263663817844 26.551955186745932 -6.697136094286869 4.44332541112339 27.191799624355237 -7.172712128465045 4.206898191001545 27.481663579913324 -7.4268924415383735 3.0748834956839217 25.774160152206203 -6.540154017384008 4.571600091863737 26.204081612338353 -7.166201086602394 4.651558231093606 26.847366308223407 -7.5529474137778205 4.300986784518111 27.095563839037293 -7.808953470380772 3.647083199702686 25.557052669867584 -6.948402992688774 4.713725577385164 25.833413870047412 -7.327072809771769 4.828621058156351 26.416879652013957 -7.702740826864963 4.613559670162755 26.777412237098414 
-9.561702723415406 3.8574157461995546 27.746735902480488 -8.682249389411824 3.6187078537356197 28.40264312512666 -7.542305138229252 3.4824302193888546 28.67381431819721 -6.519067850942862 3.7811322609583193 28.539348468702784 -5.593035994037466 4.11357265277232 28.235499094255307 -7.007207351092429 2.515782026342935 27.016483042188547 -5.780182717410365 3.3134390308361024 26.803248850158152 -5.038328269464523 3.7712605634942946 26.48656294937723 -4.517535529407776 4.085629516345162 26.174029996747826 -7.201106660044186 2.786177620809575 26.136317580512987 -6.151822328175188 4.32129712498064 26.382274493216695 -6.752342141923666 4.577874589276787 26.960147057658236 -7.187901764465703 4.365701869064394 27.20080196498941 -7.497760512282581 3.2524759194093638 25.605104851065008 -6.6192614485379755 4.68120413406503 26.028677376368357 -7.19907504122418 4.773601150450109 26.573232141302455 -7.543949183053901 4.458263711080874 26.723322353935856 -7.8564303933634365 3.8453996096373917 25.33761363793408 -7.012977836628702 4.836687083840062 25.649181526627192 -7.33616234919749 5.003393499694794 26.17602150157409 -7.6551859391137205 4.839228235736554 26.41347048467294 
-9.604036987135053 4.245184971398745 27.42871601065343 -8.738129168745461 3.9933654884691534 28.099307335599867 -7.647193117428679 3.7869620228395755 28.420520172206253 -6.592349279057166 4.077754510381731 28.299303073335665 -5.695247787810275 4.46020191700906 28.05497151993008 -7.243806285467112 2.7004026820965077 26.75173691091198 -5.959988817726896 3.414099821018463 26.50480437983618 -5.174597067103891 3.9363785634353943 26.340648084722435 -4.634766303354584 4.298219143177371 26.210086350432633 -7.4005294284253145 2.974903400715867 25.821056700765585 -6.180150193518889 4.297035412960633 25.946555761907753 -6.678101853753072 4.785468625502722 26.611455933358922 -7.168514279272688 4.729173891641939 27.029054146683514 -7.650743070886939 3.468133173909648 25.272811728300425 -6.597984028898684 4.689162560362702 25.562695425875347 -7.091571974679004 5.001250284414335 26.22031544125016 -7.521307872120838 4.850238837164255 26.563951622765437 -7.929449347021411 4.037069300763431 24.968495699557312 -7.0029575064355205 4.8927075077628706 25.22683822280336 -7.267316965737341 5.19693054695265 25.823366209779593 -7.610828445561376 5.150898347052777 26.21471381910448 
-9.494785253316824 4.389357153375318 27.19181277039083 -8.723777837875152 4.1116034684151455 27.85898396543513 -7.679120674559551 3.883874473509413 28.30569059991386 -6.611903064316057 4.150209811159138 28.201351947272332 -5.700875461176804 4.520259357843042 27.952061454151348 -7.271042392611969 2.818346448209884 26.661048394986793 -5.9756258458506055 3.452681150252769 26.477143269944065 -5.146510156574872 3.9177813710074147 26.27603568283676 -4.557355893578893 4.237395807117134 26.06032300783 -7.40215643988373 3.0710109683342424 25.699856805612672 -6.120470164037892 4.329297108931764 25.849565897809004 -6.616544171945546 4.849501355478397 26.552369790355648 -7.1403871087977775 4.8789991281349625 27.013850845031175 -7.629171680987839 3.550008042925703 25.122696348248294 -6.514724955846099 4.775860474877211 25.47752212333317 -7.044987436901753 5.130991556969851 26.226905860881278 -7.490769183560648 4.998409270541863 26.61035889164204 -7.8807617680134125 4.115406608930911 24.803351411333356 -6.882119997589542 4.988495299888981 25.0739739106869 -7.1597357904619825 5.304374954823509 25.725156360682544 -7.532137548534134 5.252723701993009 26.141890301328434 
-9.26529287895115 4.786069161673541 26.87161281879455 -8.508538523672968 4.452383666896356 27.527692842918228 -7.529626026231422 4.211733826197345 28.04021002249457 -6.499010330452651 4.448725950824371 28.112739020888526 -5.568078531819922 4.819631618583893 27.847311925484103 -7.144029486908092 3.141423270422965 26.53963922848328 -5.906389212406589 3.6756510555009894 26.512256862666646 -5.104382185211972 4.0662294727863495 26.470248249002644 -4.540524153053221 4.248419766858613 26.284268644781843 -7.279353341856338 3.4042985128748096 25.61235857757526 -5.981474351321002 4.584138261443604 25.85171815528194 -6.479598559813095 5.228211196015826 26.6843269655644 -7.007177624679005 5.255363006093053 27.05672184668022 -7.481027675994244 3.9114527044832585 25.038935636621975 -6.382632642150787 5.105825043980761 25.53296568377561 -6.888936266793413 5.543327050469851 26.301793270921525 -7.329683045349782 5.381964800347652 26.590718307978218 -7.6813185429817255 4.486726998585515 24.67204357971995 -6.7046169357375325 5.346957151614524 25.062573805272436 -6.995502249159576 5.708697708617242 25.70170114066237 -7.345164140660866 5.643710498010611 25.999327390368325 
-9.181223403290689 4.981940898666334 26.737428832763097 -8.415337421232088 4.640588892291882 27.38157209948244 -7.476467876395904 4.35192617777704 27.905148024779596 -6.464919018070728 4.559940560953733 28.003000963438456 -5.536799895882445 4.88414297744876 27.8958468784835 -7.145619149076839 3.2151850922855503 26.54873489809639 -5.880116140204922 3.7604012019315056 26.516891321439942 -5.054078959031457 4.12689285910757 26.424758958385095 -4.488838751673991 4.3000467926230295 26.26049280401296 -7.274778884880526 3.4477536644115596 25.61476906224174 -5.987213888063522 4.606529469837833 25.88086660185969 -6.423236104717643 5.288181108208851 26.58987407491859 -6.893195141049067 5.33083680968269 26.88542015863978 -7.47212195806334 3.936748211761689 25.011052909466418 -6.363483899386916 5.106998500996907 25.514556713776653 -6.791299423078365 5.602358625864062 26.189742487892634 -7.227262658987049 5.493327620232214 26.447492476192426 -7.682144091420671 4.500744198811714 24.649443756940897 -6.702807425116784 5.384136264339957 25.032453250315992 -6.894864925187889 5.819588266622977 25.62673679120389 -7.201969838115541 5.807259843112938 25.90485265623855 
-9.160409146638848 5.789926492484738 27.00309264747018 -8.401957025599504 5.420486699876245 27.544348145959958 -7.5462631760352386 4.977867072582211 28.092355370834042 -6.585749127922346 4.978430093425124 28.165788179514113 -5.602170647326448 5.171227922621819 27.85458318078897 -7.219647771259216 3.7180590375640605 26.535342496607477 -5.906864051515072 4.057952967181061 26.427481503333432 -5.076295138717688 4.31159799159473 26.251489994952017 -4.4757855121554755 4.37390995949655 25.940491752098286 -7.303550734718607 3.960459837599469 25.614266603178464 -6.016079829806826 5.124422337166514 26.01439783147837 -6.473759005959164 5.715053021059055 26.675126873087514 -6.942599030055669 5.689678429082165 26.96722954225651 -7.4479645986799055 4.475255622685203 25.054362869036623 -6.287688107953122 5.5989844781454225 25.590539337476915 -6.809465765971278 6.056954805282926 26.282152527769977 -7.274713163076604 5.9326219277503585 26.572098905466977 -7.565867007319142 5.059112208578373 24.670185676871082 -6.536426362712744 5.852256683643717 25.014455598449327 -6.819644815930514 6.277621928223844 25.598884915824943 -7.187873634535867 6.300748250636657 25.95370665344337 
-9.270229829456593 6.0733912898187015 27.357379345017787 -8.446876916348895 5.538595194750918 27.799753194136116 -7.506578544841021 4.956959161047268 28.11343774488045 -6.5090911740251425 4.910831477206378 28.074655341895927 -5.5565685641087414 5.069823500498853 27.76351924370645 -7.26279099509908 3.7125251418858425 26.46131712994733 -5.975153455480272 3.9135076389933947 26.30803303510582 -5.125133179378023 4.053201325613924 26.067207033617738 -4.529205530671754 4.039821848982388 25.74795940499495 -7.331265608047433 3.9579480393560775 25.53602816878969 -5.9688626734827555 5.092146000452565 26.018435898154383 -6.3708465820456945 5.642811320240306 26.610218314742905 -6.830566115178586 5.604994865800575 26.79431519357392 -7.454444959693829 4.494513920964372 24.994466598897933 -6.281943168007438 5.6389826794907405 25.59261548707632 -6.778336208476452 6.040446239099795 26.214656547660294 -7.221396046501575 5.8752846494882265 26.4013964202993 -7.596897640656301 5.139373084842582 24.68078244440358 -6.605737506643594 5.928395701119071 25.11768205186779 -6.846537246707931 6.300757995647602 25.6471019622881 -7.181607052100755 6.2589915770641475 25.91637204146215 
-9.27675105053661 6.001427303531088 27.297442352350036 -8.478230383820284 5.474522487776339 27.737761863618545 -7.523516581075115 4.899164190643698 28.05325233289486 -6.532434124351679 4.870117662122557 28.018943459570295 -5.596284738632216 4.995183019373244 27.67397859940543 -7.272295798784895 3.793281955310616 26.404469513826896 -5.987453738339398 3.569758095874142 25.846475411989804 -5.163938389677889 3.669376528396617 25.517953873881872 -4.549742565233351 3.816342128452789 25.320776159334507 -7.299035456256832 4.035884277190334 25.40612999285576 -5.994794431912418 5.162532820354137 25.963373792553647 -6.43851756860299 5.694373618278503 26.69118990779417 -6.936782914333258 5.722886048814845 27.10509549250449 -7.41937797773021 4.5829903901364135 24.902936401000595 -6.294592042188895 5.74960753650188 25.65040233044647 -6.852414621867969 6.094387821025582 26.31283361415799 -7.3002104253435185 5.931021201671697 26.615115924026064 -7.544606224854355 5.229634307395979 24.621675589063162 -6.598992004370162 6.075393504412102 25.17150295296594 -6.909944045211227 6.412137408541344 25.702227127345505 -7.299821492727629 6.329130849120194 25.97248154303572 
-9.283372695933604 5.958701104513693 27.255069903761186 -8.51052957557119 5.450414051890266 27.69652384447333 -7.548928858655107 4.927934643110182 27.998757205618173 -6.53827034362814 5.009307928730208 27.94810688655282 -5.623460243591541 5.194931319588158 27.637131906366314 -7.255468040453019 3.7768511822734143 26.394703621059946 -5.971773372158441 3.587273369066354 25.92748481621773 -5.127034901405662 3.7064985226672627 25.60741162783613 -4.51033487598351 3.852445864602149 25.365920450305076 -7.27664218957018 4.041142017607508 25.36388509349984 -5.941900336147765 5.157345523249578 25.9650930881894 -6.437077231646218 5.671968672739094 26.790473723954083 -6.923467897140117 5.64118710129159 27.14186674673988 -7.375361584227942 4.600198273386746 24.85076346669154 -6.256371775858154 5.7893125014074265 25.67830923814112 -6.820046496960088 6.117367572671578 26.37877764708939 -7.268970551036701 5.892049930355564 26.59093252455079 -7.505273318174252 5.263353592491794 24.59911922019436 -6.544910634221021 6.113118435787501 25.20074954850452 -6.869801627954061 6.435583969103815 25.755494163120044 -7.2454611294930835 6.312013940118632 25.944952918706395 
-9.182196996840277 5.6987327331504165 26.826053369132566 -8.400262123477196 5.241177578557534 27.308183258783398 -7.400478819720307 4.89328815026951 27.64984908785357 -6.409299116676897 5.069810003338732 27.67775788253686 -5.502364430239546 5.297119326279379 27.252320021460637 -7.190312548148048 3.764593758844083 26.353597875429564 -5.921363165302969 3.914886062554982 26.43571815200623 -5.097294728638322 4.181031074872406 26.509734480454064 -4.493946845305161 4.368156532201915 26.438539015346606 -7.274921874162694 4.044939914763732 25.45402249017368 -5.9370446762528335 5.176573679881105 26.0324565741493 -6.40066680795191 5.7367481498768385 26.743390432446837 -6.8375156438645845 5.656452762766664 26.919667782601948 -7.387284325491638 4.590244491379487 24.910146387775132 -6.2383949464516375 5.762417083797857 25.64432978396809 -6.7965333359810085 6.1495702011176325 26.34903956810165 -7.210134854014928 5.920287585046364 26.471887377094916 -7.509820916394571 5.195387852614579 24.55637835574108 -6.539796477826555 6.071613270882043 25.112260971842996 -6.887196979773128 6.431458550676247 25.723284592649534 -7.2625596735234845 6.348403302856516 25.93118915094361 
-9.14924904832781 5.629457004733884 26.74360009728937 -8.387641153101773 5.20039161307128 27.274280421172588 -7.427492124328421 4.883009634628115 27.74934936908025 -6.449819701088457 5.0979950396712645 27.796836342591504 -5.500027369229765 5.376133229465318 27.368698235065022 -7.163979621794632 3.7508295163269594 26.417628584977944 -5.864802327170001 4.046527961190691 26.58163288161512 -5.035912698075838 4.302775925821481 26.57855438214193 -4.425035875193481 4.4224746552850815 26.462481920947702 -7.234402665319109 4.049791427640072 25.49930672837662 -5.947768025774498 5.207796171109705 26.182663175469678 -6.433158245503325 5.718023192877659 26.79151391215847 -6.867480490491569 5.595669534741572 26.896402012943927 -7.351044101599374 4.614004022707628 24.9322237333289 -6.248944647833262 5.762156968741383 25.75777468472514 -6.783972987298742 6.110857118594138 26.323134699142035 -7.189651776322908 5.879473668541725 26.370512602514058 -7.463510194173915 5.225085136287121 24.5446780440742 -6.535440875314684 6.069167460996927 25.172437078887373 -6.893921014073753 6.407227845792009 25.7280268617575 -7.271711753150241 6.30560437424467 25.922901973635046 
-9.187859317518527 5.667852263394373 26.721256497864477 -8.44328651584017 5.240908055608633 27.293896554870077 -7.507950556571633 4.909556321698629 27.783819759696165 -6.494964495217947 5.085621584776073 27.75171289182957 -5.521705333485716 5.319072083912091 27.212160778469137 -7.094948202327697 3.7774586796418643 26.29192306778874 -5.756123959617653 4.204081467514072 26.440717351513012 -4.932785552489185 4.530646993357714 26.518905656843085 -4.334517007525913 4.623784768888546 26.38151118193482 -7.1681324969393225 4.084036276844872 25.40740085114241 -5.870399149385799 5.220694853813167 25.97708239582007 -6.317039978186233 5.802527873339716 26.637687423566454 -6.773463845212797 5.725127029555192 26.8067118831426 -7.290731865831515 4.62258019435973 24.84749198868968 -6.183528900406396 5.7606487247840095 25.574963959452635 -6.691617287310093 6.182855137522334 26.20658897461961 -7.119280358360638 5.988713767424973 26.31728069895165 -7.442664050647953 5.215559711069005 24.49216981882026 -6.492415930518467 6.0780295961839785 25.06247163579961 -6.8239093617235085 6.454712783913244 25.649583442902212 -7.155606505365301 6.372677970244859 25.816994202371873 
-9.21818708582943 5.684883729538885 26.739778546027946 -8.441836631998205 5.259494089880785 27.307773310569342 -7.512255373193166 4.899673734261345 27.77141289641904 -6.515148087337937 5.073045752285074 27.770105729349794 -5.5442798651101155 5.3269994326613945 27.308446286267746 -7.1125225374953205 3.7595037217761624 26.25340241493957 -5.783384711770405 4.109027628219819 26.306591592035705 -4.980398968482554 4.400021228164639 26.373689738200692 -4.383104462006532 4.503108642181941 26.267587005354624 -7.186344768288833 4.049158217394594 25.357338152797045 -5.835129847079457 5.141830526324536 25.8678070753896 -6.283102703144685 5.768235465280904 26.5936644226903 -6.743559866995735 5.746185297312714 26.810808156577487 -7.32073123561392 4.5984822841173365 24.808023430219794 -6.173918822759575 5.711861359625871 25.48966932635701 -6.6811324728719965 6.171315904252893 26.163377168460062 -7.117186023211662 6.00302076658319 26.300035497779795 -7.470645345858223 5.1992949122716245 24.45821430828217 -6.487502578407637 6.024892949107679 25.017802498711653 -6.752880377683477 6.412038269402545 25.585189062926563 -7.080071011122693 6.359363175744382 25.77275325354371 
-9.216821495749045 5.9143028154716495 26.999769279673462 -8.444775189808055 5.38529104195759 27.511478230046556 -7.49779031810115 4.8641875906945415 27.86432705040668 -6.456360152664857 4.964996076095534 27.717241468821417 -5.486864432048872 5.244434090499235 27.247328821282558 -7.097501078292539 3.7172827952936935 26.087437966750368 -5.779866826257332 3.988502713780687 26.129763970669774 -4.98427829923419 4.109754603520081 26.030427064345037 -4.432708933325324 4.072151985670757 25.80235498464666 -7.176598923738348 4.0408252496831585 25.201610297160574 -5.8440118300187125 5.1545522398363675 25.884611684455873 -6.29725271413541 5.697148728172536 26.591872866957647 -6.767478631576271 5.605707321895137 26.731221378733277 -7.304201022907883 4.61024878066298 24.70151236036633 -6.194290558023472 5.743362519014666 25.548347187284175 -6.728716432033398 6.138004755504464 26.23448204096264 -7.163609788654475 5.914819786658811 26.320348668292183 -7.45502663077395 5.258392452455608 24.429850104945046 -6.51622333000833 6.065796299904889 25.093763657576023 -6.805784283889284 6.400017904450165 25.654398213678093 -7.152976029269008 6.308019332162781 25.79055784256119 
-9.340273478943544 5.925654910816546 27.113855690975775 -8.487269076071343 5.3565843332024965 27.550454393514837 -7.442031041484446 4.8208363948434485 27.809440862843186 -6.3317168457847295 4.945364365985212 27.590208713690735 -5.400901302052219 5.203323820894272 27.172134992088004 -7.3272821232006216 3.730777098655859 26.134720144768956 -6.000344208825254 3.7664320979999175 25.923388588351937 -5.208952487451068 3.98110664802701 25.874006666286597 -4.632366210617923 4.0685648992187105 25.671473266916276 -7.370166985488694 4.09067431160067 25.194016235923666 -5.9372804375568 5.105765477259433 25.796524623434987 -6.400989213550687 5.605347117401651 26.54397574752836 -6.882740333290177 5.489001954412299 26.677357633362828 -7.451532675223737 4.691796652111026 24.697296896262266 -6.210482370374764 5.705370502966871 25.4280302443037 -6.753075527355176 6.044516235736103 26.147482256940346 -7.212316287976728 5.829813412886334 26.249083138616438 -7.560160495983592 5.360050144615504 24.45315418976653 -6.505851436721444 6.080336806498882 25.014332325393557 -6.833187870170857 6.405940638552529 25.610048779718955 -7.1933631257980615 6.301075941471986 25.74373030186151 
-9.312074216522944 5.811370794836651 27.02665008478356 -8.501126186768534 5.229020158408457 27.44758517354618 -7.423963893967357 4.756332663701747 27.68314313477277 -6.2973844284578036 4.948201861005626 27.42848204374973 -5.350127016408964 5.229611541793735 27.081310152307722 -7.323777457107615 3.7283192756898815 26.024734458243884 -5.9816558440444405 3.831361617323029 25.784138391829682 -5.164717714279678 4.010496897211207 25.603982374412553 -4.5768822675509835 4.078458590027225 25.317102599492557 -7.364268026962308 4.107991675178258 25.070976518659066 -5.906003700666573 5.079398659049429 25.658457621347747 -6.344345087861317 5.554498769766276 26.42208032175338 -6.845909351212573 5.4503057770457675 26.578807377980322 -7.467319544135538 4.723827793303293 24.59753623430828 -6.204833334901802 5.677253985646236 25.322128340794084 -6.759562580959681 6.019156439169047 26.0970947953108 -7.2248278599512865 5.825863751518568 26.253957457237853 -7.594272683048369 5.393648362302853 24.37403376254198 -6.5066545327195255 6.068783056908259 24.90251799794427 -6.826247167481882 6.360566657200064 25.517177854770505 -7.2260696198909375 6.270306375873815 25.726506386752472 
-9.189442246279869 5.772125552787842 26.859987520684218 -8.42325161492972 5.18248993300925 27.298776038850193 -7.29882347055313 4.685983443528198 27.432491740007624 -6.171949988768606 4.943386357654747 27.263467537426855 -5.236013294191587 5.2522728585498415 27.05064570171479 -7.205617672242743 3.7581017498122633 25.703058645138725 -5.823108228962069 3.9575059100305583 25.46434009752123 -5.0279188171435445 4.248133310507671 25.373439736886585 -4.442772412913669 4.4093682810895976 25.115378052978137 -7.275634523592211 4.176369233730569 24.841129543617075 -5.786054495457611 5.153424167466543 25.30605018859035 -6.310455941919369 5.577146817292105 26.219396181770904 -6.894947510551557 5.504902151745555 26.57980291469654 -7.413002845497338 4.795564725830495 24.418787096159175 -6.119905366528295 5.73892860857624 25.07673323605975 -6.7213320077595915 6.0567452114922915 25.955484340737335 -7.216711799356707 5.916709100358258 26.253592039225857 -7.561946807205373 5.474066612964564 24.270223948905556 -6.4595498710091945 6.138297749671802 24.80117710127572 -6.808738167216421 6.407953581303186 25.511886992675016 -7.236407143913804 6.331706962304915 25.7949769609949 
-9.13552054659426 5.813895047271523 26.856874775421304 -8.350237038298163 5.224657770322005 27.26218311989865 -7.203460150647079 4.76629835950891 27.396381566242116 -6.068222345295837 5.030705450917403 27.273164960760873 -5.123842852389772 5.325085293959583 27.065064385744712 -7.144800026338394 3.791552576862014 25.65641447442632 -5.764895378299333 4.040709982422475 25.420125571197026 -4.9703342904575685 4.355968818140749 25.297839920362303 -4.397954810769805 4.569731572151382 25.135440614892442 -7.238612308449941 4.216527721671151 24.81665009084268 -5.721988872208885 5.176271413804457 25.12375646373298 -6.211741718002665 5.602330128563547 25.942908601681545 -6.778664930963735 5.5759389283575365 26.33257218757469 -7.39582069833932 4.838615570958931 24.41638287738923 -6.088277704931074 5.791661403226552 25.001353809849352 -6.664498054108334 6.11695164552023 25.83370419379507 -7.15350268436707 6.00528211763131 26.148339182843596 -7.575320856472027 5.526486272915939 24.29937022094378 -6.43071147074372 6.199501952334639 24.748670316981446 -6.776588031803535 6.462897712537359 25.45679182869643 -7.203769260441531 6.4086601265197904 25.775953922328483 
-9.110347236011869 5.731102887799284 26.93029046633929 -8.288941762720244 5.194494133154583 27.291179640977383 -7.150227415163011 4.808116171837929 27.44621430950725 -6.028932371750732 5.087571388826765 27.228625462921592 -5.1101094196708 5.34247952958351 26.903055512008777 -7.073549603944098 3.7964482527555603 25.668511861245488 -5.692006200174298 4.145820752399609 25.480531199611512 -4.918558391604489 4.4387793946810055 25.33936949879592 -4.353345616264176 4.6152960731308585 25.08846856244601 -7.204214680643756 4.22772024679389 24.857208867843386 -5.707752282298272 5.209479710319567 25.161302337425305 -6.1967524039483495 5.577618158544831 25.878395368304275 -6.73525935280081 5.483738809030618 26.16626312290404 -7.374797809343816 4.8465184195385325 24.461309082584613 -6.051403170292047 5.814173680832617 24.97053611326272 -6.635010997152945 6.096730359262207 25.738380109345776 -7.108927711978866 5.936406656893958 25.96291363962569 -7.5752382722337455 5.53966157714715 24.36649310733821 -6.422619276249891 6.237928139464298 24.780295526794735 -6.759271495840113 6.481573333305583 25.441195386239908 -7.160638359832876 6.385841731651594 25.69804627754599 
-9.041297009704463 5.6398846837596635 26.872347854259075 -8.222332068175627 5.17064041036826 27.235621888569714 -7.109764784715726 4.831492187853664 27.37939601192166 -6.019777712337112 5.1430240573251185 27.269570685528606 -5.1349683280466785 5.4111182035394645 27.093254975334442 -6.979570697093065 3.8151750582089883 25.72578791788721 -5.636620246591646 4.163402974002308 25.498908952705158 -4.848762507089323 4.504883197107792 25.286785602021858 -4.28912803046953 4.747906134882704 25.038435681639925 -7.104830644508443 4.2168389459945335 24.89114901435172 -5.686874542943083 5.295972860954342 25.185059974367476 -6.190413197930793 5.68693619666719 25.91580091254554 -6.7017245096112426 5.597761553536749 26.223853702141312 -7.302988486717413 4.819721151587808 24.49899126588428 -6.012872790384182 5.872072923308263 24.960062933294097 -6.59875227961546 6.149906097950116 25.744522048869975 -7.083211957542969 6.005474815778358 26.042577814345826 -7.519053276404838 5.493340313477536 24.366739606458594 -6.407364948775684 6.247527286216672 24.759315854408126 -6.768489200792818 6.517027287702378 25.442154359837172 -7.186210548422694 6.437721520206908 25.735090863269896 
-9.01427163210575 5.663708247353174 26.908262386869325 -8.267010229602018 5.211601352048233 27.406594084327576 -7.202442287470507 4.813153868043853 27.627017778848074 -6.1448355546851365 5.053166325709411 27.594599174422044 -5.2951468940705855 5.354923241076102 27.483276663837323 -7.0433980581633895 3.8442445058683075 25.93872831405561 -5.6875120077324475 4.177185062121579 25.744738604334795 -4.925070539088118 4.459643286136281 25.61140233517692 -4.384160525672764 4.642517084901279 25.445360105215883 -7.157460273642197 4.226894029821526 25.05356663185271 -5.726317337275365 5.335763297288233 25.482783586024947 -6.258248820651454 5.771678320398196 26.344445624095613 -6.832745979444968 5.717748844780848 26.790972531416724 -7.321776434945364 4.815929618252289 24.60546251979937 -6.082457724043928 5.880895031758163 25.205398007189547 -6.67811469523429 6.206103343149075 26.047744230690586 -7.171284463248997 6.075488133210015 26.38662957120864 -7.520840215504059 5.478796924036681 24.446109350045607 -6.421126577701191 6.224586540681478 24.857703686094215 -6.803603340571008 6.4995240984433424 25.567355989174253 -7.230348233495027 6.427784696670468 25.913784808778676 
-9.01680022836546 5.616054180483601 26.872841348180273 -8.28399036108717 5.149563811370411 27.403743155201706 -7.196815419997725 4.753997471866186 27.63246723046015 -6.13273828019013 4.993700813675546 27.55608641644803 -5.230118987739769 5.29373935691064 27.346021975096733 -7.061002854466873 3.8440573088307985 25.992837897456948 -5.74461903547224 4.113622206202341 25.875522261864035 -5.005161522402282 4.399297077300844 25.84016673399961 -4.453501855123612 4.592022291805095 25.6583587228565 -7.149529593208316 4.224043758200787 25.066266498826135 -5.7728769881106725 5.272379484924852 25.533410325461517 -6.29798231404905 5.706713059343884 26.384957926366024 -6.856812939146409 5.65905871464048 26.75113542707841 -7.327033531205501 4.825014603086991 24.62871530961458 -6.125972801421973 5.843261799848867 25.273472867461944 -6.70633744711 6.163987097065118 26.064729033607076 -7.168386879015704 6.0004265266384165 26.296669224682674 -7.526369289581802 5.488523244188268 24.469543656026623 -6.468030933084374 6.224748578769091 24.93713631710603 -6.8433255861979685 6.500403341271071 25.63834480103366 -7.245085071038031 6.4057548295132865 25.905469223220255 
-9.044798419094706 5.647562597301035 26.86886573435066 -8.406920165594276 5.153094332227143 27.475913575453294 -7.424344674456858 4.72740945156128 27.785037085647293 -6.394275508313716 4.954381633751776 27.66493765246956 -5.591442867451899 5.3431896887732835 27.42742920347046 -7.175845735284112 3.769046860666173 26.06929141465955 -5.8081615342898685 3.979743960713385 25.93792357529933 -5.005890102936531 4.275295371566351 26.007900521531802 -4.41186437704059 4.4450769662167104 25.90158430994224 -7.223132710935403 4.136267238112706 25.14081109217781 -5.839601351309526 5.104380787586628 25.621898904860146 -6.334572992312024 5.618728516179928 26.46870507477711 -6.842658166140916 5.6038470629985335 26.773484085719573 -7.330309530558131 4.717352825210842 24.679615961912223 -6.097698029474345 5.682381635672068 25.317845725012955 -6.668071397765906 6.0738998207908415 26.110056782171164 -7.131305000820955 5.9484682063043355 26.333630188771203 -7.439329878945584 5.359079783645147 24.45497067799992 -6.359403789534796 6.0254413957907405 24.94619722703473 -6.726591512258216 6.375761658354053 25.639304470279367 -7.122261119688214 6.340236479776629 25.917222238781406 
-9.093280901582915 5.5637596374387215 26.677096045071465 -8.459174624549219 5.078785781874733 27.300108052634705 -7.485542042215562 4.696220777621305 27.669056276452213 -6.454623525206693 4.895792849099035 27.656600472574564 -5.6665563571089725 5.242479305126607 27.353536936139477 -7.18701395994104 3.7487669087061835 26.124287097334534 -5.8712956957229 3.9959072007887166 26.199813776474553 -5.0674036661477775 4.316397776426306 26.290093723654415 -4.451083729404647 4.522957205904644 26.2131654822271 -7.260280257664877 4.104628500783093 25.227781128783963 -5.786675735298455 5.075997600078759 25.760685414651807 -6.279202730080754 5.571209553038693 26.503917004350853 -6.820367772259654 5.56251838586994 26.815987619888404 -7.364946994013846 4.68572760554267 24.742612973083038 -6.106579516407556 5.663103322858918 25.420695139612793 -6.644807611675227 6.00324940508087 26.112843536007524 -7.1207578530977464 5.841380025774937 26.295276652151905 -7.480207071543422 5.335718439430697 24.482081662785436 -6.4224903792222054 6.04609249711304 25.007373891304663 -6.761429332245019 6.352909780453566 25.62308527991917 -7.185100398602603 6.280066287159939 25.88889461972101 
-9.118799856168781 5.5508907612231795 26.614325675748802 -8.4653445514016 5.063522445191305 27.21277574544674 -7.5323982102748825 4.703112527743904 27.59663346443754 -6.558050430547864 4.9158387046044085 27.65134072297287 -5.747084950811233 5.265436206671184 27.3796748699117 -7.210282994272741 3.7549981088667344 26.11706708122974 -5.828973932937474 4.038230473699753 26.206661864094958 -5.045049138136998 4.353510211068634 26.336082960568458 -4.446899384491299 4.512598777238841 26.279155562707874 -7.260280257664877 4.104628500783093 25.227781128783963 -5.816133876115918 5.084393475081904 25.794188177102807 -6.339296766351335 5.628583015753878 26.648809536585585 -6.862194209743963 5.602492624148099 26.962870083361473 -7.360542164354702 4.692400441722235 24.72573804357935 -6.113461300412151 5.655497764470635 25.432040836041427 -6.6881755259328735 6.052600067185234 26.228777567560986 -7.16486113585624 5.889292169987357 26.445177716806544 -7.462909898377461 5.315710764212082 24.41806930385318 -6.4032152907772115 6.041214450786258 24.985239858295234 -6.758716658906603 6.370860822910892 25.63584198234844 -7.20106135236535 6.317461310421904 25.908497777628742 
-9.127965322839689 5.51561987333002 26.5724282296893 -8.431825961593349 5.026622929937588 27.153969756218313 -7.506739463899189 4.729001307913081 27.593457224727448 -6.54647756283987 4.986683204181443 27.651778740000175 -5.748477847302389 5.363570495645763 27.376540885588852 -7.154745576366991 3.7904612993598334 26.116036152938978 -5.800289616196602 4.126940298436585 26.241661272019787 -5.016251797742575 4.433259811907877 26.342236607186308 -4.396041754737088 4.561294275520104 26.277731529677094 -7.240991959055101 4.1456608914461865 25.255555559210304 -5.804120134862082 5.154545444873796 25.84467735169989 -6.333570940004806 5.669747883016896 26.651291288710475 -6.8531372694694594 5.625463406401655 26.9332903089092 -7.341078081309241 4.71794840498773 24.74700792616093 -6.112097919092878 5.720901874711353 25.46436113813714 -6.67915687909145 6.0746182696278055 26.19987430001976 -7.151386925641755 5.892394712666908 26.3838229693256 -7.443998996444067 5.341604110038066 24.439524803806684 -6.404912272504798 6.089456546151205 25.005017540036246 -6.76142478028329 6.395011548271082 25.643352937079015 -7.195499861364037 6.332814113429148 25.89718292758487 
-9.090979772395373 5.479004141466116 26.52070404525787 -8.400069387474984 5.0217421892148595 27.144451879640936 -7.47199509219947 4.7495409984748 27.572570015284775 -6.523192217415171 5.0173495609197 27.67590299157114 -5.719553290720771 5.344240763585953 27.38241129772836 -7.0517473688036105 3.7732541995894837 26.109231538954855 -5.723631656640665 4.200933021641373 26.265458622598878 -4.964434294990559 4.530054153124644 26.365649501110816 -4.367254581466798 4.688470721198383 26.307798687264203 -7.118811768246647 4.111129593987727 25.22848506193277 -5.7568831670266665 5.1867931980641595 25.832699371150113 -6.305307074591369 5.724057213839463 26.669730178719664 -6.802854939977321 5.681538888751668 26.95978614151067 -7.24250934715331 4.673203932522951 24.708195735685592 -6.0944320723005365 5.745716711606435 25.479465675947345 -6.667804991314831 6.118214617520969 26.24110698729642 -7.128801714590347 5.934771665857398 26.44477536981625 -7.387379057211474 5.305675579316746 24.415295222772762 -6.379128921679625 6.073383422502501 24.98927456059912 -6.7373686865465325 6.402382271273823 25.634026648720237 -7.138076050763703 6.349573790586061 25.921406879574143 
-9.06798450632475 5.51977624153889 26.523510487682792 -8.416757247091308 5.088270207651077 27.252145964023686 -7.512433247011535 4.818204911758797 27.72468796853584 -6.538225206965372 5.078820759904223 27.73952258434311 -5.728704294625753 5.4306675530624835 27.385188800575023 -7.0711197720229 3.856534327575822 26.261559997682827 -5.725924595390328 4.284113218231623 26.42419145044442 -4.926672713784813 4.70048530807457 26.51325756813423 -4.292528882555701 4.934632445443215 26.43787790566093 -7.150912432321675 4.164895392741078 25.339667333419232 -5.749329097522499 5.198081605748732 25.872072614448857 -6.246472209549307 5.7141623110223305 26.595189342291913 -6.718615530087561 5.684792190421182 26.87146839960817 -7.256090088217619 4.717063441287419 24.789991699757778 -6.089354424880686 5.7553568723112445 25.49105692328279 -6.6037009531839415 6.10294164998986 26.1198506858205 -7.047234590647533 5.93578270980775 26.29690797161959 -7.381849188603288 5.323026726263777 24.463036515395178 -6.374857609273644 6.099494639478373 25.007572567618435 -6.714578429683361 6.41500613828809 25.62355248029051 -7.106612361330976 6.353388694623939 25.89167225996399 
-9.045109501167234 5.391786314920476 26.349790760622966 -8.40104594043068 5.020571637959452 27.174948958852333 -7.473745750832077 4.84515334767671 27.74324392925019 -6.478467574270022 5.1371964320763945 27.776359760430026 -5.626274427216732 5.452297426650167 27.33388755635741 -6.995975137771863 3.8318520263015325 26.203941619673568 -5.69692831255457 4.396003988862189 26.42162072210644 -4.907244799801346 4.8168818653446595 26.548110680869694 -4.30181709271139 5.030787599073663 26.472583474525596 -7.078549577801116 4.166258532102108 25.32684522987892 -5.768580734304541 5.2362165250389525 25.888103088262852 -6.248965249929613 5.767376589407561 26.61905842248033 -6.705599334180746 5.717702809740593 26.882415873429064 -7.1974394976961 4.7142309352379534 24.78302121017935 -6.08856400314013 5.7667062916604355 25.49912440374078 -6.618242275771642 6.129840690333784 26.164255208597467 -7.041645219662314 5.963887105445922 26.35015565302243 -7.336774483892161 5.307643250953596 24.455053214778484 -6.380176426248389 6.106902939134564 25.05521909080946 -6.713151011259067 6.430547025100849 25.661283437733054 -7.095391719164722 6.380427203751616 25.926005599687162 
-9.051623266279623 5.473938963948885 26.458415762341286 -8.411194548728771 5.077191373031219 27.255797405390997 -7.501089227554026 4.832753433199182 27.78175166003285 -6.506258901018106 5.090653970425754 27.79325607639715 -5.675562481062956 5.4215150039254105 27.32686878228901 -7.005787905256613 3.826674800211481 26.185206201282874 -5.688631128346167 4.387439716580159 26.380105007619512 -4.917801347531604 4.836832609856909 26.566218084592386 -4.305914571823939 5.063790724008397 26.525669845010516 -7.080523005241067 4.14953354695371 25.314890592082552 -5.7561175630934525 5.224228539431391 25.876585110366634 -6.2622297800584 5.737920579124354 26.61053521013682 -6.758912129236796 5.663855781498957 26.908780350895977 -7.204492608784928 4.706224721860244 24.794418862044093 -6.096978539520408 5.750537326560802 25.504413108060152 -6.621556337149967 6.105654507827789 26.119700892557503 -7.035162814717953 5.913944110597273 26.27824580228858 -7.356561622476104 5.311776715825715 24.47671125126486 -6.385831789001955 6.108145380762248 25.072580007703223 -6.722606040492489 6.424031314984911 25.642119517109347 -7.100315682670301 6.35197388278991 25.873295349372903 
-9.041416649093488 5.48250889595052 26.48556505613907 -8.394192328271213 5.091997483125299 27.26331952130742 -7.494768335376392 4.85831458460607 27.776464103094977 -6.4915595590199615 5.132815556870764 27.78200683538784 -5.658844191731069 5.452822616597125 27.3645956286657 -7.004763110949501 3.83503913343289 26.1913341010168 -5.693549217342083 4.387611402700364 26.39782786440428 -4.917801347531604 4.836832609856909 26.566218084592386 -4.301485652683063 5.074274912430677 26.49103693038587 -7.079537208858468 4.157894538260337 25.320865386286417 -5.751056297609743 5.223551848707537 25.859072036082928 -6.277660191584853 5.716360853840193 26.602851190660793 -6.746230726808727 5.645075352313617 26.86361213288433 -7.203519811286391 4.714711001827747 24.80038078980415 -6.093954511839448 5.7677227473689445 25.516622652721093 -6.639201973073115 6.109385679227804 26.17463707156608 -7.068330378852678 5.921245864754084 26.339775012260937 -7.3348305204677136 5.314722725306581 24.49121917205783 -6.391492035708157 6.109389076661969 25.089957298671592 -6.739927506987762 6.411763879148085 25.689275489383 -7.112429692390194 6.344596773732512 25.934975414091337 
-9.038023753238582 5.556408632808822 26.574499893005566 -8.412645941856596 5.1518299704626385 27.330862683879158 -7.498632762861567 4.8802960819917 27.782394991986575 -6.518649932564008 5.141076794782123 27.801060930033515 -5.688687374528548 5.460739254387511 27.377780127659573 -6.991954374304275 3.8410184974184 26.215342720580235 -5.703397404891801 4.387955254640049 26.43332158042 -4.911505538573946 4.844611600626818 26.554731004416418 -4.2915377903624226 5.097319491525742 26.469490284891023 -7.083591075027186 4.150713788613015 25.33780670892774 -5.752948456586561 5.241024892560309 25.888667848137445 -6.263744012271667 5.729149364907939 26.604138496279766 -6.733519501195193 5.649139380058505 26.85838802504426 -7.2017024971635255 4.707529693641238 24.799847984770278 -6.0785704000659075 5.772625368496708 25.517535973869997 -6.6248237263628615 6.105486821394976 26.169035452982257 -7.057057893307197 5.916160863461949 26.328311550837 -7.341247683127523 5.301386568966891 24.471895733850037 -6.3824117409357966 6.109460592427333 25.078196636155248 -6.7198499322088425 6.40641984860515 25.665976419365744 -7.095081008945043 6.337810890602812 25.905257703461775 
-9.049201147730267 5.438224353875141 26.477258032863695 -8.430596339033572 5.056455103818271 27.273283641824065 -7.51246712232906 4.846257447297849 27.800791102071997 -6.518649932564008 5.141076794782123 27.801060930033515 -5.683586467270801 5.459970713674469 27.35914131267737 -7.009580098017261 3.8433282935086486 26.215655849489735 -5.696629018977001 4.371184956097776 26.385742178542223 -4.905380745028035 4.825031959073594 26.554125837344927 -4.299815696868489 5.07136257374997 26.514381924483338 -7.085456753765638 4.158029819512283 25.33848524008619 -5.749682220863957 5.222120029267363 25.836306123212182 -6.246784887118727 5.759481107319311 26.61821915540913 -6.722060058173348 5.706695289269849 26.905663093244485 -7.224318992910851 4.709863458216351 24.81640065662499 -6.079802122183897 5.753389059455091 25.482379856039675 -6.624121446638375 6.1310967707529676 26.18258607609528 -7.0603697034715385 5.961156022681571 26.37379607545865 -7.363810677347771 5.303966657248484 24.48800665051942 -6.381603225647196 6.098187258472989 25.049107034053268 -6.717091992562559 6.424389588376042 25.678746878677075 -7.0976164698766055 6.366541116339735 25.943229690796553 
-9.054669565232723 5.486288076097687 26.53124852891641 -8.419870136864787 5.0662780534023275 27.266135280468596 -7.505428514943781 4.823162439040465 27.738959485454583 -6.529415811010753 5.092620756779849 27.759821948936366 -5.7064762085473815 5.430631279208768 27.364001965292633 -7.009580098017261 3.8433282935086486 26.215655849489735 -5.695122411627454 4.351695498824341 26.403271690671026 -4.913021285846969 4.83579646854383 26.526147001940533 -4.273831031480756 5.09244182028614 26.424187379842504 -7.0864414528164374 4.149665072803546 25.332505934956412 -5.7425296844813305 5.21381771904242 25.81807223472937 -6.248962096989244 5.728066368258676 26.572905937431827 -6.719985995817505 5.675877725917737 26.864904022113723 -7.210577218451094 4.70670148021776 24.811790392678734 -6.069336323902285 5.762006873053241 25.476471408726013 -6.609564083071196 6.104179413526081 26.138134276496157 -7.042130603420104 5.909729292986565 26.32053651568695 -7.342071793875044 5.3069155570415205 24.50251454330327 -6.3589203832261525 6.094568529057161 25.032525727107185 -6.70446702454134 6.404945700184814 25.635760351796637 -7.096559028382981 6.3432309642662785 25.90409377150179 
-9.050808850541605 5.569733345745555 26.62731185828125 -8.413718708722618 5.128710882829568 27.34816591189193 -7.508745875529167 4.850615839919777 27.779017208255297 -6.549117494446195 5.105859518153733 27.7925729116024 -5.717295671814281 5.422257468634916 27.37083797496745 -7.022306522709273 3.834793496695248 26.245937492252427 -5.711401715300796 4.371679239445477 26.438980481660824 -4.921876468232901 4.836555687619724 26.561154155821104 -4.302127631740189 5.073036587760676 26.446798208797013 -7.090272528954297 4.140253715248628 25.32124352169197 -5.770493503797032 5.2537206488215755 25.917758842653505 -6.270655506913959 5.76814088677973 26.690708281593707 -6.746902843720028 5.698604239818928 26.97249874388022 -7.209220104502195 4.687958100874645 24.777099749109194 -6.075524449161778 5.789819082561279 25.529763830030255 -6.6347334566005145 6.137213080668751 26.24915627865709 -7.077725612733286 5.951514726167326 26.453019642940678 -7.333274804096252 5.295020507115707 24.456398267768968 -6.3589203832261525 6.094568529057161 25.032525727107185 -6.717091992562559 6.424389588376042 25.678746878677075 -7.095582535407693 6.358881896754851 25.94263123710501 
-9.008067614191246 5.539656631734429 26.5563259919978 -8.366753421104763 5.095929685987087 27.283675541855406 -7.450358711352332 4.800126714779335 27.72546542324109 -6.448348365481407 4.995629153076735 27.745132609812636 -5.5297658537776 5.223832806618952 27.27957312403477 -7.054603245447915 3.8199558039189183 26.213102067135658 -5.727652156526818 4.294878644885926 26.377782250396127 -4.924520694259009 4.696097504762337 26.49208598356562 -4.331803320156302 4.8958404526724655 26.46214509860793 -7.151936414874719 4.132448504579198 25.321025294709372 -5.765432557837855 5.196492165583327 25.87373037351181 -6.252990817069204 5.7771675708413435 26.64389814356079 -6.769736216032119 5.766300211706162 26.97246099473566 -7.270857296916745 4.687551587922664 24.776158172367396 -6.118546133764202 5.73527028593493 25.512897035267457 -6.624121446638375 6.1310967707529676 26.18258607609528 -7.082068835034153 5.9830342733263056 26.405488219467028 -7.396408862100082 5.293198012189188 24.448994451161933 -6.405743742886281 6.06596121280237 25.04508830656222 -6.727930682737119 6.408893789964093 25.653192392455583 -7.1069121163803635 6.359942662899277 25.923681226560102 
-9.028159524121488 5.601108439564717 26.623254156683608 -8.337620367908572 5.1642183662621495 27.24697351384923 -7.376028056578485 4.805129948607035 27.640107306061125 -6.374702885346756 5.004662142721865 27.7747595890023 -5.4123832242451515 5.27136894160856 27.532301865527405 -7.029252135486181 3.8086766522737445 26.165030315892864 -5.729908516911706 4.321516638279222 26.33837065491983 -4.9262356347403315 4.673599096279594 26.388080803758395 -4.324033354343982 4.82388980194151 26.24478198374365 -7.139044126751423 4.140566120764913 25.291741632059274 -5.758148500596393 5.176414834681552 25.729098605689103 -6.234092278054783 5.704338073122317 26.43035972609769 -6.725597825068359 5.686681499730183 26.672277443727484 -7.2713683238367 4.698241373520754 24.75194254618011 -6.100163953196745 5.719599798623349 25.408532612597952 -6.591732790258104 6.091877186171318 26.05500314177396 -7.039005785822303 5.931092919539086 26.22591196174427 -7.427881866198317 5.303719117744654 24.45035810560207 -6.403483627308897 6.0621120897362175 24.969416959670674 -6.7002299649448736 6.395101652495718 25.558668257564076 -7.055081537913408 6.328721468331031 25.772838271872594 
-9.025264084196227 5.673916851754779 26.71073840720046 -8.266687629990956 5.180839370203792 27.224749475697767 -7.303162078501247 4.776402907222568 27.592857802903705 -6.291935658710772 4.927870977128575 27.71752660373995 -5.356531591959974 5.185681641646725 27.61183167733857 -7.050655295231873 3.7857105703775957 26.089823442182517 -5.72798059703153 4.250131078909274 26.13475199075803 -4.912289605756925 4.624958194341886 26.154644163258926 -4.299677504847073 4.821181319826587 25.99119385621292 -7.156480578614205 4.109581697076982 25.21685763702305 -5.7236683587453685 5.066207051092553 25.534071833885893 -6.216213968855684 5.590660804345366 26.27034220463571 -6.7402260780320145 5.574218460255856 26.56203075522352 -7.3094573005899335 4.679905447332534 24.727921210878147 -6.0880684665847715 5.642595570938184 25.265891844599718 -6.5922624113033015 6.0197596932521895 25.9098211874529 -7.042101564669218 5.8626876141042175 26.07082267137521 -7.466668667400835 5.3064388930149295 24.46303433780709 -6.392431639212058 6.01763840906156 24.86317673820789 -6.682468277758492 6.342443340021556 25.453740605853678 -7.0470194141499745 6.28752123644967 25.708763239340474 
-8.910589567802413 5.69221020653281 26.643187357837043 -8.157613216694832 5.202971604060454 27.146765520054842 -7.209301601709566 4.816779748537646 27.50179622126188 -6.219678237591459 4.969394914579493 27.628583850802364 -5.376287979714151 5.247776742880375 27.739545158017425 -7.035972901752675 3.765137417450287 25.99189522789769 -5.68988363532846 4.216788428336998 25.95390146843256 -4.883969137715655 4.617171068466475 25.961359057830848 -4.28364310504631 4.839981905359593 25.825235050214033 -7.161551319698456 4.106852695749037 25.15045486969394 -5.687283510047485 5.014810587591765 25.394134524691314 -6.156347654984503 5.5691007327971205 26.14447084924826 -6.694247851328646 5.622697319129634 26.52280657995071 -7.320203322497733 4.667797703799321 24.673043894995857 -6.0642163947480725 5.58331419024629 25.12446056999742 -6.542986575677126 6.009752090385064 25.850497405177926 -7.011524366955511 5.935625719587722 26.130552379218482 -7.454853236960798 5.296046656820862 24.42239488463306 -6.3813922579076365 5.973407634164897 24.757478413197134 -6.652155198199033 6.325524896781843 25.388941157925206 -7.028129475528096 6.315516192052171 25.699330026977567 
-8.804401636227432 5.6564638710432575 26.596222787638165 -7.98307870273103 5.224043799096673 27.09174748188546 -7.044628035033734 4.864431735162436 27.442009167595344 -6.1312402885436175 5.01005794899421 27.616148133810967 -5.4244256889418585 5.250805880936933 27.85144422346656 -7.002296933354788 3.6857733817870932 25.949722583497714 -5.688526805384784 4.071957537101178 25.836752223575644 -4.909822887786246 4.497905914796028 25.871527744389724 -4.356891667074115 4.783256570421869 25.814122274587923 -7.20482627731772 4.020368070799212 25.140203298174754 -5.6264707074550655 4.835341905127886 25.301518843858133 -5.97006095030193 5.457128247449953 26.040242755624504 -6.482140401006439 5.596999241145479 26.46597785747031 -7.387794116420064 4.582989417980936 24.673646155332374 -6.0471851677203805 5.4551322585996935 25.063828161612275 -6.432092054801902 5.936562663983001 25.754970601466916 -6.927631152646591 5.915125572147357 26.12153749162851 -7.533587754792018 5.207676679976297 24.4263691694159 -6.399778592756817 5.852501768213627 24.718769601163995 -6.520147225017261 6.2360124641107975 25.32832485470552 -6.808207557664495 6.2551869307998915 25.633790726100884 
-8.830570118078432 5.885609961366929 26.96172879874809 -8.0037011940449 5.457273953010876 27.44194821882105 -7.090208211065892 4.952112363280518 27.792173384900504 -6.150003349495267 4.923989444984205 27.783509533225526 -5.398506027420282 5.009231528300631 27.89174450982923 -7.136826311512807 3.509422384779321 26.21790844409873 -5.817344608394072 3.6997823038715465 25.839539311567158 -5.045635702529781 4.1390013271110195 25.873125623863903 -4.5427506970419325 4.420925428322789 25.88205129633505 -7.341164780040234 3.833144983339157 25.39477613069697 -5.752504686790974 4.385953107950945 25.22665053488907 -6.031612660786806 5.136830349132033 25.95121466882087 -6.50685409222129 5.366487665146283 26.395486216995167 -7.507597971410128 4.3927589579524975 24.871901923967016 -6.143090311935912 5.050380384716673 24.90883612299846 -6.532414820217728 5.640093783099747 25.692499134783642 -7.035879519086343 5.7267597517469 26.18198780331308 -7.6149624694018625 5.0166140274368685 24.554787127078907 -6.435122792841678 5.483286140545973 24.500358455547758 -6.592388759181533 5.925414805105024 25.171429396415498 -6.928619573396165 6.002480586734041 25.607328449981207 
-8.75594010969459 5.752982859627884 26.9964051799431 -7.85798681321364 5.305977153451082 27.453232374195125 -6.999924279282443 4.820591277465972 27.80257034780886 -6.101335349224352 4.798931919601893 27.84026978320538 -5.245478075329454 4.904257819683244 27.815106734454247 -7.179779834700102 3.3997683995505588 26.284055874821583 -5.84647614845536 3.526953231416911 25.761835353597576 -5.112549129772888 3.9930387883738314 25.898893812689245 -4.669039404901015 4.278641490309879 25.98624358474283 -7.3984326578915605 3.7614785732008422 25.483359037014413 -5.759977764808407 4.237375863177855 25.216155917969274 -5.947768610318293 5.020496933250879 25.970672177504365 -6.394073848644041 5.29863975780697 26.458717811555605 -7.573706772010935 4.331102832698001 24.97757630088358 -6.150372182804118 4.925814705834356 24.911370302675508 -6.52695786268874 5.562589556499477 25.79478008356583 -7.082058476556389 5.694542994715325 26.371281781910742 -7.671719951286495 4.944243899049201 24.643809861420795 -6.433297235615331 5.350330107823484 24.51563938847668 -6.516954447383278 5.807948676712578 25.18815109408166 -6.851756901473379 5.916542296158895 25.670004964683514 
-8.399799622735841 5.689078808577687 27.04448190950013 -7.454143297089274 5.167488937249156 27.4470133117519 -6.800162883423223 4.638785692603569 27.86190802014445 -6.003830318729372 4.581539776955504 27.911743502352675 -5.15680848520364 4.638709180908553 27.818874705507042 -7.14483929358007 3.1389437786771093 26.367365295226513 -5.844277336236876 3.1761644108773655 25.7855962005998 -5.08734423956894 3.6407167664145357 25.879570269772927 -4.678647200638141 3.961733534640565 25.98094873806206 -7.367521248993155 3.4932431232145427 25.56362846786678 -5.741704345288074 3.8098556820574014 25.203499659494714 -5.846225602578962 4.603730042489814 25.914691293542123 -6.253397769493531 4.9016760405995905 26.391357684740107 -7.472774916441364 4.076225441457002 25.027135047333616 -6.006237195065157 4.500974660879701 24.83421882455991 -6.245609748855854 5.1839440273158885 25.662674827576414 -6.806470298433782 5.3766249090050655 26.297575454408598 -7.475280764706516 4.671964872446684 24.670992976262905 -6.226675346854697 4.954365023933493 24.39212170781114 -6.221602286949265 5.437916874081481 25.028619061616784 -6.550975675989326 5.583967533287332 25.546572303122282 
-8.30538707029946 5.93373225303602 27.10173400082943 -7.328677017812923 5.354945290039262 27.5472430910758 -6.620390582208357 4.773171336549279 27.976408959252478 -5.707326770492883 4.692753985309519 27.905070019176247 -4.817586101806184 4.795502302194886 27.79156711274364 -7.050904942813402 3.3695855428322288 26.5051977839169 -5.814411405751373 3.2352378145943805 25.809110615663016 -5.063677019175355 3.742177357385542 25.958271144568403 -4.689769646515411 4.092820307119505 26.06917540532274 -7.3295186231654315 3.720749307896384 25.72505870934524 -5.783578864153639 3.879415128922869 25.222423903049915 -5.712110454564193 4.651726128465979 25.864327964217697 -6.034558355188375 4.963471288905429 26.28782838804163 -7.461855425743401 4.301894391000673 25.167681843276256 -6.096220206466215 4.579812804360436 24.87780058940111 -6.157856601712483 5.256587906293685 25.631121246256622 -6.666874806556026 5.480671064698399 26.194572894945928 -7.476166367004955 4.883619338329206 24.779964134002665 -6.257944515594601 5.125611834991235 24.47133616215262 -6.204722443985492 5.57990761514042 25.072876103834783 -6.596007755965925 5.722009791781553 25.539626974566527 
-8.493050257986924 5.8731475890574405 27.141844753588497 -7.477696440423917 5.343114100528847 27.59558550219091 -6.698190336363582 4.835153105008837 28.063205194847452 -5.722655903597633 4.846565273599398 27.938065220839356 -4.796439623927806 5.008396831473037 27.75566984326239 -7.025149362737505 3.4504168594810336 26.506580873820035 -5.7129420919904135 3.4234340490424247 25.779887495498496 -4.980724787950128 3.9081395262307814 25.91773838315262 -4.636624703970148 4.245469300768682 26.030215960205357 -7.313369040028398 3.8189234393391014 25.720392355570308 -5.734317260035011 3.99701776112021 25.20644112842545 -5.674174009813381 4.755627196905129 25.871021882986355 -6.005414730851358 5.047804013818849 26.3461174694302 -7.44899116212273 4.376053129018605 25.17301491510101 -6.064515725672926 4.691378811511946 24.85603935911385 -6.173542744660963 5.354727841164107 25.65402713518253 -6.6922603700278644 5.558959328089097 26.247685062599956 -7.474362010876768 4.961974853286055 24.795164983595182 -6.253851509752426 5.250100180216767 24.510081367218103 -6.25508136665894 5.703168134143677 25.15089297755499 -6.655785147960018 5.799031998839597 25.612576935398327 
-8.541994881634755 5.868790532616031 27.078182468506995 -7.5088046279970255 5.347998307769883 27.577229199485288 -6.72667154249725 4.878553617158816 28.04565528023622 -5.773852926169989 4.942844646054124 27.893793521494818 -4.902735262332287 5.129525880179157 27.776906604630167 -6.964335671339343 3.5055151205586257 26.439166015532344 -5.644005924419364 3.5654858076267915 25.707215063399328 -4.923557757870495 4.099112768207436 25.880189737817123 -4.596788976833716 4.421221388284221 26.01030181861531 -7.2581826998069605 3.870165746987295 25.64441101778638 -5.6691599025047 4.146589241896019 25.15990603494566 -5.7157282888827465 4.904506548459883 25.85790014895309 -6.12731266633927 5.140733982042176 26.338188677438836 -7.421301417683637 4.444317355245401 25.14492987436841 -6.0679646157860185 4.807592421147508 24.80847183779778 -6.213485906294325 5.462376662738215 25.619099684415335 -6.775274443133364 5.616075247237491 26.22455830835702 -7.459536431141848 5.005804618366277 24.78954714600711 -6.294416269826185 5.348492941824926 24.491821676108454 -6.303535877614988 5.799808746729885 25.120367486691574 -6.695871031503657 5.892332001828821 25.59254294338906 
-8.564512266497006 5.815958852235466 27.07003152541662 -7.612740651210222 5.338613934810787 27.61081136827579 -6.959795006540641 4.956509087990136 28.137167884718814 -6.123052464227314 5.109854276177706 28.022844133742314 -5.38400835550354 5.357761047033806 28.006407355645287 -6.916679249209979 3.48982001238545 26.368997771448534 -5.573857203862369 3.700666257586587 25.704553401905514 -4.8515087846000515 4.241729022884955 25.904776239194895 -4.476331843479807 4.545605238840277 25.999621927271694 -7.191672370773073 3.8391432233311744 25.573238147411466 -5.638337531511843 4.258325307207385 25.1383200494369 -5.728305787263068 5.006203221569666 25.862327472681066 -6.1133536595835105 5.235098175377715 26.30293825631317 -7.367594860681307 4.421087564825415 25.05815198397815 -6.010690870321143 4.904127149244032 24.77153460365001 -6.198143457928118 5.532760188325415 25.599470441835972 -6.734771948620671 5.668007797011902 26.17894110702888 -7.393170869359617 4.993455231473839 24.70595293866111 -6.251950519518176 5.394393017923176 24.45716762420849 -6.2974369073691 5.858074770383468 25.104631870949014 -6.684280266739792 5.945520220353972 25.581729041037697 
-8.491617697707191 5.846218384932271 27.195048094255938 -7.588602112985153 5.395864470728563 27.774437843923575 -6.881059054625315 5.022552737903175 28.205436761986018 -6.009130315580845 5.173041878181234 28.027346680665893 -5.350820720027247 5.410917742642228 27.97438336061205 -6.93510950546768 3.5417350465995225 26.505412349773646 -5.588277975319389 3.8192215840641546 26.026989204585878 -4.867292343204223 4.390095168687545 26.2210324914296 -4.469524783692816 4.74007296699561 26.333716634366514 -7.214204743339033 3.8756017445335336 25.694841055573832 -5.6305209956735345 4.28500699852366 25.35144255525103 -5.733387073698924 5.043207001204526 26.042167460508484 -6.1462654204386205 5.316988491971207 26.471370512827622 -7.37587467403554 4.449467727503534 25.17312640962693 -5.973479290281895 4.912799957023575 24.931714637492313 -6.203792701990509 5.565133205362497 25.75794065459737 -6.758005897620764 5.731406606499175 26.363277858871434 -7.390510291334821 5.028021949719141 24.816224913555352 -6.178713217066324 5.396318091154299 24.55385376723892 -6.2764327264969095 5.874599110427341 25.222669669821695 -6.696465252130023 6.004502231287166 25.697008541764582 
-8.41437108962849 5.929974543711224 27.19124045302867 -7.502520461031786 5.461202391181987 27.740815596614393 -6.79827836716112 5.030033939040965 28.19030606811756 -5.931035160532606 5.146007132207925 28.015467045031972 -5.149679850018042 5.35867331309187 27.911458488436352 -6.80995064155032 3.5258134476932965 26.446978415780787 -5.561434145188867 3.8548100202656173 26.010589254133844 -4.843765784062931 4.429741786537086 26.20274291713224 -4.446334825218728 4.7638987900624725 26.308609076840423 -7.106985394199336 3.8205760139462543 25.62431181486024 -5.586314571024024 4.234079575053211 25.31996882821413 -5.70530784204848 4.992373347411508 26.008965674817855 -6.138617871044418 5.260737655550873 26.45459130641347 -7.283540956547964 4.381230270284641 25.104107281873315 -5.935527107181595 4.887559262871874 24.95283152833492 -6.144754567574356 5.520962196126837 25.751480081783047 -6.709412746983551 5.687802002514095 26.33740856940997 -7.320595888125043 4.964613148347289 24.741012099983365 -6.137573863886129 5.384135762789544 24.589252109765106 -6.220126127641495 5.863398693933555 25.231170684514723 -6.677991359968873 5.991678305525139 25.721796929149605 
-8.371037341806545 5.911588908923026 27.164139459074647 -7.387477013854223 5.430007235238557 27.67254132225795 -6.657344425429377 4.969382333605913 28.11201121540672 -5.7543027228435575 5.05442190616231 27.97420404612527 -4.842628591364962 5.22321514136689 27.77423102964916 -6.846511224885873 3.5118237432219384 26.518666513436397 -5.637833469402846 3.860000369911344 26.146322960105618 -4.898798546057579 4.421249803838981 26.284746354666158 -4.504806415707272 4.755218744036081 26.38200637859381 -7.1681350479175965 3.7830956974777 25.69610425342146 -5.685276741199122 4.224134186435932 25.43249583041396 -5.775529359937803 5.0165857837597425 26.090254181508595 -6.189763607345183 5.32894949514697 26.567011389129153 -7.354268819357391 4.355782139488334 25.162346029295396 -6.045688179165415 4.854701111031365 25.01010882711763 -6.219813925824276 5.518176348380981 25.811688106936632 -6.791951464978431 5.720912419510956 26.439521175629505 -7.39719854299846 4.95187181289633 24.79123877278457 -6.221934676090335 5.3740338761337 24.62083349508417 -6.266284482534265 5.85939754158567 25.256897142950994 -6.727045130774093 6.020727729369065 25.762675909922045 
-8.416346325771112 5.914671722663324 27.145540827020138 -7.485000595358691 5.337847963077178 27.61104329667039 -6.716542189654386 4.79923450456561 28.045257065105954 -5.820981866507456 4.754601100342783 28.04169580389969 -4.953139380233921 4.834837755681539 27.857532525345412 -6.954352401477182 3.4555578726920846 26.621239995721172 -5.743979452711799 3.823711430527649 26.296298899131745 -4.9764943091069815 4.3923959928490195 26.376673390957478 -4.535218042610181 4.743273337761475 26.405686933008585 -7.270044874460121 3.767642337112216 25.795839326107316 -5.736138146368478 4.157321608180697 25.51977926135 -5.814576265623219 4.9500980755608746 26.150516823451735 -6.229764710624736 5.289923720279246 26.617680377206938 -7.4071822743488775 4.32765489132178 25.19553901018253 -6.076245782608494 4.792883133394633 25.058678970754052 -6.252894536928051 5.449969910962119 25.831196818005218 -6.816287992710992 5.656813927602977 26.423389927151938 -7.42995849048712 4.896118511678532 24.78867523002899 -6.226044893629814 5.269884262877508 24.617634166228278 -6.32505637908936 5.751114564948913 25.265897898768284 -6.817644631910596 5.925266592432314 25.78312983803814 
-8.296257613461755 5.876929993925398 27.088303686234738 -7.355144173368542 5.303542663042914 27.53746633613672 -6.603026133458824 4.742089209617743 27.959023573565474 -5.7381394391049945 4.647910707848679 27.969469712529065 -4.843543361204884 4.728699870097743 27.77428297809654 -6.955421345833508 3.423005203517166 26.601782375439903 -5.734343326454448 3.8287125048313273 26.33664929308079 -4.956886688081511 4.4284514141701825 26.37305732313622 -4.531402634876756 4.784738454593147 26.340406528902502 -7.264857764772104 3.7352832939253453 25.75886883624474 -5.7455241226664535 4.12143335167025 25.488992013814755 -5.798371727112146 4.9293225062848585 26.114988537265347 -6.2032550669905895 5.258219627675704 26.53787303749377 -7.421154534914852 4.306525048429283 25.187697916504163 -6.12853618630814 4.773858665279187 25.116757894235477 -6.261177892787133 5.427791130986475 25.85917255532252 -6.814201384313515 5.6490281109135445 26.422628803306434 -7.4374113826137975 4.898704082936542 24.77574096343504 -6.27571899711591 5.2688256202419135 24.63491732675383 -6.301045560919249 5.720799704444837 25.213375819354887 -6.7177240177862565 5.875602482919515 25.653406129227605 
-8.178168682336725 5.8208166681868345 26.952186958243285 -7.211621660889576 5.283021616755818 27.436289347462314 -6.487147922025966 4.728515562133588 27.900924527554814 -5.673896150309671 4.577139341585918 28.018047610074774 -4.7848951031771945 4.582505973797306 27.77448140490285 -6.9109068243412715 3.450757258608174 26.65906389323368 -5.774220658357943 3.866389573943698 26.39745243224714 -4.951583594867093 4.437152835921434 26.40624573750733 -4.456269735566562 4.763201156111831 26.335335970547177 -7.221510475485863 3.7562874133009134 25.81603166375124 -5.7230086103010125 4.13373538467649 25.50472280423161 -5.763590880719583 4.9334242660523095 26.09445510784547 -6.188044294418947 5.238074429581183 26.524795377479727 -7.35969396917022 4.3012416232392425 25.210291351864598 -6.09354219715654 4.746557020185258 25.08508942365924 -6.201277006790591 5.420062206079133 25.820495354404773 -6.765743993099883 5.627830016515216 26.38039019646844 -7.401463598281652 4.86160706712938 24.794944965440155 -6.265327058726223 5.222478149099491 24.604379851527487 -6.277225249830474 5.685331669319875 25.183300974655737 -6.703568118995574 5.830348717281731 25.628092537425637 
-8.128230646124983 5.798354170820525 27.000195444717992 -7.220124910395658 5.291340189599433 27.51463143493384 -6.513430041992907 4.758681831280929 27.960961144906484 -5.702990948400856 4.593023493972162 28.038622388802953 -4.8485700720223015 4.564964905032582 27.829272706298042 -6.948105483089845 3.4599068310959438 26.71618867971648 -5.771699980264584 3.8622505593418537 26.399277102892032 -4.939805830473339 4.430057808777294 26.41913785768571 -4.440713731102766 4.729132296377691 26.3414302865637 -7.280117815514154 3.760034510007065 25.888187231498765 -5.715439391204892 4.122589781473309 25.510771333246726 -5.7649613138238776 4.934575658827064 26.117345263308973 -6.208048067982035 5.2424650488502 26.54894385602541 -7.413681483102191 4.313046134137691 25.26308744556225 -6.099019563413402 4.713588797227616 25.061739428846746 -6.186736892881883 5.406126542225133 25.7858138610689 -6.740358606130201 5.6415447188584436 26.347062445144704 -7.455150579727717 4.874147767775599 24.84625760628774 -6.29681674176365 5.180109588797378 24.583891180569196 -6.263141890789762 5.630545018526261 25.13030403664208 -6.652816417095866 5.801973329509632 25.566219180160118 
-8.142088168285884 5.696048335944036 26.948364112987257 -7.279144754605411 5.226518962119776 27.472170051361847 -6.547250414170322 4.709370867770075 27.91295942083088 -5.72068368887809 4.574855282318984 28.00575498750137 -4.855382847855116 4.5850102132110635 27.830501410930662 -6.874838195917141 3.4649623075574834 26.66788771999022 -5.723994860537272 3.8997552728257876 26.362208858822754 -4.94678814283389 4.496558188504809 26.417911136642847 -4.4673968952136045 4.8192600956880804 26.391035517642692 -7.222819963890544 3.767910837498261 25.84832343341027 -5.701223984171053 4.149713747438116 25.49660973880174 -5.743858440544307 4.969797257491535 26.09102671065636 -6.16362795348719 5.304221894838063 26.542495227697568 -7.38883161387488 4.3036176390139 25.245199519253962 -6.085946609284662 4.725889741165698 25.063321141189434 -6.176508718326066 5.420656172823344 25.75727430233069 -6.7313935808264 5.663978189100873 26.318137232776365 -7.439809675964673 4.849996392584098 24.80411397682338 -6.254585388152461 5.168335604354285 24.548190184225433 -6.238455701963612 5.63035804698072 25.068752851935063 -6.648001772256524 5.811199817839072 25.524175854203744 
-8.112754932066984 5.632589336760387 26.93500153303417 -7.266147961618625 5.178769097773838 27.438037793632972 -6.544869528211736 4.694953707600217 27.853888743174494 -5.715687420667591 4.574590742157811 27.986756469760223 -4.846316245789024 4.56828634801255 27.809613313229818 -6.886049859174081 3.4759912936915796 26.656396072308233 -5.696565551407647 3.9296843105536525 26.390221660967534 -4.919506716019393 4.54901521392549 26.43115840757138 -4.484292286571853 4.905410410601461 26.407879195278607 -7.231278364365577 3.7710377645468487 25.8356070704988 -5.6824398917165935 4.1551741436811085 25.502189280687276 -5.758056276551933 4.973348974210671 26.09665940814797 -6.229549984716687 5.330820202664816 26.560186050700125 -7.4057055448735785 4.329761308156088 25.257391054544613 -6.089793345923794 4.734558689479157 25.086172040934574 -6.18192333189618 5.421469389264783 25.774956478537092 -6.756299781595601 5.65602351363557 26.32803827577426 -7.442544567201375 4.872952667305267 24.8111698699224 -6.2585289568503395 5.195949505530016 24.55330958371598 -6.241784821796812 5.642642542894992 25.067855531309224 -6.687003239213356 5.81752983860676 25.514216763991218 
-8.10942417788713 5.605400264218452 26.861850631321648 -7.261010916806664 5.169078902605275 27.411886595715103 -6.542956885763933 4.7002608103810015 27.887015652395046 -5.7213990215424815 4.591609647447735 28.013452192569915 -4.842267925052208 4.573001301930776 27.81717305329975 -6.8531916028525695 3.4705172988847766 26.649727677571 -5.692421781001787 3.942073742281687 26.42662555672365 -4.946865177512929 4.584048637875119 26.45837230279793 -4.537985574513141 4.971732058979054 26.437540081840186 -7.2149712264162424 3.7847267405008806 25.84247204978655 -5.705168286108098 4.173316684474906 25.52600597157407 -5.743858440544307 4.969797257491535 26.09102671065636 -6.207373054469034 5.318509900475721 26.535154168154218 -7.3845466210545565 4.334887804497748 25.24080153872831 -6.102676455926909 4.761671714936635 25.103388804873966 -6.194540053741143 5.4336480514835594 25.786462790105546 -6.777557513811907 5.67740769607278 26.35940416071601 -7.454505732897011 4.89334726374117 24.827791822366365 -6.289606162860306 5.206358995011489 24.60666787471854 -6.272568531691427 5.659791204638775 25.153321142653773 -6.6690448756794884 5.827063290695182 25.57687603060441 
-8.150984466876217 5.616384882656483 26.91890192450424 -7.262066722025825 5.186096327591328 27.41955152830066 -6.501703745819237 4.709048467223852 27.842304019802224 -5.704421076704881 4.596395579522864 28.012788497501237 -4.825288141972942 4.588855559996635 27.774679329990104 -6.860397750357358 3.4662011717505976 26.636256927917454 -5.6646971968720745 3.9671861122527092 26.428755912352997 -4.919856874492241 4.640648781452604 26.474065148742337 -4.476480851866475 5.0284101779377925 26.429675620360026 -7.196431578785801 3.7892263537060056 25.81996876530845 -5.651768061541059 4.222560829260189 25.53132892157209 -5.731776206689631 5.030459341761761 26.112945821359055 -6.215408068557472 5.3852052796453265 26.582206019990924 -7.386390907972985 4.342172575503673 25.241439371318496 -6.083659031708021 4.794104659141633 25.12422714416615 -6.187087959344752 5.463193474675177 25.812500784189524 -6.753785762212371 5.696298140749983 26.380078262892354 -7.437161885351619 4.88813021307539 24.80017873866771 -6.283895093171163 5.210932471282431 24.56818101661944 -6.257502477967589 5.64832677157695 25.095445686249594 -6.648168571569958 5.825072157426561 25.529065045050842 
-8.135832562524852 5.608055895985175 26.84553340685879 -7.266737717085648 5.173010564797405 27.404433645501623 -6.505467320811766 4.675683832075028 27.846212939452254 -5.670392131853806 4.5802444970056735 27.97328525960346 -4.798421419450817 4.611158437519594 27.818595356123353 -6.841839939007216 3.471133375918592 26.61299302855996 -5.679740406019536 3.986272491534975 26.441593376597474 -4.9282408287437365 4.667958206557596 26.47552705953888 -4.5150522034164595 5.071027698547283 26.44425789463341 -7.192346268760364 3.7967466556695633 25.80277578444929 -5.656601224805409 4.222668803414507 25.54838851100036 -5.724718174618637 5.0351414642465695 26.125762277363812 -6.202962107306429 5.3892884227179785 26.577109652198207 -7.3590853606439355 4.347022683959541 25.207166415925045 -6.080314104230127 4.795016194406797 25.129446794854164 -6.187087959344752 5.463193474675177 25.812500784189524 -6.747100275121323 5.67867689169978 26.354403900906437 -7.42995849048712 4.896118511678532 24.78867523002899 -6.261257680151065 5.213383095853013 24.581732791662503 -6.249328786972215 5.64572497099214 25.10780531822438 -6.663512349310087 5.819997465712842 25.52797284040824 
-8.120060667769907 5.6445539490484515 26.92809627016963 -7.267205583780933 5.195803039196195 27.445717125609306 -6.5073142882407 4.709443995353312 27.861655897307383 -5.676058074696625 4.597252882216947 27.999934584311497 -4.791727111683764 4.602677996036296 27.798997586648174 -6.8505751152059196 3.4702088793296904 26.626204441402322 -5.66044605854152 3.9830609167676756 26.418032899669754 -4.913998169937762 4.664396227028166 26.469526917020204 -4.489138249745883 5.071471764708293 26.433163799322386 -7.196431578785801 3.7892263537060056 25.81996876530845 -5.6404275035923535 4.242325729562018 25.533428310631166 -5.727366535720424 5.058936267404175 26.133484990644515 -6.231313424359969 5.419010180712911 26.627782064959373 -7.364312778336666 4.3315338079028685 25.218214443451835 -6.0770511448026605 4.801901140148724 25.113022500707245 -6.175067990344337 5.467168486945405 25.80781720945892 -6.737875013977273 5.7013549628129345 26.38078999645528 -7.43443175806875 4.88954282274591 24.805668779342184 -6.283895093171163 5.210932471282431 24.56818101661944 -6.257502477967589 5.64832677157695 25.095445686249594 -6.660853640079236 5.837545838790117 25.54047875633088 
-8.132200703698198 5.634199013261594 26.899089829980213 -7.272936392116127 5.19973675750311 27.438267229490222 -6.506390835142771 4.692558922841678 27.853931896176686 -5.672018642955159 4.571775013438772 27.96689902253113 -4.791266751819572 4.58603023947311 27.76818375169356 -6.8280376149508735 3.4598167570738 26.60097584396749 -5.628859937487116 3.9808688298665804 26.436673344130934 -4.908180058016652 4.676243961092213 26.460455538832583 -4.517630525632762 5.094192701612581 26.429834735888146 -7.175092099478396 3.7705305037707424 25.7898743740854 -5.643242799306667 4.2349805664921005 25.54970891120163 -5.725246035401661 5.051222905740307 26.132663564148125 -6.223677412465877 5.410359300009029 26.608586184793847 -7.3563086679397705 4.324006724668876 25.199884123215305 -6.063845052087067 4.808239651065371 25.136239296688245 -6.178417072677024 5.460389202920875 25.824836653217186 -6.747230239443317 5.701265520388601 26.39357751736095 -7.4326133492891335 4.882358749542768 24.80514867231133 -6.268636885887355 5.200423889426201 24.56314837118891 -6.2603410901473024 5.631229887698647 25.08340861239639 -6.650831411598698 5.8075421928046715 25.516579240493737 
-8.106833568559262 5.633155561892358 26.882081743377785 -7.232429483866901 5.195652176342418 27.414361842317565 -6.464263432176307 4.690671999706193 27.859237366106626 -5.644699562636095 4.5731231846642535 27.978135261210983 -4.746440763675313 4.586257221678126 27.72885321936802 -6.8280376149508735 3.4598167570738 26.60097584396749 -5.669465780749592 3.9984431821017186 26.437638747321447 -4.9136284676584685 4.663840914791915 26.447111289631806 -4.4808465095053105 5.070478243258624 26.398707521503987 -7.170083056812749 3.7863898322007734 25.77877153716342 -5.636930640812617 4.242915682365216 25.53844311668911 -5.727366535720424 5.058936267404175 26.133484990644515 -6.236456891943166 5.409528125075346 26.615901774796406 -7.358147563840496 4.331279210554944 25.200515054005393 -6.071746391579881 4.7954651694286605 25.117615434229847 -6.1729978008593855 5.459554436267105 25.807112665744995 -6.746467716889664 5.684618093095467 26.386364227353546 -7.441893975104729 4.892134471493916 24.792731749248926 -6.289923006518628 5.206329906443735 24.55540219342039 -6.2500337349412245 5.639976121383574 25.07765015312652 -6.654337736455302 5.8201769776415695 25.515836496559984 
-8.152875839583682 5.595472087115344 26.902717170545362 -7.301563146181252 5.173140182424382 27.43578113383203 -6.5383912176561125 4.683879119142286 27.884588142654543 -5.687342250623418 4.575464090890033 27.973942243108826 -4.78298914195785 4.602073938555971 27.739102145143452 -6.82438207994111 3.467784485088127 26.583639651278904 -5.619821136897639 3.99678539586692 26.408311080857594 -4.885567734268584 4.688008330961473 26.426584733588815 -4.50737599793951 5.100531043859213 26.379056655854335 -7.175096453298551 3.794638601918165 25.802785425115896 -5.6235748857372885 4.255218674269337 25.539763801936207 -5.718183843896832 5.0559175994707894 26.14548636631764 -6.217545213153447 5.390026245438351 26.608225229520855 -7.343207948291222 4.336648393638618 25.2016842128966 -6.064413194844458 4.823864350115172 25.14273773896496 -6.166394852936026 5.464367846938849 25.820147763003867 -6.74989642067436 5.68353809281849 26.380679437506462 -7.426324529486693 4.8817602891549114 24.787640756096113 -6.2732850029642995 5.2250711318851994 24.592102499403595 -6.249328786972215 5.64572497099214 25.10780531822438 -6.668685913254857 5.804781296734573 25.538941505389182 
-8.099949734085442 5.570183397661525 26.82717180418992 -7.204741641830184 5.164532706765294 27.35478303977933 -6.506719813857816 4.706061581223715 27.888240993390077 -5.660875468762344 4.61263766450274 27.926686119286366 -4.744804867394753 4.632707675758315 27.56696750312172 -6.790707172142818 3.4464126276321125 26.569939829219994 -5.65646377194517 4.018366020002775 26.416981707446265 -4.903794177396023 4.675944574827994 26.443046182908773 -4.460909641581009 5.047388196453579 26.392094071475587 -7.138467635955991 3.757189629811377 25.76064798444048 -5.610421629609661 4.258754412830642 25.513252385221104 -5.715813065846615 5.079155392623546 26.135547361428667 -6.209717034670427 5.4231102290216056 26.609842260423907 -7.321188678323981 4.301868041498126 25.165904699154773 -6.04059459614486 4.780164527015107 25.084921237742055 -6.15891435088898 5.4559172461557885 25.801727110958748 -6.744372478223457 5.676837013329692 26.385603085672294 -7.419140930643987 4.865407112989198 24.76363248617365 -6.270593048462985 5.186759746497502 24.5277861466343 -6.265099913781011 5.63498977767036 25.076512325268773 -6.690191284370948 5.794803377829293 25.524599371986678 
-8.108378919896927 5.585917335735483 26.851630760607815 -7.21333913189988 5.1700795421274695 27.37238126789825 -6.514288350420827 4.701134038231334 27.874507547135025 -5.688116035337013 4.611267826224348 27.915390406163112 -4.791944964881359 4.6680637089004176 27.549858990229133 -6.798836966254635 3.458022186609069 26.563628420804783 -5.631465310469466 4.039075141276126 26.38871101714198 -4.899411672349483 4.675645449338629 26.42565213424995 -4.448884612555951 5.03561789040605 26.380203215353216 -7.139401844076754 3.772928219338136 25.767475035092648 -5.607939277479819 4.290366532161326 25.53137683143909 -5.711315880055308 5.0946661721396405 26.124787022699977 -6.194178228162964 5.392572576442701 26.56652051206806 -7.326409273318398 4.310553406845149 25.189561512890425 -6.037800234265008 4.796656949613576 25.096611392378854 -6.164043895241977 5.459672981133366 25.79485030024517 -6.726947648159265 5.648635163825414 26.371894146072723 -7.407135120541875 4.85703799705708 24.78151979375732 -6.2686965736448625 5.179581793663494 24.52729461198379 -6.254982271468826 5.608634728226171 25.029505040270678 -6.670963947014256 5.765047510980381 25.488602976024985 
-8.088772513175037 5.555550889351256 26.870516649343788 -7.223742894596376 5.1375141434296685 27.395980330737437 -6.501215606224187 4.672786410005374 27.878069671027124 -5.672830709978283 4.607575383955888 27.90839417549159 -4.758315322753693 4.6766759634675825 27.525448684113528 -6.788004742203972 3.470285916849049 26.559742721676084 -5.610734768687018 4.043921228762432 26.371198690570466 -4.865168006902896 4.692233523574279 26.40919359112577 -4.461045526347124 5.046702306977897 26.369942617484188 -7.124057377835335 3.7782321401690795 25.768267563045416 -5.601120605053136 4.2827621550943435 25.513575013811117 -5.700534061319523 5.10003769933703 26.14286697534414 -6.207247501018189 5.401981134809217 26.60397930283799 -7.317597642252372 4.31615403612813 25.208390641232818 -6.036399555035807 4.8049074643597285 25.102463388077766 -6.15241136412183 5.473990037568847 25.81947226975126 -6.72636414063957 5.674110547292742 26.385544930294774 -7.401463598281652 4.86160706712938 24.794944965440155 -6.282032685353 5.1828883280000815 24.531806906811823 -6.261140237726142 5.620222947690344 25.0754157197033 -6.6780335334210115 5.777148436153359 25.536073083794353 
-8.06371715043072 5.550134718340538 26.78649377304055 -7.241894842860401 5.143550659337012 27.369891027128087 -6.5575078241924425 4.6870143715466375 27.88613657515637 -5.769319633829681 4.6462620422022916 27.952967613139194 -4.892595310306094 4.715552042540606 27.612843850369696 -6.797115934566425 3.4862122603253836 26.608600413096674 -5.6011400015204185 4.040621761719437 26.38296490370748 -4.836122790851001 4.653344561431338 26.383533504423347 -4.392365546804275 4.989044378369784 26.342660085110694 -7.135897661486382 3.7780261131936745 25.804111486249067 -5.5935713509250355 4.271633622442268 25.519579581451094 -5.67530725792018 5.0631232609130805 26.088157985003082 -6.158984749874081 5.367807004312091 26.529238517238547 -7.326485454390364 4.3152199625474195 25.22069241544231 -6.034008453155111 4.787953466069639 25.073759408892304 -6.1319937507949 5.443025258891322 25.760294440752663 -6.7390291976162295 5.650387767969359 26.35349531079636 -7.4113811263178695 4.852212426969775 24.800953713440492 -6.275182531657557 5.156451042896082 24.480888006382113 -6.237320554879464 5.595634120974719 25.001486697695793 -6.649819468323548 5.769083408726543 25.471950573500493 
-8.129827852464903 5.646379451214615 26.940897788922605 -7.301374843526355 5.198598075950033 27.478259932526466 -6.580212055032129 4.7394533907666565 27.962830203087087 -5.773636492035514 4.629806863060028 27.964298262794117 -4.888449682798722 4.657088830549348 27.519638591653013 -6.800196364384662 3.485603749201879 26.603460161802865 -5.592682116194784 4.072264895741961 26.361575259446923 -4.826237361034098 4.677256799821098 26.38399165273851 -4.383812865062804 5.015637310758282 26.319865117328014 -7.132818378136396 3.7772231986874814 25.780912138873187 -5.578443484837986 4.319053151917442 25.51525177401474 -5.689834833488072 5.118122089652274 26.165598975359725 -6.187143336824326 5.4533881144854215 26.683957025863997 -7.301133691694525 4.327361076250153 25.187142609079068 -6.016147205172263 4.809385780165118 25.08639803406793 -6.129374625489489 5.470447939437739 25.80183041424192 -6.716187681338658 5.719497375892897 26.423579908299928 -7.377923377305616 4.88016721568846 24.76246435090521 -6.2366592857621 5.172267092167227 24.501529819273575 -6.236550765329352 5.614780840339897 25.036118348242482 -6.655188170235031 5.809039298120387 25.50770302549628 
-8.026260156405483 5.603396466540515 26.79044475754783 -7.238757151464595 5.193808708965846 27.373378946518464 -6.5348951190642115 4.724554083552604 27.85718816306817 -5.741887122473682 4.621857259884216 27.926154010337825 -4.858033196321973 4.679782717331411 27.591782858559238 -6.795487126916754 3.501835486550524 26.592258860550594 -5.620888138976585 4.063026339111214 26.36634197676525 -4.876813802277075 4.672062006730826 26.40731008006279 -4.448415059711044 5.003761100940658 26.366518827270838 -7.125943845746364 3.785650355391484 25.769046676411133 -5.605648172132908 4.310006001766161 25.519163982031703 -5.700131933797814 5.096654282831175 26.14059718389864 -6.201439997807651 5.394914156571018 26.608620609664236 -7.313311406793822 4.323183538213598 25.191356745289397 -6.026988673303622 4.829202438072701 25.10302166818437 -6.143456565117582 5.474100744562043 25.80722269886671 -6.730848777292492 5.66138630236194 26.371313240440024 -7.388948320000614 4.860441150264386 24.760000664860364 -6.226034821927984 5.18633492633451 24.525360948406902 -6.232428276103477 5.621646975430214 25.07167155203939 -6.6835651522393995 5.797317277451262 25.53593123527086 
-8.090878158454473 5.622975009250194 26.904197896307114 -7.249298738455107 5.184040867295746 27.40851983102095 -6.548366450061099 4.716177131901304 27.8597531559058 -5.747529894988243 4.608776518115869 27.911648949581846 -4.875859216279929 4.64573191718034 27.553014942168677 -6.769585320996728 3.4635941540287565 26.58459344202145 -5.583089925354952 4.068971431097642 26.37333471614392 -4.8484472200477455 4.664959554110495 26.395404740294385 -4.414276300751456 5.003984284208289 26.34333167990261 -7.088732662205639 3.7524396727302394 25.758310753219863 -5.552777926941643 4.32004300101407 25.505547607753115 -5.690689318786002 5.124593002067772 26.143468921046537 -6.1805337391282675 5.467558986746353 26.648952207400193 -7.289541533528385 4.285818661584366 25.18604389650121 -6.0181044216409525 4.816729334353498 25.087021705376397 -6.15241136412183 5.473990037568847 25.81947226975126 -6.7526882387091876 5.719288964482377 26.447183524576815 -7.378762218998343 4.834924211609736 24.765866805249246 -6.245919366585773 5.166530372940814 24.48349779291069 -6.2426170315208305 5.61527648419143 25.00113637527829 -6.677353839227451 5.815369276942081 25.500206704809365 
-8.087064333790254 5.631461834480751 26.85221795334884 -7.271222335139732 5.211929027051354 27.41798203372564 -6.569218551490254 4.724103969170505 27.88908316578422 -5.791763639773775 4.632676381987685 27.942032180839856 -4.900013726965759 4.682217606098577 27.56465473138337 -6.79563479558035 3.477633932567002 26.579022003562343 -5.594211063482548 4.064165428642598 26.355617003056754 -4.860116498072459 4.660143546813371 26.378086932102836 -4.40795484709148 4.995671143184578 26.32527266831595 -7.118424813065939 3.774202526856086 25.775648006213434 -5.577417657185556 4.34263555224986 25.527614283438137 -5.698596618910952 5.118061525185214 26.178002592747628 -6.17923127374724 5.431435647375885 26.659647483824028 -7.303565487179204 4.313059665641858 25.203534042935175 -6.010492967467365 4.842393108450984 25.109835162747455 -6.147373754173734 5.48350496396146 25.831094048381495 -6.737317282993545 5.6987779639503655 26.43414511268202 -7.380539938896582 4.866407533647039 24.77889581184588 -6.226587232329662 5.201853758831228 24.531654493326965 -6.248609874366607 5.6485232828475125 25.083671995577483 -6.693341301721612 5.833328968040916 25.59101713458305 
-8.107861658043658 5.6679668031811925 26.929707561232227 -7.2892014258434905 5.219963054066155 27.480515701755017 -6.580447604166253 4.746728832285405 27.93920926286442 -5.763558597116252 4.6292033193857955 27.92630108921178 -4.867946205140766 4.693772745501323 27.492471018717204 -6.794705728329934 3.4617154693727223 26.571916045731363 -5.6149212634448045 4.059336183363693 26.373108611095855 -4.8597941401277716 4.65958946687833 26.355788414203452 -4.4201048307526944 5.006743583532775 26.31503794935137 -7.114433119014699 3.757673373672955 25.745678362338865 -5.579434279648324 4.3501065204098825 25.528378100664856 -5.692816916845226 5.132317911165848 26.144286977610353 -6.195148801519438 5.468382416387616 26.680151609303977 -7.295021494102751 4.302966444787399 25.15688106802214 -6.007651725951001 4.8589140940058275 25.121581352818346 -6.128460607592628 5.495189452568903 25.81484291769116 -6.722100522275771 5.720490958656843 26.442082322263726 -7.377035025046638 4.8644242666703645 24.75595577418098 -6.211822577025681 5.1913682366324325 24.475657043179286 -6.200956869798999 5.629048632724841 24.99916044445561 -6.654516104238224 5.83409154974858 25.520804212246826 
-8.084126804693266 5.632859821854 26.858179837128187 -7.2907032114948 5.2083631374933645 27.442928622580077 -6.571256396604733 4.725040405509903 27.913843874316598 -5.7505703849201915 4.633746587797119 27.92057066059486 -4.876744476748141 4.694333895696647 27.528820533712015 -6.810473050239762 3.4806742200384218 26.584887481537425 -5.610114717998908 4.059346217857315 26.355494619499655 -4.878312447442965 4.663420400739352 26.379039939833273 -4.446317871333466 4.99524877666002 26.343474477167646 -7.131863568676491 3.785552594339431 25.786963741310828 -5.594564528836521 4.354127042146532 25.55572236697412 -5.693577721411039 5.117464929750063 26.160318904338798 -6.1777099929523445 5.440108242782694 26.666025284423498 -7.320366373522562 4.339167124397645 25.21567469643264 -6.027946329792529 4.854471090556749 25.13767224284417 -6.1371818710729835 5.489251618913811 25.849569817241353 -6.727271548702798 5.704802715374949 26.453349874787907 -7.383245073541771 4.889342332338488 24.78593251960351 -6.226587232329662 5.201853758831228 24.531654493326965 -6.232981178921754 5.637569861377557 25.0782372528437 -6.687464392549329 5.832250677700424 25.573160556451736 
-8.062184875258573 5.656572728347415 26.91175021188041 -7.270727518625657 5.240582221392545 27.463216832611796 -6.546030666537308 4.747139138781659 27.907187476262834 -5.735267745183808 4.630050339884899 27.913579011740314 -4.844991096813189 4.694729484235002 27.498238759750613 -6.777722390189145 3.475201701487664 26.57828792745059 -5.6160690391373596 4.090979519281376 26.386950162612195 -4.872450130368524 4.671767393403586 26.38995833672536 -4.421952793033755 4.9993506522366395 26.33122015840628 -7.097218720411292 3.7555653747178197 25.745684320469167 -5.581680579136863 4.3819781029859115 25.563624587799367 -5.710960763658525 5.161085208710043 26.180685845875573 -6.193360504469748 5.466773542977766 26.656257110361746 -7.29226462793199 4.30414202230402 25.16224566541936 -6.013377598303021 4.875034785449959 25.145120319834728 -6.147956367465367 5.499703419957333 25.83796451061582 -6.730717611225 5.703732651778629 26.447630828668867 -7.37248458823197 4.858652371761641 24.760925641742368 -6.212593691872325 5.201574936143584 24.503482359836763 -6.2220523920849296 5.635662680079014 25.04381756015816 -6.667553368544416 5.827463667511293 25.5501468053144 
-8.061632769823667 5.6017224146193785 26.81838443283572 -7.240215609053618 5.1810119079894115 27.42157054955745 -6.549259304873821 4.710283358379022 27.937714816873253 -5.724974810271755 4.626656191977154 27.92554283956005 -4.830301640317547 4.691309298108952 27.514592863415363 -6.762894124652706 3.4721607721357857 26.572422841370226 -5.573871976591642 4.0572064241582275 26.356542625648295 -4.852482881115828 4.664702042527929 26.390426767604183 -4.420605267609492 5.012309093979188 26.361413393555626 -7.080918781225347 3.769168414298257 25.752501944430204 -5.560562284059627 4.358727541378123 25.53644350672018 -5.698353151382953 5.149052635191871 26.168883484937645 -6.214331422685287 5.446131042025658 26.66700756296536 -7.284353312748606 4.325441347021067 25.18767096642665 -6.006468528302702 4.869882350048981 25.129671635942696 -6.141329476553783 5.5045147047482175 25.85098022254391 -6.726148903895094 5.693879156762735 26.422647245382276 -7.382355091899256 4.873584455512817 24.779411835666522 -6.229269648468986 5.219268589875455 24.560047834097634 -6.2512421604344395 5.66659806205641 25.112986482914337 -6.687464392549329 5.832250677700424 25.573160556451736 
-8.159623581736287 5.678795618843598 27.000765305649292 -7.330537622209006 5.2209107066189135 27.531677170853715 -6.610805615808371 4.7434444450924484 28.003408311601838 -5.773975232569781 4.662766107954891 27.955508111845596 -4.885928761935768 4.738525508754366 27.515231267363493 -6.82438207994111 3.467784485088127 26.583639651278904 -5.615495279815112 4.075153414826877 26.38002722640168 -4.860116498072459 4.660143546813371 26.378086932102836 -4.395985583665178 4.983963031687082 26.313456067842814 -7.123827299688971 3.776515522938721 25.739844227388613 -5.5847324942174605 4.36582787180275 25.55199314300128 -5.699113411047573 5.13419148740459 26.184932011289195 -6.183806995049444 5.457478313578177 26.691643675240567 -7.310868178817055 4.337470847039208 25.174961780443308 -6.012029325372335 4.880051328103675 25.17490714444536 -6.143167298213773 5.506310220235533 25.874192933771656 -6.733941958356938 5.722481180993995 26.479140577933233 -7.3725652783098425 4.895315487508678 24.751522159802427 -6.229820732973068 5.234815577444936 24.56636076384437 -6.233533689792465 5.653501583006558 25.0848071291366 -6.674083590336119 5.84485491828725 25.574841812032034 
-8.077449834452057 5.598585381145972 26.820098805884495 -7.272936392116127 5.19973675750311 27.438267229490222 -6.577329374940688 4.739009937119773 27.96776962536038 -5.755195321923508 4.673342903759571 28.011357987518146 -4.88092541510784 4.741428541029672 27.640456479545602 -6.793483136256051 3.4941736060756963 26.5912707435165 -5.636818049500438 4.086161006794191 26.40448822577593 -4.903430539465822 4.660022712319608 26.436140834100893 -4.446450921329883 4.985524143564703 26.405219326691107 -7.115542051388894 3.799184108923394 25.793803246466084 -5.6013994436368355 4.361785913015114 25.57355775118339 -5.731849371215991 5.156931128884632 26.197995591674502 -6.216493152361125 5.454017979880747 26.667872162716886 -7.301723662037121 4.329961750638189 25.215564739587155 -6.019450742633256 4.851617459264122 25.14977562426476 -6.158783367938763 5.501403665836329 25.873452734319347 -6.751854698917488 5.682992219356739 26.458227853747232 -7.384937208755323 4.8841547555114495 24.80839569059805 -6.230619715239454 5.21091993641597 24.55423206326569 -6.248609874366607 5.6485232828475125 25.083671995577483 -6.688788027155044 5.823463155137151 25.566883644243887 
-8.16340866634456 5.668082202371637 26.98791521843042 -7.339091811095961 5.22973679774525 27.552340508712884 -6.6539243199109865 4.765318166538559 28.091172882263024 -5.808268036627637 4.702300618293348 28.08369949233774 -4.901118898719975 4.817642806938477 27.627906499390946 -6.779724948885714 3.482858563379512 26.579276052944305 -5.603200397147474 4.0795778569955665 26.375134646928945 -4.832134468060161 4.6689340857394495 26.37308772913254 -4.374316296938666 5.027656578426159 26.315787258566246 -7.089352737294027 3.796337603801347 25.75273746052753 -5.5885139990158414 4.389657624875179 25.58146410416305 -5.701763878724484 5.158072538917779 26.1926909554373 -6.186362121267166 5.471665756249863 26.669481485618892 -7.268463436253388 4.334563148942122 25.163801237605824 -6.012571815394284 4.895709198456667 25.18142932245637 -6.159371843409646 5.517630022199781 25.880343624780576 -6.741507585724689 5.714373641349039 26.435667188531575 -7.344377621775606 4.895726877066459 24.746012835388797 -6.234408966978668 5.259483685377534 24.595314950142228 -6.247739057864578 5.673020679986594 25.096277156074688 -6.681042738599729 5.836351333801459 25.53239957475753 
-8.153480848062042 5.6195185644129655 26.914501652201594 -7.328103890864057 5.21600404530277 27.533408465612695 -6.644992662855122 4.779076844906277 28.11165207663855 -5.774052241488439 4.754166174345814 28.104348916932974 -4.869623579924316 4.88249315260736 27.74516599146248 -6.803758450957792 3.4892445306241058 26.572702722662914 -5.64697942363687 4.105289237803502 26.399621901414843 -4.886984320477007 4.691225391246833 26.40279308931269 -4.399831055262697 5.011289140368404 26.31992779672443 -7.103727839934539 3.7993683152736635 25.757990689285784 -5.600121313432279 4.361011067342328 25.55144225051739 -5.730009756544435 5.1394968707888165 26.168057367472006 -6.197253880910676 5.424187233494374 26.6299144443726 -7.289497676871051 4.329467533566063 25.180256588353515 -6.012451592935898 4.849746649396147 25.110456879277056 -6.166507173497756 5.477642845994384 25.824873391290392 -6.749931886137492 5.655424017926617 26.42029400752648 -7.3649400897944295 4.880359628566893 24.7863311825767 -6.232522586445424 5.218110492112028 24.55472565712426 -6.262262213126943 5.652091702186505 25.08856084988161 -6.712321229360146 5.821012326496945 25.55311670351323 
-8.164033505623017 5.661147595580979 26.983634424910104 -7.351543108428611 5.26061276905931 27.60897802913511 -6.713658660818617 4.834132305465164 28.209020309440536 -5.870008222675171 4.882201921113486 28.172569878625204 -4.955587319136946 5.095761709351296 27.76747765893647 -6.775026113474923 3.499076258664225 26.568090676948668 -5.617592227437875 4.082865623159168 26.380983111942417 -4.872450130368524 4.671767393403586 26.38995833672536 -4.42200392867034 5.015904380396817 26.36013517872098 -7.083465633911201 3.7964314775517845 25.734867925212118 -5.605443973395828 4.376757908801957 25.575099293883333 -5.725093311109008 5.151962949871386 26.181727428889054 -6.171468806723415 5.454613417256216 26.65846843530755 -7.276395726365164 4.342082891001229 25.182049398857814 -6.034379534166891 4.892204930788528 25.146054213335262 -6.180624784997315 5.519404822005712 25.874837718463077 -6.756730804451539 5.695683390945118 26.48536097527704 -7.373320813382368 4.898727191374041 24.779967437500293 -6.254294460777632 5.260500274690066 24.589199709849957 -6.259192837178915 5.696197215482127 25.115191039535244 -6.6967933695144595 5.853578234804328 25.56924997295087 
-8.199830067967106 5.672858572654997 26.98795067839393 -7.376324379629139 5.290477308840676 27.614184083186874 -6.724575983524988 4.905996724104941 28.203485051157188 -5.874043621093483 5.0565869347148125 28.255570109255657 -5.014361249655904 5.340014474445202 28.195855675807124 -6.784060031651395 3.526612884048668 26.56888900222298 -5.618167831952405 4.098695322165545 26.38790622689459 -4.883373764061151 4.680182212759219 26.425630689076673 -4.404180635406359 5.017951861200384 26.40553041186751 -7.084378505446879 3.812162204237039 25.741682264846585 -5.606693851586941 4.399016688870799 25.560329031246745 -5.7445014551225855 5.19025404190082 26.171527548295273 -6.168860625356762 5.481191015557717 26.62300657836588 -7.28948215714086 4.353641772248939 25.192914187358063 -6.032229964492643 4.930362936762916 25.142634510049493 -6.197109953490265 5.5498509624181525 25.863215616478772 -6.772844146806577 5.729841903402572 26.448007298922494 -7.39773854758382 4.9203404808788695 24.831595404674022 -6.245947949009288 5.281748616087202 24.56238610744703 -6.2569126867797085 5.712754408667446 25.074878437657535 -6.692536777422382 5.8791044578269345 25.534021468708474 
-8.214138959720332 5.743743497363252 26.968935326342965 -7.377745812011191 5.3543077493638185 27.617242160605873 -6.696436937828905 4.953200259909526 28.186170965445342 -5.808405120318941 5.103300812005196 28.211385420192233 -4.950028271917981 5.386692695489118 28.200522852552645 -6.774860184067962 3.523276057420098 26.58132238284579 -5.594776851228379 4.079972616870758 26.362526714680715 -4.85827428288603 4.668217451669415 26.384016271735366 -4.404378086466795 5.017313642734848 26.383419818536257 -7.094097968275847 3.8028487770349746 25.748247343666655 -5.606453515634937 4.407916069641934 25.58828953381583 -5.735334180423879 5.187263108346906 26.183563075888532 -6.165815447590422 5.446499009139693 26.584790546309442 -7.2931747057884 4.344007933858659 25.181509109790014 -6.03026293547298 4.922994226705581 25.14201231995633 -6.191658636639528 5.548968181891321 25.84544273964656 -6.75152563243011 5.708331618364912 26.41645509532163 -7.382316714092032 4.897925979778145 24.791941838008494 -6.229368893733159 5.245380043829069 24.523147950464914 -6.240652888687208 5.691059704713711 25.040732982890653 -6.666118971290953 5.856888457363232 25.486429598289774 
-8.320247950716475 5.793144945787463 26.9936617127822 -7.488845244878698 5.412957347931384 27.64762158321525 -6.827709207811918 5.051018521446081 28.24407886182288 -6.002754324828289 5.222324866906061 28.298516521219415 -5.220222469201055 5.53369658565912 28.350378559788883 -6.8018156636586795 3.553281927806799 26.58284725163623 -5.582122270411139 4.096169887937079 26.339257627245416 -4.830283395330589 4.6770024773411585 26.379010712430865 -4.398929746512299 5.029838909838481 26.396488034531767 -7.118779432115771 3.8404873080395316 25.754493252676028 -5.607974720042047 4.399823113759472 25.582463862999646 -5.736938124104777 5.17884456150387 26.177454563525046 -6.180377371239723 5.447320028737424 26.61593399335872 -7.302898757395641 4.378307608915501 25.181981520952043 -6.036569717505725 4.954871354679688 25.17212687845237 -6.21243936540092 5.586053307705706 25.882446295076967 -6.770321010689905 5.7277443168176 26.42374469950995 -7.399054227747834 4.934666056739142 24.779186425293933 -6.240473212566014 5.301951909494628 24.581466184108674 -6.246370286518261 5.7484854122121005 25.083688104773476 -6.674643933721957 5.881795775578869 25.511632920345274 
-8.45226210445582 5.744916588357856 26.97795517259082 -7.520015347152934 5.391407715368409 27.614692034042097 -6.8360049312654745 5.0741431393982666 28.21685020864098 -6.0233798901417455 5.309862584271027 28.290232508583014 -5.314873151357862 5.648036889254957 28.38779968546379 -6.799810963338149 3.5456183440149327 26.581866579334516 -5.5363974047709466 4.09398524277494 26.305193696668226 -4.804244138584622 4.693032313184489 26.35268488801959 -4.366136783638916 5.049597776058498 26.36026870404044 -7.131269066841827 3.83610917089303 25.75897141153539 -5.610001731356047 4.40731423163693 25.583235809428185 -5.798580703519744 5.190669616628246 26.215755527136423 -6.278025993217361 5.454828909833652 26.65382559386409 -7.3239740925574175 4.373229795159808 25.198472654134335 -6.036717171083602 4.960774149714676 25.150392869398082 -6.259391674057272 5.5846680210168484 25.884983661557072 -6.835875209494128 5.7324276804099075 26.456891647064076 -7.393435307837443 4.914884665308176 24.78006547994835 -6.264757769927656 5.332950746799609 24.582666242870328 -6.339275036532195 5.7773361012096345 25.12540709215315 -6.732033045032055 5.887854128474722 25.525949472081965 
-8.3882808921906 5.859006731653431 27.034805529172704 -7.462540732380439 5.49173741321177 27.614962331742504 -6.841028786329605 5.193176407514381 28.21724175957716 -6.049641333098702 5.421155451990589 28.338468641134327 -5.357227457823042 5.788283070186432 28.50404511066945 -6.756918124037593 3.532374679523908 26.532615383904453 -5.489248052183913 4.099880238666292 26.27716053289228 -4.74349745789357 4.678549796968344 26.311792832362023 -4.304181254795411 5.042388604658988 26.325182256310317 -7.0735876386086 3.8040200573138603 25.69994383703566 -5.577094454108144 4.427673271170154 25.54420458732617 -5.747523144538404 5.195952947891834 26.19313390174318 -6.226295392039103 5.473588754387412 26.662736343429223 -7.303739149577888 4.3651428623790105 25.14490003869491 -6.048660034394228 5.012165424533638 25.180204546774725 -6.261209908008288 5.633545204558441 25.905754557273717 -6.806599209427943 5.744382756909964 26.427001941534208 -7.379057816006627 4.930829266791174 24.75714899826698 -6.274631949890673 5.377135806761355 24.611061789626515 -6.302678463060915 5.810921171186851 25.12306385468076 -6.703574508753452 5.89951240886596 25.497703986053278 
-8.501458168786126 5.862848971288368 27.018404306795265 -7.522664714377945 5.522594884009129 27.652382047564462 -6.845467486638479 5.225331693936765 28.255920269038512 -6.04293590906688 5.4231398027634174 28.374497449747043 -5.361050061942381 5.75384685728991 28.582863309140805 -6.782246941741884 3.5600909757215753 26.616941566369697 -5.50564819660696 4.110860845938658 26.28388917430943 -4.762200057576045 4.698247777540418 26.341776839856283 -4.322766540845489 5.051560030286861 26.37252179684694 -7.104647610533163 3.8151142531975775 25.764817855707104 -5.590277985575807 4.42750427931921 25.573284267333744 -5.769518387958426 5.224193298090708 26.22438636189167 -6.230620965123377 5.4893637609215435 26.66445943753811 -7.323050400481506 4.357487568421011 25.191824889580868 -6.017992236800197 4.962745394588548 25.106701601290393 -6.258629252961786 5.615318949199189 25.875457911383258 -6.8073513558497005 5.741452045367073 26.452570801147512 -7.408098283937832 4.909496595516817 24.778626073442677 -6.282498972862875 5.34523979287911 24.558559874933827 -6.311651587567995 5.788854377454817 25.09798663430253 -6.6934625766523235 5.889399629138973 25.509803682842296 
-8.46018059973498 5.897415691098688 27.119030719154775 -7.523532616984926 5.519480685998805 27.679677186485826 -6.877395100260722 5.206873461529483 28.25534365849638 -6.067413257016372 5.429416068073585 28.344452807901764 -5.349038170661755 5.7903916986796995 28.464442115211906 -6.809567508061542 3.54164648653006 26.591923586963897 -5.498292021555557 4.087404896613754 26.25859816688292 -4.7449903967426135 4.681738017062309 26.28820007500028 -4.319975611127322 5.064850448773983 26.314641721065165 -7.094731493048691 3.8226910279016377 25.729824189428737 -5.57333664702939 4.440407026264074 25.579654745298164 -5.746072780982833 5.2175284781656455 26.230703620427104 -6.262164552961604 5.506053243944426 26.75618246210517 -7.2958488945950455 4.386492280662621 25.170353000875874 -6.006127933912501 5.010311096026346 25.17121673917819 -6.224827192642771 5.639609458443739 25.91416126297792 -6.804110778708037 5.765271246928589 26.4977229982137 -7.372464227713744 4.944009666650758 24.776567327659833 -6.2599072646449985 5.382168683957117 24.61234309806951 -6.296542988290411 5.815771406485969 25.136018337475946 -6.69644359030115 5.9141725171542285 25.571298491860453 
-8.388864222624468 5.871339491975164 26.97425898867358 -7.443950769237222 5.509228721030025 27.594839250926743 -6.804326876973617 5.224412618565649 28.203097002212832 -6.000001697961817 5.439558828031122 28.335419898887203 -5.334640037496133 5.791276255505468 28.55928518149733 -6.777703568560138 3.552068892117797 26.592465989593126 -5.501994198369537 4.111247378247427 26.28888382710269 -4.757920136649805 4.6979385922449 26.324525129914498 -4.314743102842422 5.050579238657671 26.338314697835344 -7.115967258005848 3.817318873655376 25.746897015694525 -5.585186821447348 4.436200219778411 25.584170791303414 -5.767383692234667 5.216439955240544 26.223565469648015 -6.228457500917183 5.48147581098557 26.66359761883827 -7.333680076111429 4.359128626215221 25.17360853802854 -6.030619265250754 4.984200571935871 25.145724087661574 -6.246444869220555 5.613528485293356 25.89337923096962 -6.8073513558497005 5.741452045367073 26.452570801147512 -7.3982946182891105 4.906852707056326 24.738194197837593 -6.27189815106676 5.359497929176489 24.582521652359198 -6.304103542701377 5.802306837271869 25.116998951306304 -6.699350662267501 5.890513969360006 25.52762414084074 
-8.539021349540082 5.836137136242843 27.065036389899497 -7.552515879491481 5.48966930181051 27.64554340580496 -6.8629086589389425 5.200959575138416 28.217110944594125 -6.026138361806299 5.436987013528966 28.298707071516596 -5.312905796124426 5.812693845084623 28.471756814877327 -6.791080562411797 3.546507575479465 26.568718929290412 -5.507204452340663 4.102782956333015 26.27796149486627 -4.755836617735329 4.7054275357066375 26.308226219881885 -4.3028526446753546 5.081544103621589 26.322650437868987 -7.109091663297723 3.8257268737439727 25.735061088212248 -5.574872630444924 4.432314820483782 25.573830296490954 -5.773006827074863 5.233304674621324 26.24832614612513 -6.253284043569805 5.512282205968793 26.720120576435743 -7.3247903810919945 4.384255795932226 25.17400329627005 -6.028456266390923 5.013351030193799 25.18800170316195 -6.254635697678965 5.638409501690317 25.918856148729617 -6.820107776566234 5.760210893204971 26.497025531159572 -7.408328385661784 4.94443134263067 24.766778448719485 -6.274064573062987 5.361509923955238 24.604721346539577 -6.307661404286267 5.795953685855514 25.13377919753004 -6.70266948269649 5.889227585609799 25.521926603700813 
-8.461373790757518 5.866164942904918 27.031992336079 -7.51024459719089 5.520710337169263 27.64252335843269 -6.8565704693109515 5.226559783292391 28.21200065667256 -6.0400746404560985 5.449932957502414 28.312719731121824 -5.355813278281559 5.798204359659246 28.535648115596373 -6.798198254144093 3.5548834628431916 26.616679873440475 -5.489248052183913 4.099880238666292 26.27716053289228 -4.757595874940679 4.682090750775189 26.317691359139825 -4.340424653645168 5.050086805926075 26.34928518490568 -7.105614496587122 3.806786135333216 25.758765833957504 -5.579681884144985 4.4325342892141535 25.59091357174878 -5.746072780982833 5.2175284781656455 26.230703620427104 -6.25111579813822 5.504376007570286 26.71925206952821 -7.311791828729027 4.353195687417517 25.18159613993433 -6.006674718089954 4.976528353664219 25.130576502746543 -6.234367795360965 5.617461750314469 25.88863193051902 -6.818011035712159 5.75239461792315 26.49626230734335 -7.376197684683509 4.909657783995885 24.752543926909752 -6.247128813502974 5.359980949309928 24.573927847598277 -6.296542988290411 5.815771406485969 25.136018337475946 -6.698446966935095 5.921706908312003 25.571882610867174 
-8.498803491326749 5.884593852010406 27.070987195258834 -7.511341873330734 5.538018129078225 27.650379150395583 -6.8468007767599035 5.22333553401857 28.2248071414619 -6.039346506648022 5.432656146165284 28.30474643933243 -5.371464153082974 5.786851354661119 28.484573272638205 -6.778795542169234 3.543786448342969 26.58631927318128 -5.499357333624419 4.118921303138903 26.27231768680191 -4.765549201864436 4.6933785526062275 26.312245789384438 -4.352372396659275 5.061821110539781 26.361116862348595 -7.08535073030679 3.8038429152865967 25.735639792244456 -5.585186821447348 4.436200219778411 25.584170791303414 -5.754979591510623 5.230320554872727 26.24791127673445 -6.230109273065296 5.522090509158816 26.73376054588063 -7.300145722689973 4.355305474915905 25.174718770227056 -6.036386775031738 5.000458053155494 25.169332467835826 -6.255992226030906 5.6240222192635745 25.93532168364363 -6.828694314193496 5.763361503290825 26.540050913452102 -7.392508239555028 4.923477658952859 24.786078609599787 -6.267249041864613 5.334690179873316 24.553541557901816 -6.299414638527441 5.776643371808662 25.087044002179997 -6.69121096040737 5.887905095850366 25.540296777330166 
-8.440604792723288 5.894377072722217 27.055349733186922 -7.494671269101367 5.543280875107649 27.650638946653274 -6.847783226822107 5.2406570124545615 28.23281519214558 -6.0478598186582015 5.459137754218693 28.333534399540206 -5.34716586595093 5.802202163599866 28.52390181812566 -6.802764284771493 3.562916075568526 26.641195139588362 -5.503553833826098 4.103169881245446 26.282951426551783 -4.7554037316451385 4.674292067780146 26.316750554686227 -4.3304705573251 5.046885917585995 26.36042649942137 -7.10303403074714 3.803576702658685 25.78930903459916 -5.584494987631793 4.432753963174033 25.60801206363714 -5.758201701765312 5.213432630710446 26.235612746922552 -6.223949797114083 5.504624021173753 26.708046753740007 -7.3222110873962105 4.346447450718355 25.216308796665693 -6.013305045564268 4.968790110839842 25.14175401292587 -6.234367795360965 5.617461750314469 25.88863193051902 -6.789447269463852 5.76141085533966 26.4918974479107 -7.4015496108030625 4.898316755735054 24.78553561953848 -6.257419619877292 5.324943783962463 24.565339505551233 -6.3001231343251005 5.7874961013274895 25.11591626133465 -6.679059507635925 5.911711800222542 25.571820675181527 
-8.534596881879983 5.893016382439433 27.106919447550414 -7.52483755712447 5.507238868841753 27.670252010864978 -6.826567925985693 5.198957484437343 28.212494809892803 -6.019626530406976 5.3956063316333 28.312035885899814 -5.314424207842318 5.754099937052153 28.490568981547696 -6.778795542169234 3.543786448342969 26.58631927318128 -5.504567406869268 4.110453874709531 26.261401229961727 -4.759571298462592 4.689334392568698 26.296453669016575 -4.321013800060341 5.0589423624199 26.35636760926027 -7.107502747379356 3.8142046465326285 25.75954155504351 -5.574872630444924 4.432314820483782 25.573830296490954 -5.741525792697744 5.233063228912715 26.219898263924097 -6.231622340905315 5.513372630929572 26.727354890461072 -7.323050400481506 4.357487568421011 25.191824889580868 -6.025932729233804 4.990258934941954 25.18084359854204 -6.236311549246087 5.619375675426452 25.911993728071785 -6.808771016576123 5.775221550787525 26.52286672231451 -7.407177040780464 4.918091325539824 24.78463862721855 -6.272106507999514 5.319905011899366 24.564052501960337 -6.281791849120176 5.758254126412665 25.081081905534663 -6.675185768567649 5.876661327928543 25.534553199555326 
-8.469043076851882 5.865215225200913 27.04951980675034 -7.529247678944643 5.497025882161395 27.6575168593798 -6.883531453176078 5.210771042856 28.24813921343997 -6.055594499230279 5.420648486596827 28.329116428639008 -5.380912415902633 5.771275571990483 28.515303298012856 -6.818730202093587 3.5577030224555233 26.640938969967017 -5.505110721498412 4.095094808537814 26.277023436017725 -4.773564833324444 4.677585076373475 26.317699142832634 -4.348259258150549 5.035146991082352 26.3767087772372 -7.104927236705473 3.8110044604831037 25.790091946195876 -5.581214353243424 4.42444114260871 25.585089449113973 -5.731813649638567 5.213868681459796 26.224972565279618 -6.228789324828196 5.48884394072501 26.719207233544026 -7.303900412698647 4.35036045785457 25.194412085242895 -6.017078257208771 4.977649082728289 25.16471369870246 -6.197414776891976 5.607245230578517 25.890116046985998 -6.767438930051005 5.745810283333336 26.492321961541023 -7.375899036303091 4.899102728017317 24.77691077360598 -6.247919623473405 5.335997063398953 24.561793586729188 -6.289871725846828 5.782681973699549 25.105496968971693 -6.6758523956339975 5.892981080536306 25.541409544527106 
-8.366114712572497 5.857598856183889 26.977633278534316 -7.417246557236869 5.520781262736857 27.586355792944563 -6.798258096362201 5.227527654358734 28.18605808743164 -6.018317069334667 5.442082256605392 28.31221129710817 -5.337298035587211 5.784151541363279 28.50195749787469 -6.763961221646818 3.5407137136646236 26.5804453060336 -5.4913427961501995 4.107569852554655 26.278098414395732 -4.757920136649805 4.6979385922449 26.324525129914498 -4.31248533807563 5.042712374392665 26.33736207096727 -7.084378505446879 3.812162204237039 25.741682264846585 -5.591538228074813 4.42832197951289 25.59543222155201 -5.756591962492416 5.221875135443701 26.241759717590824 -6.223949797114083 5.504624021173753 26.708046753740007 -7.301059237181229 4.371034958396536 25.18135879838358 -6.023956513958157 4.982873208272434 25.180218028027348 -6.236311549246087 5.619375675426452 25.911993728071785 -6.803343875838316 5.748539357970634 26.490439134186648 -7.391579600357141 4.932074086516063 24.792096926200713 -6.260136563933705 5.3425291780016915 24.593829399124672 -6.276213815942962 5.779073200252102 25.10059939643951 -6.672646168135228 5.874281770267643 25.511054094525246 
-8.55899864763843 5.8791491683594 27.119053016615403 -7.547026582346968 5.509067939424679 27.665119206968253 -6.823127690860804 5.184142011900867 28.1818488920065 -5.995806047062549 5.369404873535462 28.27857156509154 -5.287377545368996 5.711645812874287 28.47879136625539 -6.78844188372855 3.5588599481522736 26.60659903589591 -5.522598075978419 4.137631604258347 26.297496040569957 -4.772028627284743 4.701488160979012 26.330431638731618 -4.346713507699507 5.058451396038341 26.36735774523809 -7.093128856314235 3.811171576310207 25.754288732686806 -5.592535439868277 4.459529473009577 25.6086458976222 -5.7608688311524245 5.237396530465287 26.24340907019607 -6.230109273065296 5.522090509158816 26.73376054588063 -7.309949917593816 4.345925174429196 25.18096805804914 -6.027910223105259 4.997645374807366 25.1814696169777 -6.240468712655465 5.634685702415334 25.913395084693157 -6.805621629313907 5.7791166902340745 26.530659930448525 -7.408098283937832 4.909496595516817 24.778626073442677 -6.272106507999514 5.319905011899366 24.564052501960337 -6.291296554789962 5.774082229482811 25.099445937656665 -6.6576721963037055 5.901696750665513 25.55006595049215 
-8.431418144727102 5.849001722698736 27.01302191112188 -7.488185570016062 5.489454735691973 27.60144916780428 -6.879996670381932 5.195887855933915 28.217414177343617 -6.0815517288826175 5.398931094800724 28.335779033702632 -5.4451832967234886 5.763620036959254 28.555670764843903 -6.81122427850736 3.5260350314643243 26.608295133796336 -5.538491106483049 4.101680509836995 26.306134716992332 -4.781432195990686 4.673576358616681 26.327616711027964 -4.351674725910399 5.030645406033646 26.369513846154277 -7.105614496587122 3.806786135333216 25.758765833957504 -5.586528919342602 4.440257235866769 25.608787570071932 -5.733953184497853 5.221624591119891 26.225798235441843 -6.231622340905315 5.513372630929572 26.727354890461072 -7.295015643274343 4.351279186764138 25.18213619172756 -6.01366833239469 4.978571049905721 25.1699790669601 -6.215553734137327 5.620513092503464 25.919613940072477 -6.7681999146822305 5.762534130269357 26.499598767319355 -7.381518466744776 4.918858592439537 24.77600780167091 -6.270761239676227 5.328294455083299 24.569875805873018 -6.277642554250813 5.77047894226968 25.094553180621805 -6.655001997223577 5.877848591787467 25.54262559646393 
-8.445235245794509 5.871746194160585 27.03289937926813 -7.442737660192394 5.495062766865521 27.589621742986505 -6.80225509916529 5.1936484587204195 28.189958372721915 -6.016861001287446 5.407554542025596 28.296283889374077 -5.334348443762265 5.758234458595267 28.492657391842762 -6.796724626214961 3.54624068230196 26.58702803980755 -5.525157238505152 4.105677239440002 26.278760397534757 -4.775756812657519 4.685383062224215 26.318640393222175 -4.326671117836282 5.062302898572228 26.350129843553 -7.115967258005848 3.817318873655376 25.746897015694525 -5.5950974508710285 4.427722325190673 25.59037469707775 -5.755256752458247 5.220532171622716 26.218661691315166 -6.2346149419226276 5.498901918629622 26.689254862832744 -7.3159962697428655 4.365682878762955 25.180180767987917 -6.044868709284373 4.9942109713291565 25.202931949754063 -6.250479843652545 5.623097241032835 25.91745532809608 -6.803343875838316 5.748539357970634 26.490439134186648 -7.4044384822767215 4.919506951216095 24.790144630653707 -6.287634369618543 5.325243530227471 24.590768561895146 -6.287318294523648 5.759284468210167 25.09836152288312 -6.677844088074415 5.859079938200991 25.522016704975538 
-8.478508991999977 5.87434426624415 27.070285447227022 -7.492488835285005 5.508678079847282 27.63493436478563 -6.824102451416377 5.201424351974357 28.189830227122982 -6.032445296864363 5.411636135924709 28.30356203467037 -5.356769130025344 5.754675258616634 28.512828109837297 -6.797807826763386 3.5379555296454344 26.58088652638347 -5.50984260285036 4.095102475440722 26.29453038859164 -4.761654853291841 4.681844181010556 26.312744131863745 -4.3170017720723015 5.058446928206351 26.339267699042548 -7.102565087557542 3.8059620939946766 25.73561172760085 -5.591538228074813 4.42832197951289 25.59543222155201 -5.761945563590531 5.212747906731393 26.23029547238388 -6.237952769150123 5.49183612836431 26.706811103437225 -7.319670605350919 4.356028460319522 25.168777008404746 -6.033131552560715 4.9982161484511 25.198580812517967 -6.229719538373698 5.624234654266604 25.92508178146622 -6.790782170915637 5.7525000063299245 26.485382664804693 -7.393435307837443 4.914884665308176 24.78006547994835 -6.261488920316005 5.334134922094683 24.587997063335003 -6.289306762987827 5.766682960534132 25.098903503624094 -6.673975128514581 5.865494400153174 25.504793539999273 
-8.40643627254398 5.83825232321499 26.988807428262078 -7.47253091063667 5.488670976404589 27.59756407309562 -6.831411995901279 5.2001266683108565 28.17868906391723 -6.01387067204 5.41522724503027 28.278005887731027 -5.323756652087689 5.771020870842153 28.487679928857588 -6.779885321663529 3.5355066674335216 26.580177525288317 -5.526258607703337 4.106085296122609 26.301272757490462 -4.775659421616764 4.670081945718241 26.3340064475462 -4.346227363343758 5.043187395770917 26.38257326013053 -7.09220919843927 3.7954340944907217 25.747470792438993 -5.5930676770571095 4.4202263631929535 25.589602894608046 -5.770339967001149 5.209337047351663 26.24052562307564 -6.241292235098119 5.48476060448008 26.724377614608176 -7.308109628745197 4.3386553694342265 25.180340525715746 -6.0410654744609396 4.985327323027736 25.179906457399316 -6.257462956287418 5.615369719342205 25.92908602025971 -6.807234046231038 5.741735154026415 26.508276973809654 -7.393467763954564 4.890534279535563 24.767540584357633 -6.258768649382134 5.31655949381407 24.55952068826714 -6.304386607574935 5.76168755906653 25.097747168348217 -6.690538995249061 5.871584649420571 25.53344010512267 
-8.578533167107398 5.837043937964537 27.056184429675366 -7.5770308463422875 5.470071476117965 27.624103406772928 -6.854948456019133 5.165700039653583 28.181238960342924 -6.006016680315968 5.372750891041177 28.26633896174904 -5.282959944739023 5.728101215713187 28.46749147860204 -6.803295150098559 3.5619388825062743 26.612488240485675 -5.526803963373305 4.121870151025667 26.3081515928652 -4.764178325451685 4.705491472790456 26.32051623710583 -4.334990048796261 5.062633714649773 26.36233941915514 -7.109392594084633 3.8216238523313986 25.76031785323036 -5.593568534005369 4.435820593874544 25.596203636724148 -5.731030837886124 5.228717413102405 26.20886534301747 -6.20116482873666 5.520682402035103 26.698596734200816 -7.325807309523464 4.35629651450087 25.18643657018793 -6.0410654744609396 4.985327323027736 25.179906457399316 -6.21215520701449 5.627243842079345 25.90248083939482 -6.770304907764567 5.77035581823288 26.50036749979329 -7.42457399859018 4.91128026663121 24.77769873352447 -6.262858182750144 5.30471915690498 24.54625134226505 -6.269575725155268 5.746073016388946 25.070161257267692 -6.623482045092564 5.870824255939766 25.484117133233784 
-8.494852518736499 5.807152473513922 26.99918041672376 -7.5625574578466335 5.457030203359764 27.61070488325281 -6.893768330633192 5.165184665795897 28.208505008409503 -6.076130965350815 5.3981909805784 28.31619628534082 -5.440034429234621 5.778983460748736 28.519343380354403 -6.825012875720005 3.5373997363260172 26.62034866052128 -5.517327858579276 4.090692218304275 26.28187465697922 -4.801716884867953 4.669360104066359 26.344888620075412 -4.371750272467973 5.026769565986021 26.386764484156682 -7.105614496587122 3.806786135333216 25.758765833957504 -5.579681884144985 4.4325342892141535 25.59091357174878 -5.7301969383531635 5.222302723501855 26.2311087096869 -6.207775365320954 5.5095033157467785 26.708410113723364 -7.2931747057884 4.344007933858659 25.181509109790014 -6.022836384244233 4.993907678602464 25.18833242338491 -6.229719538373698 5.624234654266604 25.92508178146622 -6.7807577932603 5.758572509910682 26.504662886429795 -7.3522448507958185 4.905273317844069 24.7663575916221 -6.249839584250885 5.343199364229703 24.562288460224686 -6.308938789025802 5.792490002139307 25.105426545579427 -6.693210336080211 5.895428152634427 25.540878104440797 
-8.453672594605036 5.8019993971030805 26.9758847104637 -7.50049208808433 5.464992440304806 27.56774743104886 -6.8340777664773 5.18219941916752 28.16516063159961 -6.010088001483372 5.419908515365215 28.28604522391965 -5.3176024088486455 5.783593799279669 28.477272030087757 -6.793637129284623 3.546860761885059 26.592196119424827 -5.509299389543433 4.1104718557124595 26.278900036984645 -4.759789020206074 4.689890210166355 26.318632573739457 -4.3187533449660345 5.051069425728415 26.355410853247733 -7.084378505446879 3.812162204237039 25.741682264846585 -5.581214353243424 4.42444114260871 25.585089449113973 -5.7525961267715156 5.196595661501941 26.2108816878345 -6.22812063839289 5.475215365878377 26.686660685887443 -7.308108340752252 4.362843316559876 25.19299606831255 -6.030769333856799 4.981022196000884 25.169671291919094 -6.237787259795041 5.610732760536875 25.905767850336133 -6.799153424633809 5.732911857707753 26.48891382281655 -7.379699367729894 4.9116794445344825 24.77549425910497 -6.260685035582722 5.3237588870549715 24.56001499023776 -6.298847616313417 5.760652948969086 25.08045786845582 -6.694115464746604 5.864299356453373 25.496691668585644 
-8.392563364574192 5.826442932700628 26.94221726049753 -7.488291369392202 5.486479714497258 27.570034981796525 -6.86420408860284 5.198958158306255 28.18605598316333 -6.070041260860369 5.42780870230166 28.31389312719449 -5.349318956252775 5.761475616512204 28.47538916667054 -6.829015075405021 3.552749093976062 26.622310747473687 -5.525712978553639 4.0903092621976915 26.294398203716568 -4.785483620378973 4.673325938128982 26.322657811695535 -4.340201754306268 5.034184508498627 26.342476599331594 -7.120920625575261 3.8255750378349793 25.770853111418617 -5.5999207784117155 4.4279405750776055 25.607480357672333 -5.78325341739586 5.211654766562992 26.223144764741235 -6.247943713861983 5.469518090358054 26.680753234912437 -7.3239740925574175 4.373229795159808 25.198472654134335 -6.030769333856799 4.981022196000884 25.169671291919094 -6.239864822599876 5.618384785830179 25.906468719591594 -6.806769646330264 5.747441163431169 26.48468741802989 -7.397073539887302 4.929245484380706 24.781092536695716 -6.2748453738969046 5.337493147353073 24.592548085853824 -6.302967656687704 5.770287059302547 25.103798752809574 -6.692536777422382 5.8791044578269345 25.534021468708474 
-8.546101914147092 5.884623340159645 27.079774237067834 -7.554916015314547 5.518212083312691 27.62708401851285 -6.849601594192527 5.208561296402444 28.184115907791302 -6.030065470865915 5.403212850704358 28.302317051335706 -5.331894864324991 5.749670245322728 28.491377220168143 -6.797642913715444 3.5621970030650685 26.59415355711232 -5.523607913299513 4.113760717677502 26.284688435600586 -4.771799430636124 4.70092312139569 26.30822713190818 -4.3325912843681165 5.065002313461975 26.321894122361165 -7.118779432115771 3.8404873080395316 25.754493252676028 -5.5907777528166145 4.443093251410556 25.579877517627725 -5.75578360381826 5.23672925164842 26.22562512854438 -6.231594558805246 5.5163247672034865 26.70205394503737 -7.3327768006384435 4.3918125265053565 25.19229363805346 -6.038208496890639 5.0019618720459995 25.191724492197537 -6.236911743259877 5.635679028117179 25.91892440597934 -6.7842329058966016 5.777113500461279 26.480589354583387 -7.428361677270584 4.948281851256732 24.788843690239812 -6.283599382566026 5.350450377569793 24.608294298332694 -6.284465420696244 5.776477737644293 25.110470402143275 -6.657307113459319 5.879354840455144 25.512170978328008 
-8.455455831044583 5.871427607176659 27.04670921387043 -7.528009340802605 5.506269184143471 27.635418263073674 -6.893381118800064 5.198444340310844 28.19900019122069 -6.08251871339607 5.406188873128806 28.311954401923305 -5.40584224632345 5.7762897763878405 28.536797780403298 -6.824419501797391 3.5447187609632858 26.597800934050586 -5.5363974047709466 4.09398524277494 26.305193696668226 -4.783293991175276 4.665528147023071 26.32171751821229 -4.345386226202089 5.022301318026595 26.351445911083243 -7.102565087557542 3.8059620939946766 25.73561172760085 -5.594069046371939 4.451423408732053 25.602808482388323 -5.731813649638567 5.213868681459796 26.224972565279618 -6.19681728215379 5.504875991146036 26.696855214477 -7.303827513204056 4.34566446247577 25.163322768859206 -6.031699407872635 5.006535796881371 25.204491119337618 -6.231801598974407 5.631894547351239 25.92578650165116 -6.782860640682259 5.766394520802001 26.505430769885695 -7.380629116735011 4.903095039358517 24.769490921035114 -6.257419619877292 5.324943783962463 24.565339505551233 -6.287189461270092 5.764448421850246 25.076117965197632 -6.66678293945995 5.873176998706611 25.49326102141569 
-8.448600308517047 5.897021793549406 27.04144169612552 -7.448238084991246 5.528568090852771 27.599454342111404 -6.798258096362201 5.227527654358734 28.18605808743164 -6.017589102982877 5.4248132315786215 28.304244998937495 -5.333126779836089 5.75544228015762 28.518372057344756 -6.802373574180181 3.545973538766525 26.605354166692283 -5.520325765830782 4.102422518789761 26.30801293960446 -4.784098757610722 4.685436222276471 26.330948054909896 -4.337022964836969 5.054593650375158 26.356484271771123 -7.128763913375789 3.808822701480688 25.776657435567042 -5.598392762317434 4.436042353237675 25.613313404771596 -5.767566015372364 5.229612764693463 26.255058583128967 -6.239305456916361 5.522134463721456 26.746688672686442 -7.330106061284863 4.349288062439665 25.203481749724187 -6.044466586238858 4.984396935889043 25.174631119751755 -6.259542033573371 5.623028446850408 25.929790150307213 -6.810102650480222 5.766297026756151 26.5163362196766 -7.411637953876999 4.9115236714682196 24.801623542862888 -6.2647691445317095 5.311912751282576 24.54674144371196 -6.298847616313417 5.760652948969086 25.08045786845582 -6.6693185670711665 5.875557052122599 25.516741845699634 
-8.546836503478037 5.875137167957199 27.07279137026181 -7.563710852561886 5.527268283963491 27.647965705046428 -6.8712981105163955 5.220129869642287 28.186800969308216 -6.079251704985122 5.423895672720139 28.325421477285413 -5.373486840217922 5.761823486754213 28.494644522299257 -6.828423055107716 3.560054900407723 26.59975888766913 -5.523607913299513 4.113760717677502 26.284688435600586 -4.77366198794693 4.692872390100818 26.302337801393683 -4.327220838713272 5.06096832291248 26.3061506370191 -7.117854322794305 3.82473404305416 25.747669624244587 -5.593568534005369 4.435820593874544 25.596203636724148 -5.774612266558325 5.224853869639795 26.242174258148058 -6.2492694573995875 5.502723414584717 26.695275016371763 -7.317835132868584 4.372954079999503 25.180803937501018 -6.0459692981561854 5.025654822575569 25.216024308498227 -6.258680025947266 5.6480065864339934 25.942969166197596 -6.801552441483184 5.763143962774156 26.47337276152046 -7.399979716921618 4.926068350517394 24.773168038242403 -6.275664862592162 5.347890158406628 24.620597039136094 -6.297529515624944 5.785971016612158 25.145642995810498 -6.671030454416125 5.889096881000074 25.548379930811148 
-8.462845900583515 5.872649509249037 27.066670112245895 -7.51901584393485 5.503296514199732 27.64870590938236 -6.876308661596494 5.203522715553519 28.198709314948964 -6.075465798557774 5.414289227921786 28.299112382192625 -5.4120012642687625 5.7799833111237175 28.53042304508196 -6.814167957366685 3.536970363069158 26.55501393264055 -5.517866686002655 4.106461244343264 26.28874518322723 -4.783622659866293 4.681376985727116 26.328556836994156 -4.347859314555922 5.046075936164362 26.35921357797531 -7.105114977805809 3.80915636762821 25.705110323092274 -5.5753672711176465 4.44790272041128 25.580422961497373 -5.735414806735769 5.200046199167532 26.18824642311958 -6.209502281690758 5.461895674949437 26.65587609195831 -7.298625791107458 4.361116347321943 25.152317311559045 -6.014754579965454 5.009961206932101 25.183030141558255 -6.224228653211771 5.623309506432445 25.90723545633684 -6.7701700601399075 5.747632807076246 26.46100042733838 -7.375266683876704 4.91824061809904 24.758542012754532 -6.259336202668805 5.332145492951597 24.565833247691693 -6.300834304980762 5.768045314512131 25.080997296153882 -6.66678293945995 5.873176998706611 25.49326102141569 
-8.446531123708711 5.889108615179931 27.04063972143138 -7.441550960549441 5.530617371976359 27.61107653593031 -6.7765458075640375 5.215926986089797 28.18334005701835 -5.982975192394794 5.4009302529599275 28.312171302653645 -5.321544274392417 5.701002234406514 28.530895525337446 -6.803295150098559 3.5619388825062743 26.612488240485675 -5.535205781891333 4.121502076624041 26.32070328015308 -4.79205856549563 4.696723976293767 26.32548117100788 -4.352622677905724 5.06115106622779 26.33908627316495 -7.10846765269616 3.805876765658659 25.75349523842395 -5.600158796804123 4.4524826193376 25.642126060868918 -5.769442457757405 5.2471913909897765 26.285185759211636 -6.24112922145443 5.523789288401248 26.770699717693656 -7.323966103135837 4.34902498139011 25.185808730796943 -6.0410654744609396 4.985327323027736 25.179906457399316 -6.245366555486942 5.61930874070705 25.92432223820095 -6.79676036486027 5.753518757691032 26.50397830543428 -7.420026299861105 4.905520735791451 24.782683618500833 -6.288761412325962 5.335392570247718 24.567453117344503 -6.26870490093287 5.770635518896656 25.082780796004194 -6.647810715549391 5.885530196852818 25.5310816780416 
-8.496726218426678 5.851280845944476 27.021579488797542 -7.532584101778092 5.492993660752395 27.62011498314168 -6.858246903963914 5.1912983786318225 28.190425980862216 -6.031713225624974 5.394379781405006 28.295599871292982 -5.289830887547079 5.720205435543752 28.480075233895906 -6.824753680018133 3.5679768058211665 26.582396858448384 -5.5501523556102095 4.112650642992871 26.295335665338715 -4.801790823684267 4.684665839201632 26.329500878622007 -4.350144367315342 5.037384957593208 26.331331854547415 -7.112863192261053 3.8405527675397084 25.736598656904107 -5.5950974508710285 4.427722325190673 25.59037469707775 -5.750352074697869 5.23304362424959 26.232355030026387 -6.215811630478482 5.524510242298531 26.704625276438176 -7.316914875830899 4.381421655470434 25.186825137640163 -6.0430419634043195 4.992712283780958 25.180532707612073 -6.231801598974407 5.631894547351239 25.92578650165116 -6.784964956862957 5.774217420053179 26.50619922244219 -7.407147093684522 4.94247668405913 24.797190855997247 -6.280850938956858 5.332839385288988 24.579754328941963 -6.293415921964356 5.776320963992506 25.122258402054698 -6.674895093501541 5.88267955061187 25.56563192191906 
-8.464153406542625 5.89003065958513 27.074424766039353 -7.500231854319427 5.523905387689743 27.63113124154808 -6.865197012101391 5.216256096539561 28.194041011059195 -6.065279614879975 5.41095802573013 28.311401169895667 -5.352358735329532 5.754889905602619 28.518288569173443 -6.801341931043479 3.541559811963263 26.550138688161258 -5.525881359659642 4.117823544397508 26.282960411978557 -4.77932858852987 4.681077462644216 26.31130768130586 -4.34789193063905 5.029523701640018 26.330383976796288 -7.095700542336688 3.8143677507216687 25.723782029774508 -5.587711350767477 4.459295785482333 25.591539703056394 -5.731030837886124 5.228717413102405 26.20886534301747 -6.20202632862872 5.495378501646066 26.68496151024312 -7.297701848692594 4.3695718191877395 25.15832406123473 -6.025041703598887 5.0142803312311575 25.193286442052113 -6.24449719828896 5.644274377340764 25.93749110897728 -6.797528710688292 5.770256963493896 26.511265692623823 -7.393397627726513 4.939258776139309 24.792608748168025 -6.286862735215346 5.349257517748367 24.602942402021366 -6.287881685068983 5.775280315374787 25.10495504620143 -6.647810715549391 5.885530196852818 25.5310816780416 
-8.478821093253915 5.852559239752197 26.99030121577029 -7.470594038569122 5.474502748188789 27.5625074959381 -6.8147130451240985 5.1789552880025544 28.163655658557573 -6.019123079645259 5.382617209611399 28.306606931792977 -5.319584107630886 5.709766276643398 28.537627182174905 -6.810487674048474 3.5576057918660924 26.599054127975812 -5.542682151318306 4.117073302410819 26.308018218713386 -4.787674257701189 4.681124504266685 26.323598517701814 -4.33816832133551 5.042218020576892 26.348333156011396 -7.115967258005848 3.817318873655376 25.746897015694525 -5.59560004163961 4.4433199189128985 25.59697549893749 -5.762477505067529 5.22894861190878 26.237262771964673 -6.2129807602582865 5.499996380822674 26.69649376300411 -7.317831611593117 4.348762186860592 25.168152445338816 -6.041215656164883 4.99120965327262 25.158156970886612 -6.256106709615472 5.629755756206647 25.91262595546652 -6.807540210546796 5.764170379133078 26.491966720897395 -7.40182600239575 4.908883252038453 24.76114683138298 -6.265900904637748 5.343081405734066 24.559364871360238 -6.289871725846828 5.782681973699549 25.105496968971693 -6.683730583928357 5.9016262500273475 25.5598303895747 
-8.431672601122647 5.912055271761495 27.049288810511523 -7.47372004410584 5.52927016106794 27.61738033866765 -6.842156690984622 5.213659100433062 28.198117650950994 -6.034716844196798 5.3866919962911215 28.313893693785495 -5.310500750166056 5.709841384089858 28.448529355502554 -6.829920921038062 3.555984310027956 26.567982943942372 -5.54805977131506 4.104958442214842 26.29439800797303 -4.795296313683077 4.676567620525125 26.311303204154733 -4.356014823934938 5.056660235032778 26.331902678788897 -7.125342740305714 3.8361779536262977 25.741068667843827 -5.589245857553245 4.451193231724585 25.585706396027323 -5.745277334421524 5.232377167159845 26.21458393013591 -6.215811630478482 5.524510242298531 26.704625276438176 -7.3126184636550144 4.3884115173059275 25.169788326697766 -6.030809899835322 5.030583839481962 25.216953935883723 -6.224827192642771 5.639609458443739 25.91416126297792 -6.773027582364857 5.772155172496722 26.46902614012449 -7.3889490992372515 4.9458107944124095 24.775632535616687 -6.276232171038069 5.363518877787365 24.62694496401628 -6.291989589096003 5.7849254923848745 25.128319089262405 -6.671315107550912 5.883072700050976 25.51731963810011 
-8.556369245441966 5.884281033991962 27.093618226314874 -7.554718078575065 5.497798009831788 27.64655168116956 -6.8438391726720305 5.178430712741535 28.176577029451032 -6.010041662241108 5.372344579364531 28.260877418892235 -5.302871471633972 5.715973221183572 28.486330784657493 -6.799690118326034 3.5571256837241565 26.533793338422964 -5.531619256178157 4.125116895067753 26.27889008103249 -4.785568977421119 4.688617375826337 26.307287099634834 -4.3384310713006915 5.041564588715266 26.326331074893275 -7.106997618119146 3.8165584791736133 25.705876610486055 -5.582398333393867 4.443471524896858 25.567854959344846 -5.74181788896889 5.2232767385743415 26.190701847335564 -6.212691693663157 5.489657813988592 26.66620081840257 -7.326622965433502 4.36732126889736 25.16196574588277 -6.033523920499475 5.017096210776964 25.181150382557192 -6.226308550847007 5.630963816338638 25.907936648922316 -6.794982818565923 5.768130384563033 26.486911954991733 -7.43019428811484 4.9310645332184455 24.776795085266986 -6.2661494008450775 5.337876301469577 24.581044590304284 -6.255063775294434 5.767032074105461 25.077895947577908 -6.639462465909932 5.882044510038841 25.48982525121197 
-8.45014272059238 5.878115005680371 27.027572326618568 -7.475990484349973 5.484545250770836 27.589093620064858 -6.830776506981174 5.156628109800817 28.15599262473463 -6.008488037657345 5.3520982327853295 28.279223677830313 -5.311893498464464 5.670423206270262 28.503176005584624 -6.860674898652701 3.553828609950281 26.573543046614812 -5.559157154246522 4.1001441624038515 26.276715932893627 -4.827175951031311 4.652232884660754 26.32667775224198 -4.3954823276214405 5.017748120823725 26.374754871852936 -7.122266972986074 3.835320957743442 25.717901953593316 -5.583931660889298 4.43537769772786 25.56202979210858 -5.728892138267509 5.220966146744505 26.208042857310744 -6.198990379104488 5.512778743252428 26.69772570214259 -7.313539911842663 4.379945308639225 25.16377239909172 -6.01802069695008 5.012193415120857 25.15381113338205 -6.231801598974407 5.631894547351239 25.92578650165116 -6.790941634766947 5.775250133542357 26.524812693599678 -7.391698295656413 4.944392117543019 24.770130673959876 -6.2705468941853475 5.367901466591681 24.58835793850011 -6.307661404286267 5.795953685855514 25.13377919753004 -6.683730583928357 5.9016262500273475 25.5598303895747 
-8.520946545315619 5.812090018815533 26.985114634587216 -7.520336158137994 5.435252534151849 27.578446943412725 -6.82268443806027 5.118276098259373 28.147329832672902 -5.979942271216578 5.309217494805234 28.243439675978188 -5.219417212123204 5.612998424439609 28.416479613734094 -6.824717761639688 3.5552240016837025 26.521033222840398 -5.5505633250140995 4.104141328684597 26.26687533602295 -4.809803093867813 4.668851294056825 26.334973078965245 -4.366306366279335 5.022750512576932 26.370966594698732 -7.116349989407562 3.8353881856930805 25.700033861733104 -5.607708137875836 4.430177778520751 25.573504514217653 -5.746357950518827 5.207756224568209 26.20150216945028 -6.210522657742112 5.481767695423156 26.665333280364145 -7.320484417147569 4.391239613416196 25.156968701299224 -6.0430419634043195 4.992712283780958 25.180532707612073 -6.233279613175097 5.623248263061091 25.919562115904743 -6.784198574793647 5.7574828599499845 26.49891703367181 -7.410141954672004 4.9516078811965745 24.767283991523474 -6.27214607924794 5.354295160239513 24.604226473151986 -6.283844127383247 5.782352349296089 25.140718592496583 -6.661525780059475 5.8952839823452745 25.567314284842986 
-8.392403142004852 5.8517242369206395 26.990508460723266 -7.498042661111264 5.462918913509246 27.600813839401948 -6.8455040888290455 5.143250780576431 28.155082228064632 -6.0389023666003965 5.342974316940093 28.285803118043077 -5.33309671098509 5.661082278929883 28.496348669911395 -6.9030106191626 3.5426223567411617 26.52861851275515 -5.619611174427085 4.065931081910833 26.296770176443943 -4.869220911099737 4.616319135410727 26.368384933311624 -4.415936377577443 4.970902556568358 26.414374087308545 -7.156279312903719 3.8436086798582036 25.69250743786043 -5.615005253404594 4.395403553172264 25.56987910207077 -5.757144568364011 5.181054497193151 26.22168313020923 -6.201643645640411 5.492066695216766 26.68274442077644 -7.325078299724567 4.39729903329115 25.15218812981178 -6.027363810397501 4.981948371046101 25.1749416422426 -6.22570799762369 5.614669694322094 25.901015207380897 -6.758392662510209 5.768299356977093 26.463219516096217 -7.388141756333543 4.966706691309673 24.75968211643765 -6.258218865553534 5.3353183270076485 24.593334129625667 -6.292849458187577 5.760315840016111 25.115657277869808 -6.664498850666629 5.871672735605688 25.523709196801885 
-8.529575356930295 5.85241306810271 27.09292634537913 -7.584765990310006 5.464787387210633 27.66872648705848 -6.86394275616566 5.1151878054731785 28.197039723892754 -6.041307548381691 5.274811611378452 28.273539153896596 -5.283656229729915 5.560969960714701 28.409240009840936 -6.891218979882551 3.5389050090461476 26.51761546195387 -5.597027471458234 3.9993044198442718 26.22348606294181 -4.817150135715463 4.546007835139863 26.291164804705225 -4.329752236113246 4.8649769463425425 26.30180841831663 -7.170625089286806 3.8466394585673798 25.6977109852721 -5.61900718759567 4.352390782842418 25.543363761244 -5.785667717653339 5.131391670360731 26.206116476292035 -6.248935088721946 5.402419464360662 26.646259641604047 -7.352169840696089 4.412004364092402 25.167855075078087 -6.035293262530604 4.9690779322478065 25.156286600691907 -6.23206787783821 5.590661945199558 25.90571618986055 -6.788199201417353 5.7307691189395955 26.479406546944073 -7.424515323980494 4.98450238489317 24.815376779629883 -6.240253044790723 5.307195125386805 24.559818407489544 -6.271115875640053 5.732308869818972 25.086341503474898 -6.664788796023808 5.865669403331695 25.49268603653418 
-8.439970082095385 5.892962039686528 27.089224404693248 -7.518943470539573 5.479803409272371 27.665530243317694 -6.873194818971273 5.148444976102813 28.201888007306525 -6.105372966739992 5.329634071034024 28.32116038962707 -5.378173707206122 5.625709757649522 28.472438251049944 -6.859607512714542 3.52516455275862 26.50503597773436 -5.591090608730141 3.995620637918135 26.230258923947027 -4.8342403268896215 4.528970295889755 26.26070603532407 -4.377016831546686 4.873832859905755 26.26717600380636 -7.154415962531725 3.812148252851534 25.67890956197793 -5.604849055583263 4.379449118346059 25.529160876689417 -5.783752433940215 5.113954688671877 26.17612459894471 -6.256726432633734 5.372330023391303 26.61941375736451 -7.336314293192872 4.377411345725795 25.14975783119028 -6.03313698451927 5.007263794808076 25.152861267662317 -6.2624757266698134 5.605728088789655 25.91733416041237 -6.8146292169323015 5.713917445491518 26.48299158078827 -7.4089659362652895 4.949662996746378 24.79770292185784 -6.241930422411908 5.353958690125937 24.57876860190008 -6.307092147599227 5.779933215819162 25.127169320209333 -6.703246768236938 5.884106209461002 25.544881106242954 
-8.50059230026425 5.88892561713284 27.10332102225706 -7.553593082573078 5.459969026204109 27.68713615866232 -6.872283121969906 5.117097123953817 28.24240566924396 -6.057434464717589 5.276821973042398 28.332128554630884 -5.331203583734507 5.5630668590739045 28.475349889282896 -6.889232536445516 3.531266728251546 26.516654501478403 -5.61227209414238 3.9787570077275656 26.216464834342236 -4.835397162022372 4.504725173178004 26.225915090572506 -4.346900481432537 4.826155517191199 26.197220298339108 -7.184038544139022 3.8339245606259986 25.696106363763228 -5.616192316226996 4.359685954779174 25.527070300093772 -5.780254085297402 5.10494844738761 26.15228940781315 -6.236261188049048 5.357590493867118 26.564975836280478 -7.367089664079712 4.406635246603121 25.166655482559648 -6.051510647353363 4.9955226938523625 25.16838639846018 -6.2639390450716865 5.597082798672554 25.911113393155723 -6.797423816928399 5.707998889638345 26.452885578470983 -7.426361361810222 4.967259861834395 24.80331183402603 -6.246782047422392 5.339167327028771 24.58927581524746 -6.298385346927558 5.761348242968503 25.132969192354302 -6.712462959331332 5.883935714842158 25.55703103039899 
-8.411489419754282 5.890901376052703 27.075462324956803 -7.494632966902273 5.466886466624431 27.638070018322654 -6.865055345659705 5.1100320253373 28.193188742995773 -6.09922341562566 5.2825852190515326 28.30540183248245 -5.394609816858965 5.57038054036518 28.474014191178785 -6.913244863422834 3.513414346614894 26.49671333930444 -5.647873337884393 3.961721635871153 26.255194291145745 -4.856737902911155 4.45733271925812 26.243312510172725 -4.341292949552481 4.758618972566702 26.151099843422834 -7.191480029282055 3.845363678895969 25.689466689506467 -5.646421213742094 4.334485914754417 25.51934952524312 -5.806385912452454 5.057323212850849 26.165048309430045 -6.244965738115693 5.309439634328423 26.55257137877149 -7.359096788698085 4.423307236359677 25.161036959088513 -6.041215656164883 4.99120965327262 25.158156970886612 -6.266755995674717 5.574045535311159 25.921342797045696 -6.787268673015954 5.691413001028945 26.432808373366694 -7.399072801946499 4.995760419605908 24.782303779274482 -6.24790502730465 5.370386370582664 24.60193571642192 -6.32434491848644 5.7771805782599195 25.14887636659013 -6.710710123027723 5.870397778588741 25.52534489348897 
-8.488257235870991 5.875725615927983 26.984030903830835 -7.498448982066546 5.366154970493826 27.454174774198687 -6.712283399538459 4.8699627109556145 27.922934730355323 -5.8711520110044155 4.887881381136407 28.095856705767005 -5.073965392078587 5.049066122346839 28.345662323177258 -6.921993563870302 3.5186433794338896 26.320746821931568 -5.715240202559228 3.8722056078872003 25.970998431018728 -4.924608691014122 4.31143255011407 25.883947534921266 -4.423262350252294 4.575616671246186 25.729929119408407 -7.220748298385992 3.883019920035999 25.57461667432111 -5.622834415965631 4.343837747245128 25.2467248057176 -5.772236795502293 5.043642380313775 25.937130322699023 -6.222592252057029 5.289446988651983 26.421870649178583 -7.374474624046106 4.4565693918193166 25.063941883025706 -6.032210834434018 4.978156161553315 24.917360377332695 -6.264880306046173 5.537722470847074 25.70069212923299 -6.808082819106011 5.675557278944536 26.253650619502796 -7.439781867560783 5.047342974703518 24.7311925947668 -6.2221608431924755 5.346893332007829 24.382181073824214 -6.274482066778748 5.759398836529477 24.966597106799007 -6.665951023147354 5.877375233981905 25.416557790700328 
-8.576737386690917 5.7618732647444695 27.014162246615022 -7.588840307923225 5.255590920902941 27.452882403659004 -6.654783772492396 4.661678298066742 27.867095368670814 -5.741590509773196 4.588296645644129 28.08667045283812 -4.828569435189222 4.642359746180227 28.247171883662602 -7.085134939313703 3.5690929384523704 26.419136499817633 -5.782747821786748 3.8715744708468223 25.947246690844896 -4.97732666089351 4.30116389546635 25.876825854628926 -4.447997848520218 4.54433869995998 25.748517388570917 -7.347941178211664 3.969395159405019 25.65547288490615 -5.6655811754564755 4.393885192167881 25.255999246830612 -5.755362798849042 5.093881592404425 25.9125268089642 -6.173361134328413 5.356494735692542 26.374627855131738 -7.505414053437609 4.557068042958171 25.136666205468874 -6.050351655162031 5.023117523466049 24.886544779248464 -6.294953153664872 5.61829225510355 25.69145306685502 -6.835324964792121 5.767908392298452 26.28448398215668 -7.524729767327453 5.128165380613147 24.75832175360581 -6.274520915074031 5.430356612584473 24.359667330118224 -6.354577892280369 5.829165818536855 24.96821627174655 -6.75783889148381 5.943573281667223 25.454302254543453 
-8.544018765904228 5.7316322153863615 27.059784047415125 -7.582027750514094 5.193299771867242 27.520031615592583 -6.68356472150085 4.569600211331253 27.913565643412493 -5.772639207312763 4.454617982045195 28.104835956093694 -4.853854380701072 4.455048429768327 28.195718061482328 -7.0853447147001205 3.5279640865935384 26.312564800000917 -5.7949877345634055 3.8861747634785293 25.912046033831288 -4.974865495742285 4.278005748414413 25.869322729067772 -4.457966628125624 4.5369262957487 25.776139904753414 -7.336237779623102 3.9545051563108626 25.553474014204554 -5.627688853929552 4.38963275454335 25.16677246481873 -5.704559733727985 5.060844746806826 25.824133451071617 -6.142362806402284 5.344313125231604 26.337260617953884 -7.4874130503432825 4.560116798421348 25.055458918662072 -6.000725370495222 5.012493868842883 24.787551340002558 -6.226323320943975 5.57794973227272 25.57447885614097 -6.788862116657765 5.751182855529176 26.186054136698683 -7.5146329310913975 5.161736702627592 24.708121841370428 -6.233801024632072 5.428213136118017 24.30134984105411 -6.30058303347395 5.813925054093929 24.896774702122194 -6.716575392289129 5.948722027734394 25.445839016941253 
